KitchenQual_TA,BsmtQual_TA,GarageFinish_Unf,GarageType_Detchd,Foundation_CBlock,HeatingQC_TA,Exterior2nd_VinylSd,2ndFlrSF,WoodDeckSF,HalfBath,BsmtExposure_Gd,KitchenQual_Gd,OpenPorchSF,GarageType_Attchd,LotFrontage,FireplaceQu_Gd,SaleCondition_Partial,Neighborhood_NridgHt,BsmtFinSF1,BsmtFinType1_GLQ,ExterQual_Gd,Fireplaces,MasVnrArea,TotRmsAbvGrd,FullBath,TotalBsmtSF,OverallQual
0,0,0,0,0,0,0,854,0,1,0,0,61,0,65.0,0,0,0,706,0,0,0,196.0,8,2,856,7
0,0,0,0,0,0,0,0,298,0,0,0,0,0,80.0,0,0,0,978,0,0,1,0.0,6,2,1262,6
0,0,0,0,0,0,0,866,0,1,0,0,42,0,68.0,0,0,0,486,0,0,1,162.0,6,2,920,7
0,0,0,0,0,0,0,756,0,0,0,0,35,0,60.0,0,0,0,216,0,0,1,0.0,7,1,756,7
0,0,0,0,0,0,0,1053,192,1,0,0,84,0,84.0,0,0,0,655,0,0,1,350.0,9,2,1145,8
0,0,0,0,0,0,0,566,40,1,0,0,30,0,85.0,0,0,0,732,0,0,0,0.0,5,1,796,5
0,0,0,0,0,0,0,0,255,0,0,0,57,0,75.0,0,0,0,1369,0,0,1,186.0,7,2,1686,8
0,0,0,0,0,0,0,983,235,1,0,0,204,0,69.0,0,0,0,859,0,0,2,240.0,7,2,1107,7
0,0,0,0,0,0,0,752,90,0,0,0,0,0,51.0,0,0,0,0,0,0,2,0.0,8,2,952,7
0,0,0,0,0,0,0,0,0,0,0,0,4,0,50.0,0,0,0,851,0,0,2,0.0,5,1,991,5
0,0,0,0,0,0,0,0,0,0,0,0,0,0,70.0,0,0,0,906,0,0,0,0.0,5,1,1040,5
0,0,0,0,0,0,0,1142,147,0,0,0,21,0,85.0,0,0,0,998,0,0,2,286.0,11,3,1175,9
0,0,0,0,0,0,0,0,140,0,0,0,0,0,69.0,0,0,0,737,0,0,0,0.0,4,1,912,5
0,0,0,0,0,0,0,0,160,0,0,0,33,0,91.0,0,0,0,0,0,0,1,306.0,7,2,1494,7
0,0,0,0,0,0,0,0,0,1,0,0,213,0,69.0,0,0,0,733,0,0,1,212.0,5,1,1253,6
0,0,0,0,0,0,0,0,48,0,0,0,112,0,51.0,0,0,0,0,0,0,0,0.0,5,1,832,7
0,0,0,0,0,0,0,0,0,0,0,0,0,0,69.0,0,0,0,578,0,0,1,180.0,5,1,1004,6
0,0,0,0,0,0,0,0,0,0,0,0,0,0,72.0,0,0,0,0,0,0,0,0.0,6,2,0,4
0,0,0,0,0,0,0,0,0,1,0,0,102,0,66.0,0,0,0,646,0,0,0,0.0,6,1,1114,5
0,0,0,0,0,0,0,0,0,0,0,0,0,0,70.0,0,0,0,504,0,0,0,0.0,6,1,1029,5
0,0,0,0,0,0,0,1218,240,1,0,0,154,0,101.0,0,0,0,0,0,0,1,380.0,9,3,1158,8
0,0,0,0,0,0,0,0,0,0,0,0,0,0,57.0,0,0,0,0,0,0,1,0.0,6,1,637,7
0,0,0,0,0,0,0,0,171,0,0,0,159,0,75.0,0,0,0,0,0,0,1,281.0,7,2,1777,8
0,0,0,0,0,0,0,0,100,0,0,0,110,0,44.0,0,0,0,840,0,0,1,0.0,6,1,1040,5
0,0,0,0,0,0,0,0,406,0,0,0,90,0,69.0,0,0,0,188,0,0,1,0.0,6,1,1060,5
0,0,0,0,0,0,0,0,222,0,0,0,32,0,60.0,0,0,0,234,0,0,0,0.0,5,1,900,5
0,0,0,0,0,0,0,0,0,0,0,0,50,0,98.0,0,0,0,1218,0,0,1,200.0,7,2,1704,8
0,0,0,0,0,0,0,0,288,0,0,0,258,0,47.0,0,0,0,1277,0,0,2,0.0,6,1,1484,5
0,0,0,0,0,0,0,0,49,0,0,0,0,0,60.0,0,0,0,0,0,0,0,0.0,4,1,520,4
0,0,0,0,0,0,0,668,0,0,0,0,54,0,50.0,0,0,0,0,0,0,0,0.0,6,1,649,4
0,0,0,0,0,0,0,0,0,1,0,0,65,0,69.0,0,0,0,0,0,0,0,0.0,6,1,1228,5
0,0,0,0,0,0,0,0,0,0,0,0,30,0,85.0,0,0,0,0,0,0,0,0.0,7,2,1234,8
0,0,0,0,0,0,0,0,0,1,0,0,38,0,70.0,0,0,0,1018,0,0,1,0.0,6,1,1398,5
0,0,0,0,0,0,0,0,203,0,0,0,47,0,60.0,0,0,0,1153,0,0,1,246.0,6,2,1561,9
0,0,0,0,0,0,0,0,0,0,0,0,0,0,74.0,0,0,0,1213,0,0,1,650.0,5,1,1297,5
0,0,0,0,0,0,0,0,0,0,0,0,52,0,68.0,0,0,0,731,0,0,0,0.0,5,1,1057,5
0,0,0,0,0,0,0,0,0,0,0,0,0,0,65.0,0,0,0,0,0,0,0,0.0,6,2,0,4
0,0,0,0,0,0,0,0,0,0,0,0,138,0,84.0,0,0,0,643,0,0,1,101.0,6,2,1088,6
0,0,0,0,0,0,0,0,240,0,0,0,0,0,69.0,0,0,0,747,0,0,0,0.0,5,1,840,5
0,0,0,0,0,0,0,0,145,0,0,0,0,0,69.0,0,0,0,280,0,0,0,0.0,5,1,938,5
0,0,0,0,0,0,0,0,0,0,0,0,0,0,70.0,0,0,0,179,0,0,0,0.0,6,1,1150,5
0,0,0,0,0,0,0,0,196,0,0,0,82,0,61.0,0,0,0,456,0,0,1,412.0,6,2,1752,9
0,0,0,0,0,0,0,631,168,1,0,0,43,0,48.0,0,0,0,1351,0,0,1,0.0,6,1,1434,7
0,0,0,0,0,0,0,0,0,0,0,0,146,0,84.0,0,0,0,24,0,0,0,0.0,7,2,1656,8
0,0,0,0,0,0,0,716,0,0,0,0,0,0,33.0,0,0,0,0,0,0,0,0.0,8,2,736,4
0,0,0,0,0,0,0,0,0,0,0,0,0,0,66.0,0,0,0,763,0,0,0,0.0,6,1,955,5
0,0,0,0,0,0,0,676,0,0,0,0,75,0,69.0,0,0,0,182,0,0,0,0.0,6,2,794,6
0,0,0,0,0,0,0,0,112,0,0,0,0,0,52.0,0,0,0,0,0,0,1,0.0,6,1,816,6
0,0,0,0,0,0,0,0,857,1,0,0,72,0,68.0,0,0,0,1810,0,0,1,0.0,5,0,1842,9
0,0,0,0,0,0,0,0,0,0,0,0,50,0,60.0,0,0,0,384,0,0,1,0.0,6,1,384,5
0,0,0,0,0,0,0,0,0,0,0,0,0,0,100.0,0,0,0,490,0,0,1,272.0,7,2,1425,6
0,0,0,0,0,0,0,860,0,1,0,0,70,0,89.0,0,0,0,0,0,0,0,0.0,7,2,860,7
0,0,0,0,0,0,0,1519,192,1,0,0,0,0,66.0,0,0,0,0,0,0,1,1031.0,10,3,1410,10
0,0,0,0,0,0,0,0,196,0,0,0,0,0,60.0,0,0,0,632,0,0,0,0.0,4,1,780,5
0,0,0,0,0,0,0,0,0,1,0,0,50,0,63.0,0,0,0,941,0,0,0,0.0,5,1,1158,6
0,0,0,0,0,0,0,530,0,0,0,0,0,0,60.0,0,0,0,0,0,0,0,0.0,6,1,530,5
0,0,0,0,0,0,0,0,120,0,0,0,49,0,44.0,0,0,0,24,0,0,1,178.0,6,2,1370,8
0,0,0,0,0,0,0,808,12,0,0,0,11,0,50.0,0,0,0,0,0,0,0,0.0,9,2,576,7
0,0,0,0,0,0,0,977,576,1,0,0,36,0,69.0,0,0,0,739,0,0,0,573.0,8,2,1057,7
0,0,0,0,0,0,0,1330,192,1,0,0,151,0,76.0,0,0,0,0,0,0,1,344.0,9,2,1143,8
0,0,0,0,0,0,0,0,301,0,0,0,0,0,69.0,0,0,0,912,0,0,1,287.0,7,2,1947,7
0,0,0,0,0,0,0,0,144,0,0,0,29,0,72.0,0,0,0,1013,0,0,0,167.0,7,2,1453,7
0,0,0,0,0,0,0,0,0,0,0,0,0,0,47.0,0,0,0,0,0,0,0,0.0,4,1,747,4
0,0,0,0,0,0,0,983,0,0,0,0,21,0,81.0,0,0,0,603,0,0,1,0.0,7,2,1304,7
0,0,0,0,0,0,0,0,300,0,0,0,0,0,95.0,0,0,0,1880,0,0,2,1115.0,8,2,2223,7
0,0,0,0,0,0,0,0,0,0,0,0,0,0,69.0,0,0,0,565,0,0,0,0.0,4,1,845,4
0,0,0,0,0,0,0,833,0,1,0,0,94,0,74.0,0,0,0,0,0,0,1,40.0,7,2,832,7
0,0,0,0,0,0,0,0,0,0,0,0,0,0,85.0,0,0,0,320,0,0,0,104.0,6,1,1086,5
0,0,0,0,0,0,0,765,0,0,0,0,0,0,60.0,0,0,0,0,0,0,0,0.0,8,2,840,3
0,0,0,0,0,0,0,0,0,0,0,0,0,0,69.0,0,0,0,228,0,0,0,0.0,4,1,952,4
0,0,0,0,0,0,0,213,0,0,0,0,0,0,50.0,0,0,0,336,0,0,0,0.0,6,1,672,5
0,0,0,0,0,0,0,0,0,0,0,0,0,0,72.0,0,0,0,0,0,0,0,0.0,8,2,1768,4
0,0,0,0,0,0,0,548,74,1,0,0,0,0,60.0,0,0,0,0,0,0,0,0.0,5,1,440,5
0,0,0,0,0,0,0,960,0,1,0,0,72,0,100.0,0,0,0,448,0,0,1,576.0,8,2,896,6
0,0,0,0,0,0,0,0,0,0,0,0,199,0,32.0,0,0,0,1201,0,0,0,443.0,5,2,1237,6
0,0,0,0,0,0,0,0,144,0,0,0,99,0,78.0,0,0,0,33,0,0,1,468.0,6,2,1563,8
0,0,0,0,0,0,0,0,74,1,0,0,0,0,80.0,0,0,0,0,0,0,0,66.0,6,1,1065,5
0,0,0,0,0,0,0,670,120,1,0,0,72,0,69.0,0,0,0,0,0,0,1,22.0,7,2,384,7
0,0,0,0,0,0,0,612,0,1,0,0,234,0,40.0,0,0,0,0,0,0,0,76.0,4,2,612,6
0,0,0,0,0,0,0,0,0,0,0,0,0,0,105.0,0,0,0,0,0,0,0,0.0,6,1,1013,3
0,0,0,0,0,0,0,0,0,0,0,0,0,0,60.0,0,0,0,588,0,0,0,0.0,5,1,990,4
0,0,0,0,0,0,0,0,0,0,0,0,29,0,60.0,0,0,0,0,0,0,0,0.0,4,1,0,4
0,0,0,0,0,0,0,0,0,0,0,0,0,0,85.0,0,0,0,600,0,0,0,203.0,6,1,1235,5
0,0,0,0,0,0,0,0,0,0,0,0,0,0,80.0,0,0,0,713,0,0,0,0.0,5,1,876,5
0,0,0,0,0,0,0,1031,0,0,0,0,0,0,60.0,0,0,0,1046,0,0,1,0.0,9,2,1214,6
0,0,0,0,0,0,0,881,0,1,0,0,162,0,69.0,0,0,0,648,0,0,0,0.0,7,2,824,6
0,0,0,0,0,0,0,790,232,1,0,0,63,0,69.0,0,0,0,310,0,0,1,68.0,6,2,680,6
0,0,0,0,0,0,0,0,158,0,0,0,29,0,78.0,0,0,0,1162,0,0,0,183.0,6,2,1588,7
0,0,0,0,0,0,0,0,120,0,0,0,0,0,73.0,0,0,0,520,0,0,0,48.0,6,1,960,4
0,0,0,0,0,0,0,0,0,0,0,0,0,0,85.0,0,0,0,108,0,0,0,0.0,5,1,458,5
0,0,0,0,0,0,0,0,352,1,0,0,0,0,77.0,0,0,0,569,0,0,0,0.0,6,1,950,4
0,0,0,0,0,0,0,0,168,0,0,0,68,0,69.0,0,0,0,1200,0,0,2,28.0,6,2,1610,6
0,0,0,0,0,0,0,755,192,1,0,0,46,0,77.0,0,0,0,0,0,0,1,336.0,7,2,741,6
0,0,0,0,0,0,0,0,0,0,0,0,0,0,64.0,0,0,0,0,0,0,0,0.0,8,2,0,5
0,0,0,0,0,0,0,0,0,0,0,0,36,0,94.0,0,0,0,0,0,0,0,0.0,6,2,1226,7
0,0,0,0,0,0,0,592,0,1,0,0,0,0,69.0,0,0,0,224,0,0,2,600.0,7,1,1040,7
0,0,0,0,0,0,0,939,140,1,0,0,45,0,75.0,0,0,0,0,0,0,1,768.0,9,2,1053,8
0,0,0,0,0,0,0,0,0,0,0,0,0,0,60.0,0,0,0,0,0,0,0,0.0,6,1,641,4
0,0,0,0,0,0,0,0,0,0,0,0,0,0,50.0,0,0,0,104,0,0,0,0.0,5,1,789,5
0,0,0,0,0,0,0,520,0,0,0,0,0,0,85.0,0,0,0,0,0,0,0,0.0,7,2,793,5
0,0,0,0,0,0,0,0,0,0,0,0,122,0,105.0,0,0,0,705,0,0,1,480.0,7,2,1844,6
0,0,0,0,0,0,0,639,182,0,0,0,0,0,75.0,0,0,0,444,0,0,0,0.0,7,2,994,6
0,0,0,0,0,0,0,656,180,1,0,0,0,0,69.0,0,0,0,250,0,0,1,0.0,7,2,384,7
0,0,0,0,0,0,0,1414,120,1,0,0,184,0,77.0,0,0,0,984,0,0,1,220.0,10,2,1264,7
0,0,0,0,0,0,0,0,166,0,0,0,120,0,69.0,0,0,0,35,0,0,2,184.0,7,2,1809,6
0,0,0,0,0,0,0,884,224,1,0,0,0,0,61.0,0,0,0,774,0,0,1,0.0,9,2,1028,6
0,0,0,0,0,0,0,729,0,1,0,0,32,0,34.0,0,0,0,419,0,0,1,1129.0,5,2,729,6
0,0,0,0,0,0,0,0,0,0,0,0,20,0,69.0,0,0,0,170,0,0,1,116.0,6,1,1092,5
0,0,0,0,0,0,0,0,80,1,0,0,64,0,74.0,0,0,0,0,0,0,0,0.0,5,1,1125,5
0,0,0,0,0,0,0,1523,367,0,0,0,0,0,90.0,0,0,0,1470,0,0,2,0.0,11,3,1673,7
0,0,0,0,0,0,0,728,0,1,0,0,24,0,65.0,0,0,0,0,0,0,1,0.0,8,2,728,6
0,0,0,0,0,0,0,0,0,0,0,0,130,0,69.0,0,0,0,938,0,0,2,0.0,4,1,938,6
0,0,0,0,0,0,0,351,0,0,0,0,0,0,50.0,0,0,0,0,0,0,0,0.0,4,1,732,4
0,0,0,0,0,0,0,0,0,0,0,0,0,0,75.0,0,0,0,570,0,0,0,135.0,5,1,1080,6
0,0,0,0,0,0,0,0,0,0,0,0,63,0,55.0,0,0,0,300,0,0,0,0.0,5,2,1199,6
0,0,0,0,0,0,0,0,192,0,0,0,0,0,48.0,0,0,0,0,0,0,1,0.0,7,2,1362,6
0,0,0,0,0,0,0,0,53,0,0,0,0,0,60.0,0,0,0,490,0,0,0,0.0,5,1,520,6
0,0,0,0,0,0,0,0,0,0,0,0,205,0,69.0,0,0,0,120,0,0,1,0.0,5,2,1078,6
0,0,0,0,0,0,0,0,0,0,0,0,0,0,55.0,0,0,0,116,0,0,1,0.0,5,1,672,5
0,0,0,0,0,0,0,688,188,1,0,0,108,0,69.0,0,0,0,512,0,0,1,266.0,6,1,660,6
0,0,0,0,0,0,0,0,0,1,0,0,80,0,69.0,0,0,0,567,0,0,0,85.0,6,1,1008,5
0,0,0,0,0,0,0,941,105,1,0,0,66,0,88.0,0,0,0,445,0,0,2,309.0,8,2,924,7
0,0,0,0,0,0,0,1032,24,1,0,0,48,0,69.0,0,0,0,695,0,0,1,40.0,7,2,992,6
0,0,0,0,0,0,0,0,0,0,0,0,0,0,75.0,0,0,0,405,0,0,0,0.0,7,1,1063,5
0,0,0,0,0,0,0,0,192,0,0,0,25,0,69.0,0,0,0,1005,0,0,0,136.0,6,2,1267,8
0,0,0,0,0,0,0,0,0,1,0,0,96,0,78.0,0,0,0,570,0,0,1,0.0,7,2,1461,5
0,0,0,0,0,0,0,0,98,0,0,0,0,0,80.0,0,0,0,0,0,0,1,288.0,7,2,1304,7
0,0,0,0,0,0,0,0,0,0,0,0,111,0,69.0,0,0,0,695,0,0,1,196.0,5,2,1214,5
0,0,0,0,0,0,0,0,0,0,0,0,0,0,82.0,0,0,0,0,0,0,0,70.0,9,3,1907,7
0,0,0,0,0,0,0,848,224,1,0,0,106,0,73.0,0,0,0,668,0,0,2,320.0,7,2,1004,8
0,0,0,0,0,0,0,836,276,1,0,0,99,0,65.0,0,0,0,821,0,0,0,0.0,7,2,928,6
0,0,0,0,0,0,0,0,0,0,0,0,0,0,70.0,0,0,0,432,0,0,1,0.0,5,1,864,4
0,0,0,0,0,0,0,0,160,0,0,0,24,0,78.0,0,0,0,1300,0,0,0,0.0,7,2,1734,7
0,0,0,0,0,0,0,475,0,0,0,0,0,0,71.0,0,0,0,507,0,0,0,0.0,6,2,910,5
0,0,0,0,0,0,0,0,144,0,0,0,29,0,78.0,0,0,0,679,0,0,0,183.0,6,2,1490,7
0,0,0,0,0,0,0,0,0,0,0,0,0,0,70.0,0,0,0,1332,0,0,0,336.0,10,2,1728,5
0,0,0,0,0,0,0,0,48,0,0,0,0,0,51.0,0,0,0,209,0,0,0,0.0,5,1,715,5
0,0,0,0,0,0,0,1151,144,1,0,0,48,0,69.0,0,0,0,0,0,0,1,180.0,8,2,884,7
0,0,0,0,0,0,0,0,0,0,0,0,0,0,63.0,0,0,0,680,0,0,0,120.0,6,1,1080,7
0,0,0,0,0,0,0,448,200,0,0,0,114,0,69.0,0,0,0,0,0,0,0,0.0,7,1,896,5
0,0,0,0,0,0,0,0,0,0,0,0,102,0,107.0,0,0,0,1400,0,0,1,436.0,6,2,1710,8
0,0,0,0,0,0,0,896,0,1,0,0,66,0,69.0,0,0,0,416,0,0,1,252.0,8,2,825,6
0,0,0,0,0,0,0,0,409,0,0,0,0,0,69.0,0,0,0,429,0,0,1,0.0,4,1,1602,6
0,0,0,0,0,0,0,0,0,0,0,0,0,0,84.0,0,0,0,0,0,0,0,0.0,7,1,1200,6
0,0,0,0,0,0,0,524,0,0,0,0,8,0,60.0,0,0,0,0,0,0,0,0.0,5,1,572,6
0,0,0,0,0,0,0,0,0,0,0,0,0,0,60.0,0,0,0,0,0,0,0,0.0,5,1,0,5
0,0,0,0,0,0,0,1194,0,1,0,0,75,0,92.0,0,0,0,0,0,0,1,84.0,8,2,774,8
0,0,0,0,0,0,0,956,0,1,0,0,136,0,100.0,0,0,0,222,0,0,1,0.0,8,2,991,7
0,0,0,0,0,0,0,0,0,0,0,0,0,0,69.0,0,0,0,660,0,0,0,0.0,6,2,1232,6
0,0,0,0,0,0,0,0,0,0,0,0,70,0,95.0,0,0,0,1201,0,0,1,226.0,7,2,1541,7
0,0,0,0,0,0,0,0,0,0,0,0,0,0,55.0,0,0,0,0,0,0,0,0.0,4,1,882,4
0,0,0,0,0,0,0,467,0,0,0,0,0,0,40.0,0,0,0,370,0,0,0,0.0,5,2,1149,6
0,0,0,0,0,0,0,547,140,0,0,0,0,0,62.0,0,0,0,351,0,0,0,0.0,6,2,644,5
0,0,0,0,0,0,0,0,476,0,0,0,0,0,69.0,0,0,0,379,0,0,3,0.0,7,1,1617,5
0,0,0,0,0,0,0,551,178,1,0,0,120,0,86.0,0,0,0,1288,0,0,1,300.0,8,1,1582,8
0,0,0,0,0,0,0,880,100,1,0,0,48,0,62.0,0,0,0,0,0,0,1,0.0,7,2,840,7
0,0,0,0,0,0,0,0,574,1,0,0,64,0,69.0,0,0,0,0,0,0,1,653.0,6,2,1686,8
0,0,0,0,0,0,0,0,237,1,0,0,0,0,69.0,0,0,0,360,0,0,0,0.0,7,1,720,5
0,0,0,0,0,0,0,703,441,0,0,0,35,0,44.0,0,0,0,495,0,0,1,0.0,5,2,1064,7
0,0,0,0,0,0,0,0,0,1,0,0,20,0,80.0,0,0,0,288,0,0,1,491.0,6,1,1362,6
0,0,0,0,0,0,0,0,192,0,0,0,0,0,47.0,0,0,0,1398,0,0,1,132.0,7,2,1606,6
0,0,0,0,0,0,0,0,0,0,0,0,29,0,84.0,0,0,0,477,0,0,1,0.0,7,2,1202,6
0,0,0,0,0,0,0,896,0,1,0,0,228,0,97.0,0,0,0,831,0,0,1,268.0,8,2,1151,6
0,0,0,0,0,0,0,668,0,0,0,0,0,0,69.0,0,0,0,57,0,0,1,0.0,8,2,1052,5
0,0,0,0,0,0,0,0,0,0,0,0,60,0,63.0,0,0,0,1904,0,0,1,748.0,9,2,2216,9
0,0,0,0,0,0,0,0,0,0,0,0,0,0,60.0,0,0,0,0,0,0,0,0.0,5,1,968,5
0,0,0,0,0,0,0,756,0,1,0,0,0,0,69.0,0,0,0,436,0,0,1,456.0,5,2,756,6
0,0,0,0,0,0,0,901,0,1,0,0,0,0,54.0,0,0,0,352,0,0,1,0.0,9,1,793,7
0,0,0,0,0,0,0,0,116,0,0,0,0,0,60.0,0,0,0,0,0,0,1,98.0,7,1,0,5
0,0,0,0,0,0,0,720,280,1,0,0,238,0,63.0,0,0,0,0,0,0,0,0.0,6,2,1362,7
0,0,0,0,0,0,0,316,104,0,0,0,0,0,92.0,0,0,0,0,0,0,0,0.0,5,1,504,5
0,0,0,0,0,0,0,1518,0,1,0,0,260,0,90.0,0,0,0,0,0,0,2,0.0,12,2,1107,10
0,0,0,0,0,0,0,0,168,0,0,0,27,0,69.0,0,0,0,611,0,0,0,0.0,6,2,1188,7
0,0,0,0,0,0,0,704,0,1,0,0,0,0,60.0,0,0,0,0,0,0,0,0.0,8,2,660,5
0,0,0,0,0,0,0,0,120,2,0,0,0,0,64.0,0,0,0,1086,0,0,2,275.0,6,0,1086,5
0,0,0,0,0,0,0,0,0,1,0,0,120,0,41.0,0,0,0,1153,0,0,1,0.0,5,1,1593,8
0,0,0,0,0,0,0,1178,0,1,0,0,74,0,70.0,0,0,0,297,0,0,2,0.0,10,2,853,8
0,0,0,0,0,0,0,754,0,1,0,0,32,0,69.0,0,0,0,626,0,0,0,138.0,7,1,725,7
0,0,0,0,0,0,0,0,0,0,0,0,35,0,68.0,0,0,0,560,0,0,0,0.0,6,2,1431,7
0,0,0,0,0,0,0,0,0,0,0,0,0,0,60.0,0,0,0,390,0,0,0,0.0,5,1,864,5
0,0,0,0,0,0,0,0,171,0,0,0,138,0,79.0,0,0,0,1126,0,0,1,205.0,8,2,1726,7
0,0,0,0,0,0,0,929,0,0,0,0,198,0,92.0,0,0,0,0,0,0,0,0.0,8,1,755,6
0,0,0,0,0,0,0,0,0,0,0,0,26,0,76.0,0,0,0,1088,0,0,1,262.0,7,2,1713,8
0,0,0,0,0,0,0,0,132,0,0,0,64,0,80.0,0,0,0,0,0,0,0,0.0,5,2,1121,4
0,0,0,0,0,0,0,0,238,0,0,0,83,0,75.0,0,0,0,641,0,0,2,0.0,6,2,1196,6
0,0,0,0,0,0,0,445,0,0,0,0,0,0,50.0,0,0,0,617,0,0,0,0.0,6,2,617,6
0,0,0,0,0,0,0,0,149,0,0,0,0,0,69.0,0,0,0,662,0,0,1,205.0,3,1,848,6
0,0,0,0,0,0,0,564,0,1,0,0,35,0,50.0,0,0,0,312,0,0,0,0.0,5,1,720,5
0,0,0,0,0,0,0,0,0,0,0,0,34,0,99.0,0,0,0,0,0,0,0,0.0,5,2,1424,7
0,0,0,0,0,0,0,0,0,1,0,0,30,0,40.0,0,0,0,0,0,0,1,0.0,8,1,1140,5
0,0,0,0,0,0,0,0,355,0,0,0,0,0,69.0,0,0,0,419,0,0,1,0.0,6,1,1100,4
0,0,0,0,0,0,0,882,60,1,0,0,55,0,69.0,0,0,0,1065,0,0,1,128.0,7,2,1157,7
0,0,0,0,0,0,0,0,0,0,0,0,0,0,75.0,0,0,0,787,0,0,0,260.0,6,1,1092,6
0,0,0,0,0,0,0,0,0,0,0,0,0,0,67.0,0,0,0,468,0,0,0,0.0,5,1,864,5
0,0,0,0,0,0,0,0,100,0,0,0,22,0,83.0,0,0,0,36,0,0,0,0.0,6,2,1212,6
0,0,0,0,0,0,0,920,168,1,0,0,108,0,72.0,0,0,0,822,0,0,1,0.0,7,2,900,7
0,0,0,0,0,0,0,0,224,0,0,0,0,0,43.0,0,0,0,716,0,0,0,0.0,5,1,990,5
0,0,0,0,0,0,0,703,0,1,0,0,36,0,69.0,0,0,0,378,0,0,0,153.0,6,1,689,6
0,0,0,0,0,0,0,0,0,0,0,0,0,0,72.0,0,0,0,360,0,0,1,64.0,6,1,1070,5
0,0,0,0,0,0,0,0,139,0,0,0,98,0,65.0,0,0,0,946,0,0,0,266.0,8,2,1436,7
0,0,0,0,0,0,0,518,0,0,0,0,172,0,57.0,0,0,0,0,0,0,0,0.0,8,1,686,4
0,0,0,0,0,0,0,817,0,1,0,0,119,0,69.0,0,0,0,341,0,0,2,312.0,8,1,798,7
0,0,0,0,0,0,0,0,108,0,0,0,0,0,43.0,0,0,0,16,0,0,0,16.0,5,2,1248,7
0,0,0,0,0,0,0,0,351,0,0,0,33,0,73.0,0,0,0,0,0,0,0,0.0,5,2,1498,7
0,0,0,0,0,0,0,1257,120,1,0,0,46,0,69.0,0,0,0,0,0,0,1,0.0,8,2,1010,6
0,0,0,0,0,0,0,741,209,1,0,0,208,0,85.0,0,0,0,550,0,0,1,0.0,6,2,713,6
0,0,0,0,0,0,0,0,216,0,0,0,0,0,70.0,0,0,0,524,0,0,0,0.0,4,1,864,4
0,0,0,0,0,0,0,0,248,0,0,0,105,0,103.0,0,0,0,56,0,0,1,922.0,8,2,2392,10
0,0,0,0,0,0,0,1306,224,1,0,0,114,0,82.0,0,0,0,565,0,0,1,290.0,9,2,1203,7
0,0,0,0,0,0,0,0,0,0,0,0,0,0,70.0,0,0,0,842,0,0,1,0.0,5,1,912,5
0,0,0,0,0,0,0,0,143,0,0,0,20,0,43.0,0,0,0,16,0,0,1,16.0,7,2,1373,7
0,0,0,0,0,0,0,0,0,0,0,0,0,0,73.0,0,0,0,0,0,0,0,220.0,6,1,1194,6
0,0,0,0,0,0,0,0,365,0,0,0,0,0,75.0,0,0,0,182,0,0,0,0.0,5,1,894,5
0,0,0,0,0,0,0,1100,288,1,0,0,48,0,69.0,0,0,0,625,0,0,2,0.0,8,2,860,6
0,0,0,0,0,0,0,0,132,0,0,0,105,0,65.0,0,0,0,24,0,0,0,98.0,6,2,1414,7
0,0,0,0,0,0,0,730,370,1,0,0,70,0,69.0,0,0,0,402,0,0,0,0.0,7,2,996,7
0,0,0,0,0,0,0,0,168,0,0,0,228,0,93.0,0,0,0,0,0,0,0,254.0,7,2,1694,8
0,0,0,0,0,0,0,689,0,1,0,0,140,0,52.0,0,0,0,94,0,0,1,0.0,7,1,735,6
0,0,0,0,0,0,0,0,144,0,0,0,168,0,75.0,0,0,0,1078,0,0,0,36.0,7,2,1566,8
0,0,0,0,0,0,0,0,58,0,0,0,42,0,40.0,0,0,0,329,0,0,0,0.0,4,1,686,5
0,0,0,0,0,0,0,551,0,0,0,0,0,0,63.0,0,0,0,0,0,0,0,0.0,6,1,540,5
0,0,0,0,0,0,0,591,0,1,0,0,28,0,75.0,0,0,0,0,0,0,1,0.0,6,1,626,6
0,0,0,0,0,0,0,888,0,1,0,0,130,0,69.0,0,0,0,695,0,0,2,0.0,8,2,948,7
0,0,0,0,0,0,0,0,197,0,0,0,39,0,80.0,0,0,0,929,0,0,1,102.0,6,2,1845,7
0,0,0,0,0,0,0,1020,0,0,0,0,60,0,69.0,0,0,0,0,0,0,0,0.0,9,2,1020,6
0,0,0,0,0,0,0,0,0,0,0,0,30,0,75.0,0,0,0,0,0,0,1,0.0,5,1,1367,6
0,0,0,0,0,0,0,828,144,1,0,0,68,0,72.0,0,0,0,0,0,0,0,101.0,8,2,840,7
0,0,0,0,0,0,0,700,0,0,0,0,98,0,69.0,0,0,0,697,0,0,2,472.0,7,2,1444,6
0,0,0,0,0,0,0,0,263,0,0,0,0,0,55.0,0,0,0,0,0,0,0,0.0,6,1,728,3
0,0,0,0,0,0,0,0,123,0,0,0,0,0,44.0,0,0,0,1573,0,0,1,481.0,5,2,1573,8
0,0,0,0,0,0,0,842,138,1,0,0,45,0,65.0,0,0,0,0,0,0,0,0.0,6,2,798,6
0,0,0,0,0,0,0,0,333,0,0,0,0,0,85.0,0,0,0,270,0,0,0,108.0,7,2,1302,6
0,0,0,0,0,0,0,0,250,0,0,0,0,0,70.0,0,0,0,922,0,0,0,0.0,5,1,1314,5
0,0,0,0,0,0,0,1286,192,1,0,0,0,0,66.0,0,0,0,0,0,0,1,302.0,8,2,975,7
0,0,0,0,0,0,0,864,216,1,0,0,56,0,64.0,0,0,0,503,0,0,0,0.0,7,2,864,6
0,0,0,0,0,0,0,0,123,1,0,0,110,0,68.0,0,0,0,1334,0,0,1,180.0,8,2,1604,7
0,0,0,0,0,0,0,829,0,1,0,0,96,0,80.0,0,0,0,361,0,0,1,172.0,7,2,963,7
0,0,0,0,0,0,0,0,0,0,0,0,45,0,70.0,0,0,0,0,0,0,0,0.0,4,1,0,5
0,0,0,0,0,0,0,1092,0,1,0,0,148,0,69.0,0,0,0,0,0,0,1,270.0,10,2,1482,8
0,0,0,0,0,0,0,0,292,0,0,0,12,0,88.0,0,0,0,506,0,0,1,46.0,6,1,506,6
0,0,0,0,0,0,0,0,0,0,0,0,0,0,50.0,0,0,0,234,0,0,0,0.0,6,1,926,5
0,0,0,0,0,0,0,0,276,0,0,0,0,0,78.0,0,0,0,588,0,0,1,210.0,7,2,1422,6
0,0,0,0,0,0,0,709,95,1,0,0,75,0,70.0,0,0,0,714,0,0,1,0.0,8,2,802,6
0,0,0,0,0,0,0,720,262,1,0,0,24,0,60.0,0,0,0,378,0,0,1,0.0,8,2,720,5
0,0,0,0,0,0,0,0,0,0,0,0,25,0,71.0,0,0,0,403,0,0,1,0.0,4,1,740,5
0,0,0,0,0,0,0,0,370,1,0,0,30,0,69.0,0,0,0,751,0,0,1,174.0,6,1,1143,6
0,0,0,0,0,0,0,844,192,1,0,0,51,0,84.0,0,0,0,0,0,0,1,0.0,8,2,1095,8
0,0,0,0,0,0,0,0,81,0,0,0,0,0,73.0,0,0,0,226,0,0,2,0.0,5,1,1385,7
0,0,0,0,0,0,0,1106,132,1,0,0,57,0,92.0,0,0,0,524,0,0,1,348.0,9,2,1152,8
0,0,0,0,0,0,0,0,289,0,0,0,0,0,80.0,0,0,0,620,0,0,1,183.0,6,2,1240,6
0,0,0,0,0,0,0,0,168,0,0,0,0,0,76.0,0,0,0,546,0,0,0,0.0,5,1,816,5
0,0,0,0,0,0,0,596,74,1,0,0,0,0,55.0,0,0,0,0,0,0,0,0.0,5,2,952,7
0,0,0,0,0,0,0,0,124,1,0,0,98,0,107.0,0,0,0,0,0,0,1,315.0,8,2,2121,9
0,0,0,0,0,0,0,866,288,1,0,0,117,0,83.0,0,0,0,392,0,0,1,299.0,8,2,1160,7
0,0,0,0,0,0,0,807,0,1,0,0,84,0,82.0,0,0,0,421,0,0,1,340.0,7,2,807,7
0,0,0,0,0,0,0,0,0,0,0,0,120,0,60.0,0,0,0,905,0,0,0,68.0,5,2,1262,6
0,0,0,0,0,0,0,0,172,0,0,0,62,0,34.0,0,0,0,904,0,0,1,166.0,6,2,1314,7
0,0,0,0,0,0,0,0,210,0,0,0,150,0,74.0,0,0,0,0,0,0,1,72.0,6,2,1468,8
0,0,0,0,0,0,0,0,0,0,0,0,0,0,50.0,0,0,0,430,0,0,0,0.0,5,2,1575,6
0,0,0,0,0,0,0,625,0,1,0,0,54,0,35.0,0,0,0,0,0,0,0,0.0,5,2,625,7
0,0,0,0,0,0,0,649,0,1,0,0,0,0,77.0,0,0,0,600,0,0,1,0.0,7,1,912,6
0,0,0,0,0,0,0,0,0,0,0,0,0,0,69.0,0,0,0,614,0,0,0,0.0,5,1,858,4
0,0,0,0,0,0,0,0,0,0,0,0,0,0,69.0,0,0,0,450,0,0,0,31.0,5,1,882,5
0,0,0,0,0,0,0,698,0,0,0,0,0,0,60.0,0,0,0,0,0,0,0,0.0,7,1,698,6
0,0,0,0,0,0,0,780,0,0,0,0,184,0,55.0,0,0,0,210,0,0,0,0.0,9,2,780,5
0,0,0,0,0,0,0,568,0,1,0,0,0,0,60.0,0,0,0,292,0,0,1,0.0,8,1,768,5
0,0,0,0,0,0,0,795,0,1,0,0,250,0,69.0,0,0,0,795,0,0,1,34.0,9,2,795,7
0,0,0,0,0,0,0,0,110,0,0,0,0,0,80.0,0,0,0,1285,0,0,2,238.0,7,1,1416,6
0,0,0,0,0,0,0,0,120,0,0,0,0,0,37.0,0,0,0,819,0,0,0,0.0,6,1,1003,6
0,0,0,0,0,0,0,648,289,1,0,0,0,0,75.0,0,0,0,420,0,0,0,0.0,6,1,910,5
0,0,0,0,0,0,0,975,0,1,0,0,10,0,66.0,0,0,0,649,0,0,1,1600.0,7,2,975,7
0,0,0,0,0,0,0,702,224,2,0,0,0,0,90.0,0,0,0,384,0,0,1,365.0,7,1,702,6
0,0,0,0,0,0,0,0,0,0,0,0,36,0,80.0,0,0,0,0,0,0,1,0.0,6,1,1092,6
0,0,0,0,0,0,0,0,0,0,0,0,0,0,90.0,0,0,0,841,0,0,2,56.0,5,1,1165,5
0,0,0,0,0,0,0,1242,208,1,0,0,50,0,66.0,0,0,0,281,0,0,1,0.0,9,2,1028,8
0,0,0,0,0,0,0,0,256,0,0,0,0,0,70.0,0,0,0,894,0,0,0,0.0,5,1,894,5
0,0,0,0,0,0,0,1818,302,0,0,0,0,0,87.0,0,0,0,0,0,0,1,0.0,10,3,1470,7
0,0,0,0,0,0,0,0,168,0,0,0,0,0,80.0,0,0,0,1464,0,0,0,246.0,8,2,2000,8
0,0,0,0,0,0,0,371,0,0,0,0,144,0,69.0,0,0,0,0,0,0,0,0.0,6,1,319,6
0,0,0,0,0,0,0,0,158,0,0,0,0,0,69.0,0,0,0,262,0,0,0,0.0,4,1,861,4
0,0,0,0,0,0,0,0,208,0,0,0,175,0,90.0,0,0,0,1274,0,0,3,0.0,8,2,1896,9
0,0,0,0,0,0,0,804,190,1,0,0,63,0,69.0,0,0,0,518,0,0,1,112.0,6,2,697,6
0,0,0,0,0,0,0,0,0,0,0,0,0,0,50.0,0,0,0,680,0,0,1,0.0,5,1,972,6
0,0,0,0,0,0,0,325,0,0,0,0,0,0,65.0,0,0,0,507,0,0,1,0.0,5,1,793,5
0,0,0,0,0,0,0,809,0,1,0,0,0,0,60.0,0,0,0,16,0,0,1,0.0,6,1,728,7
0,0,0,0,0,0,0,716,100,1,0,0,51,0,71.0,0,0,0,425,0,0,1,0.0,6,2,716,7
0,0,0,0,0,0,0,1200,288,1,0,0,195,0,94.0,0,0,0,692,0,0,1,278.0,10,2,845,7
0,0,0,0,0,0,0,871,208,1,0,0,46,0,75.0,0,0,0,0,0,0,1,0.0,8,2,1088,8
0,0,0,0,0,0,0,1274,340,1,0,0,60,0,90.0,0,0,0,987,0,0,1,256.0,9,2,1347,7
0,0,0,0,0,0,0,0,233,0,0,0,48,0,69.0,0,0,0,1036,0,0,2,225.0,6,2,1372,7
0,0,0,0,0,0,0,1332,184,1,0,0,154,0,99.0,0,0,0,970,0,0,1,388.0,10,2,1136,8
0,0,0,0,0,0,0,1177,201,1,0,0,96,0,86.0,0,0,0,28,0,0,1,172.0,8,2,1502,7
0,0,0,0,0,0,0,0,142,0,0,0,98,0,49.0,0,0,0,256,0,0,0,0.0,6,1,1162,3
0,0,0,0,0,0,0,1080,240,1,0,0,0,0,96.0,0,0,0,0,0,0,1,300.0,11,2,710,7
0,0,0,0,0,0,0,0,0,0,0,0,0,0,50.0,0,0,0,116,0,0,0,0.0,5,1,720,5
0,0,0,0,0,0,0,0,122,1,0,0,30,0,32.0,0,0,0,1619,0,0,2,0.0,6,1,1719,8
0,0,0,0,0,0,0,0,0,1,0,0,45,0,80.0,0,0,0,565,0,0,0,175.0,7,1,1383,6
0,0,0,0,0,0,0,689,0,0,0,0,60,0,69.0,0,0,0,0,0,0,0,0.0,10,2,844,6
0,0,0,0,0,0,0,596,0,0,0,0,0,0,60.0,0,0,0,0,0,0,0,0.0,6,1,596,5
0,0,0,0,0,0,0,0,155,0,0,0,0,0,69.0,0,0,0,40,0,0,0,84.0,10,2,1728,5
0,0,0,0,0,0,0,0,0,0,0,0,0,0,70.0,0,0,0,846,0,0,0,0.0,6,1,1056,5
0,0,0,0,0,0,0,0,0,0,0,0,0,0,85.0,0,0,0,1124,0,0,1,296.0,7,2,3206,8
0,0,0,0,0,0,0,0,192,0,0,0,30,0,59.0,0,0,0,720,0,0,1,146.0,6,2,1358,7
0,0,0,0,0,0,0,695,100,1,0,0,38,0,59.0,0,0,0,828,0,0,2,0.0,7,2,943,6
0,0,0,0,0,0,0,167,670,0,0,0,0,0,69.0,0,0,0,1249,0,0,2,0.0,7,2,1499,5
0,0,0,0,0,0,0,0,178,0,0,0,51,0,86.0,0,0,0,1249,0,0,1,200.0,8,2,1922,9
0,0,0,0,0,0,0,0,192,0,0,0,74,0,70.0,0,0,0,810,0,0,0,113.0,7,2,1536,7
0,0,0,0,0,0,0,0,108,0,0,0,45,0,91.0,0,0,0,213,0,0,0,0.0,8,2,1208,7
0,0,0,0,0,0,0,0,0,0,0,0,0,0,66.0,0,0,0,585,0,0,0,176.0,6,1,1215,6
0,0,0,0,0,0,0,915,135,1,0,0,0,0,85.0,0,0,0,0,0,0,0,0.0,9,2,967,8
0,0,0,0,0,0,0,0,250,0,0,0,0,0,60.0,0,0,0,0,0,0,0,0.0,4,1,721,4
0,0,0,0,0,0,0,0,0,0,0,0,0,0,69.0,0,0,0,0,0,0,0,340.0,6,2,0,3
0,0,0,0,0,0,0,0,495,0,0,0,72,0,63.0,0,0,0,28,0,0,1,616.0,6,2,1684,9
0,0,0,0,0,0,0,576,182,1,0,0,0,0,36.0,0,0,0,129,0,0,0,0.0,4,1,536,5
0,0,0,0,0,0,0,605,0,0,0,0,0,0,65.0,0,0,0,0,0,0,1,0.0,6,1,972,6
0,0,0,0,0,0,0,0,0,0,0,0,0,0,69.0,0,0,0,498,0,0,0,0.0,5,1,958,6
0,0,0,0,0,0,0,0,0,0,0,0,40,0,69.0,0,0,0,1270,0,0,2,30.0,6,2,1478,6
0,0,0,0,0,0,0,862,0,1,0,0,27,0,36.0,0,0,0,573,0,0,0,106.0,6,2,764,7
0,0,0,0,0,0,0,880,0,1,0,0,0,0,56.0,0,0,0,1410,0,0,2,870.0,10,2,1848,9
0,0,0,0,0,0,0,0,210,0,0,0,54,0,68.0,0,0,0,0,0,0,1,362.0,6,2,1869,9
0,0,0,0,0,0,0,0,0,1,0,0,80,0,69.0,0,0,0,1082,0,0,1,0.0,6,1,1453,7
0,0,0,0,0,0,0,495,48,0,0,0,0,0,60.0,0,0,0,236,0,0,0,0.0,5,1,616,5
0,0,0,0,0,0,0,0,106,0,0,0,0,0,60.0,0,0,0,0,0,0,0,0.0,5,1,624,6
0,0,0,0,0,0,0,403,0,0,0,0,0,0,60.0,0,0,0,388,0,0,2,0.0,6,1,940,6
0,0,0,0,0,0,0,0,0,0,0,0,26,0,105.0,0,0,0,334,0,0,0,0.0,6,2,1200,6
0,0,0,0,0,0,0,0,120,0,0,0,26,0,69.0,0,0,0,560,0,0,0,106.0,6,2,1158,6
0,0,0,0,0,0,0,0,536,1,0,0,90,0,44.0,0,0,0,874,0,0,1,0.0,6,1,1142,5
0,0,0,0,0,0,0,0,168,0,0,0,0,0,92.0,0,0,0,300,0,0,0,120.0,6,1,1062,5
0,0,0,0,0,0,0,838,208,1,0,0,75,0,78.0,0,0,0,956,0,0,1,530.0,7,2,1086,8
0,0,0,0,0,0,0,0,0,0,0,0,0,0,69.0,0,0,0,773,0,0,1,0.0,5,1,888,6
0,0,0,0,0,0,0,517,0,0,0,0,0,0,69.0,0,0,0,399,0,0,0,0.0,8,1,883,5
0,0,0,0,0,0,0,1427,0,0,0,0,0,0,64.0,0,0,0,0,0,0,1,500.0,7,3,0,7
0,0,0,0,0,0,0,784,306,1,0,0,111,0,69.0,0,0,0,712,0,0,1,120.0,6,2,796,6
0,0,0,0,0,0,0,672,0,0,0,0,128,0,59.0,0,0,0,456,0,0,0,0.0,6,1,672,5
0,0,0,0,0,0,0,0,0,1,0,0,76,0,69.0,0,0,0,609,0,0,2,247.0,6,1,1394,6
0,0,0,0,0,0,0,0,64,0,0,0,110,0,101.0,0,0,0,371,0,0,1,305.0,6,1,1099,6
0,0,0,0,0,0,0,0,0,0,0,0,98,0,78.0,0,0,0,540,0,0,1,200.0,7,1,1268,5
0,0,0,0,0,0,0,0,364,0,0,0,17,0,69.0,0,0,0,72,0,0,1,0.0,7,1,1063,5
0,0,0,0,0,0,0,711,100,1,0,0,40,0,69.0,0,0,0,0,0,0,1,0.0,7,2,953,6
0,0,0,0,0,0,0,468,0,0,0,0,59,0,80.0,0,0,0,0,0,0,1,0.0,7,2,0,4
0,0,0,0,0,0,0,0,353,0,0,0,0,0,50.0,0,0,0,623,0,0,0,0.0,4,1,744,6
0,0,0,0,0,0,0,0,66,0,0,0,0,0,79.0,0,0,0,428,0,0,0,0.0,5,1,608,5
0,0,0,0,0,0,0,1081,100,1,0,0,48,0,65.0,0,0,0,0,0,0,1,0.0,8,2,847,7
0,0,0,0,0,0,0,0,0,1,0,0,0,0,69.0,0,0,0,350,0,0,0,0.0,4,0,683,1
0,0,0,0,0,0,0,0,0,0,0,0,0,0,57.0,0,0,0,298,0,0,0,0.0,5,1,870,5
0,0,0,0,0,0,0,886,159,0,0,0,214,0,102.0,0,0,0,0,0,0,1,0.0,8,3,1580,8
0,0,0,0,0,0,0,0,113,1,0,0,0,0,88.0,0,0,0,1445,0,0,1,350.0,8,1,1856,9
0,0,0,0,0,0,0,793,100,1,0,0,63,0,60.0,0,0,0,0,0,0,1,16.0,7,2,982,6
0,0,0,0,0,0,0,665,0,0,0,0,0,0,50.0,0,0,0,218,0,0,1,0.0,6,2,1026,5
0,0,0,0,0,0,0,0,216,0,0,0,121,0,60.0,0,0,0,0,0,0,1,0.0,5,2,1293,7
0,0,0,0,0,0,0,858,144,1,0,0,53,0,79.0,0,0,0,0,0,0,0,0.0,8,2,939,7
0,0,0,0,0,0,0,0,0,0,0,0,0,0,60.0,0,0,0,0,0,0,0,0.0,5,1,784,6
0,0,0,0,0,0,0,874,216,1,0,0,231,0,69.0,0,0,0,985,0,0,2,0.0,9,2,1580,6
0,0,0,0,0,0,0,0,146,0,0,0,20,0,43.0,0,0,0,24,0,0,1,16.0,6,2,1256,8
0,0,0,0,0,0,0,526,0,0,0,0,151,0,58.0,0,0,0,0,0,0,0,0.0,8,1,658,5
0,0,0,0,0,0,0,0,296,0,0,0,0,0,72.0,0,0,0,631,0,0,1,255.0,6,1,1041,6
0,0,0,0,0,0,0,0,120,0,0,0,25,0,93.0,0,0,0,0,0,0,0,125.0,6,2,1468,7
0,0,0,0,0,0,0,590,196,1,0,0,134,0,96.0,0,0,0,1280,0,0,1,272.0,9,2,1682,10
0,0,0,0,0,0,0,406,0,0,0,0,130,0,50.0,0,0,0,241,0,0,0,0.0,7,1,861,5
0,0,0,0,0,0,0,1157,125,1,0,0,192,0,71.0,0,0,0,690,0,0,1,0.0,7,2,804,6
0,0,0,0,0,0,0,0,0,0,0,0,0,0,69.0,0,0,0,0,0,0,0,0.0,5,1,0,5
0,0,0,0,0,0,0,0,0,0,0,0,0,0,69.0,0,0,0,266,0,0,2,0.0,4,1,788,4
0,0,0,0,0,0,0,299,0,0,0,0,39,0,60.0,0,0,0,0,0,0,0,0.0,5,1,735,5
0,0,0,0,0,0,0,0,44,0,0,0,0,0,68.0,0,0,0,739,0,0,0,0.0,6,1,1144,5
0,0,0,0,0,0,0,0,215,0,0,0,0,0,60.0,0,0,0,777,0,0,0,0.0,6,1,894,5
0,0,0,0,0,0,0,936,0,0,0,0,168,0,69.0,0,0,0,540,0,0,1,288.0,8,2,864,5
0,0,0,0,0,0,0,0,0,0,0,0,0,0,60.0,0,0,0,0,0,0,0,0.0,6,1,961,5
0,0,0,0,0,0,0,438,0,0,0,0,168,0,65.0,0,0,0,812,0,0,0,100.0,7,2,1092,7
0,0,0,0,0,0,0,0,120,1,0,0,30,0,38.0,0,0,0,786,0,0,2,0.0,4,1,1260,8
0,0,0,0,0,0,0,0,0,0,0,0,0,0,65.0,0,0,0,24,0,0,1,0.0,6,2,1310,7
0,0,0,0,0,0,0,0,168,0,0,0,0,0,60.0,0,0,0,0,0,0,0,0.0,4,1,672,5
0,0,0,0,0,0,0,1098,144,1,0,0,123,0,93.0,0,0,0,0,0,0,1,650.0,10,2,1141,8
0,0,0,0,0,0,0,766,0,1,0,0,40,0,69.0,0,0,0,0,0,0,1,0.0,7,2,806,6
0,0,0,0,0,0,0,0,120,0,0,0,78,0,69.0,0,0,0,1116,0,0,1,0.0,8,2,1281,4
0,0,0,0,0,0,0,0,0,0,0,0,0,0,51.0,0,0,0,0,0,0,0,0.0,6,1,1064,6
0,0,0,0,0,0,0,840,0,0,0,0,0,0,63.0,0,0,0,0,0,0,0,0.0,8,2,840,6
0,0,0,0,0,0,0,1028,0,1,0,0,102,0,85.0,0,0,0,789,0,0,1,100.0,8,2,1034,8
0,0,0,0,0,0,0,0,0,0,0,0,0,0,68.0,0,0,0,0,0,0,0,0.0,5,1,1276,5
0,0,0,0,0,0,0,0,264,0,0,0,0,0,100.0,0,0,0,1056,0,0,0,0.0,5,1,1056,5
0,0,0,0,0,0,0,0,0,1,0,0,144,0,69.0,0,0,0,578,0,0,1,432.0,7,2,1470,7
0,0,0,0,0,0,0,0,0,0,0,0,0,0,56.0,0,0,0,0,0,0,1,0.0,5,1,1008,5
0,0,0,0,0,0,0,1017,196,1,0,0,187,0,59.0,0,0,0,50,0,0,1,0.0,9,2,1080,7
0,0,0,0,0,0,0,0,100,0,0,0,30,0,73.0,0,0,0,24,0,0,0,0.0,6,2,1340,7
0,0,0,0,0,0,0,728,0,1,0,0,0,0,74.0,0,0,0,209,0,0,1,203.0,6,1,672,6
0,0,0,0,0,0,0,1254,0,1,0,0,0,0,86.0,0,0,0,1128,0,0,1,0.0,10,2,1370,6
0,0,0,0,0,0,0,378,0,1,0,0,0,0,60.0,0,0,0,312,0,0,0,0.0,7,1,756,5
0,0,0,0,0,0,0,0,0,0,0,0,85,0,65.0,0,0,0,775,0,0,1,0.0,6,1,1056,5
0,0,0,0,0,0,0,0,0,0,0,0,0,0,78.0,0,0,0,1309,0,0,0,200.0,8,2,1344,7
0,0,0,0,0,0,0,0,240,0,0,0,0,0,69.0,0,0,0,1246,0,0,1,126.0,8,2,1602,6
0,0,0,0,0,0,0,0,0,0,0,0,0,0,100.0,0,0,0,0,0,0,0,0.0,4,1,988,5
0,0,0,0,0,0,0,1160,0,1,0,0,66,0,80.0,0,0,0,986,0,0,1,473.0,8,2,1470,8
0,0,0,0,0,0,0,0,0,0,0,0,44,0,72.0,0,0,0,616,0,0,1,74.0,6,1,1196,6
0,0,0,0,0,0,0,682,0,1,0,0,0,0,60.0,0,0,0,0,0,0,2,0.0,6,1,651,7
0,0,0,0,0,0,0,0,80,0,0,0,0,0,69.0,0,0,0,1518,0,0,1,145.0,5,2,1518,7
0,0,0,0,0,0,0,0,0,0,0,0,0,0,77.0,0,0,0,288,0,0,0,0.0,5,1,907,4
0,0,0,0,0,0,0,0,105,0,0,0,54,0,64.0,0,0,0,664,0,0,0,108.0,6,2,1208,7
0,0,0,0,0,0,0,110,0,0,0,0,98,0,60.0,0,0,0,0,0,0,0,0.0,7,1,901,6
0,0,0,0,0,0,0,678,0,1,0,0,36,0,100.0,0,0,0,0,0,0,1,0.0,7,2,926,6
0,0,0,0,0,0,0,834,158,1,0,0,61,0,43.0,0,0,0,385,0,0,1,0.0,6,2,799,7
0,0,0,0,0,0,0,384,0,0,0,0,0,0,40.0,0,0,0,0,0,0,0,0.0,6,1,648,6
0,0,0,0,0,0,0,0,0,0,0,0,0,0,50.0,0,0,0,0,0,0,0,0.0,4,1,884,6
0,0,0,0,0,0,0,0,0,0,0,0,0,0,40.0,0,0,0,365,0,0,1,0.0,4,1,440,5
0,0,0,0,0,0,0,512,0,0,0,0,46,0,67.0,0,0,0,0,0,0,0,0.0,7,1,684,6
0,0,0,0,0,0,0,0,0,0,0,0,72,0,105.0,0,0,0,1767,0,0,2,200.0,10,2,3094,10
0,0,0,0,0,0,0,0,0,0,0,0,0,0,92.0,0,0,0,133,0,0,0,270.0,8,2,1440,4
0,0,0,0,0,0,0,445,0,0,0,0,0,0,52.0,0,0,0,0,0,0,1,0.0,8,2,1078,5
0,0,0,0,0,0,0,0,144,0,0,0,16,0,53.0,0,0,0,0,0,0,1,72.0,6,2,1258,7
0,0,0,0,0,0,0,975,144,1,0,0,133,0,70.0,0,0,0,642,0,0,1,0.0,8,2,915,7
0,0,0,0,0,0,0,0,0,0,0,0,0,0,73.0,0,0,0,0,0,0,1,0.0,7,1,1436,6
0,0,0,0,0,0,0,930,89,1,0,0,0,0,69.0,0,0,0,0,0,0,1,0.0,10,2,930,7
0,0,0,0,0,0,0,596,0,0,0,0,0,0,50.0,0,0,0,0,0,0,1,0.0,7,2,780,6
0,0,0,0,0,0,0,504,0,1,0,0,176,0,50.0,0,0,0,331,0,0,0,0.0,6,1,649,3
0,0,0,0,0,0,0,0,0,0,0,0,113,0,70.0,0,0,0,0,0,0,0,0.0,5,1,813,6
0,0,0,0,0,0,0,0,200,0,0,0,54,0,62.0,0,0,0,655,0,0,2,0.0,5,2,1533,7
0,0,0,0,0,0,0,868,144,1,0,0,122,0,69.0,0,0,0,742,0,0,0,42.0,7,2,872,6
0,0,0,0,0,0,0,804,0,1,0,0,30,0,75.0,0,0,0,0,0,0,0,0.0,6,2,768,8
0,0,0,0,0,0,0,0,0,0,0,0,0,0,63.0,0,0,0,1606,0,0,0,0.0,8,2,1728,5
0,0,0,0,0,0,0,0,0,1,0,0,0,0,80.0,0,0,0,916,0,0,1,320.0,6,1,1242,7
0,0,0,0,0,0,0,720,0,0,0,0,0,0,34.0,0,0,0,0,0,0,0,0.0,7,1,624,5
0,0,0,0,0,0,0,0,224,0,0,0,137,0,69.0,0,0,0,1116,0,0,2,0.0,6,1,1364,4
0,0,0,0,0,0,0,833,192,0,0,0,63,0,69.0,0,0,0,0,0,0,1,0.0,7,1,588,8
0,0,0,0,0,0,0,224,0,0,0,0,0,0,69.0,0,0,0,185,0,0,1,161.0,5,1,709,5
0,0,0,0,0,0,0,1103,0,1,0,0,150,0,75.0,0,0,0,544,0,0,0,110.0,8,2,832,8
0,0,0,0,0,0,0,560,256,0,0,0,0,0,60.0,0,0,0,350,0,0,0,0.0,6,1,560,7
0,0,0,0,0,0,0,0,0,0,0,0,0,0,60.0,0,0,0,553,0,0,1,0.0,5,1,864,5
0,0,0,0,0,0,0,811,0,1,0,0,0,0,74.0,0,0,0,326,0,0,1,0.0,6,1,715,6
0,0,0,0,0,0,0,0,0,0,0,0,0,0,60.0,0,0,0,616,0,0,0,136.0,5,2,1040,5
0,0,0,0,0,0,0,0,144,0,0,0,20,0,69.0,0,0,0,0,0,0,1,18.0,6,2,1375,7
0,0,0,0,0,0,0,0,0,0,0,0,0,0,85.0,0,0,0,778,0,0,1,0.0,5,1,1277,7
0,0,0,0,0,0,0,756,168,1,0,0,0,0,79.0,0,0,0,386,0,0,2,224.0,7,1,728,5
0,0,0,0,0,0,0,0,0,0,0,0,44,0,98.0,0,0,0,0,0,0,1,248.0,7,2,1626,8
0,0,0,0,0,0,0,878,144,1,0,0,70,0,76.0,0,0,0,426,0,0,0,120.0,7,2,832,6
0,0,0,0,0,0,0,0,0,1,0,0,54,0,69.0,0,0,0,368,0,0,0,0.0,4,1,1488,8
0,0,0,0,0,0,0,808,0,1,0,0,0,0,92.0,0,0,0,0,0,0,1,0.0,8,2,808,7
0,0,0,0,0,0,0,0,0,0,0,0,28,0,35.0,0,0,0,459,0,0,0,80.0,5,1,547,6
0,0,0,0,0,0,0,0,96,0,0,0,48,0,41.0,0,0,0,1196,0,0,0,0.0,6,2,1494,8
0,0,0,0,0,0,0,0,0,0,0,0,24,0,80.0,0,0,0,630,0,0,0,0.0,5,1,970,5
0,0,0,0,0,0,0,0,140,0,0,0,39,0,75.0,0,0,0,994,0,0,1,215.0,7,2,1478,6
0,0,0,0,0,0,0,574,414,1,0,0,84,0,105.0,0,0,0,0,0,0,1,772.0,9,2,2153,9
0,0,0,0,0,0,0,0,208,0,0,0,44,0,79.0,0,0,0,1288,0,0,1,336.0,7,2,1705,8
0,0,0,0,0,0,0,0,0,0,0,0,72,0,50.0,0,0,0,168,0,0,0,435.0,7,1,907,4
0,0,0,0,0,0,0,0,519,0,0,0,112,0,98.0,0,0,0,1261,0,0,1,378.0,8,2,1833,9
0,0,0,0,0,0,0,0,206,0,0,0,49,0,72.0,0,0,0,1567,0,0,1,562.0,6,2,1792,9
0,0,0,0,0,0,0,910,0,1,0,0,0,0,50.0,0,0,0,299,0,0,1,0.0,7,1,910,7
0,0,0,0,0,0,0,0,0,0,0,0,125,0,32.0,0,0,0,897,0,0,0,116.0,5,2,1216,6
0,0,0,0,0,0,0,0,0,0,0,0,132,0,69.0,0,0,0,588,0,0,0,0.0,6,1,999,5
0,0,0,0,0,0,0,0,0,0,0,0,80,0,80.0,0,0,0,607,0,0,1,0.0,5,1,1113,5
0,0,0,0,0,0,0,0,0,1,0,0,0,0,79.0,0,0,0,836,0,0,0,168.0,6,1,1073,5
0,0,0,0,0,0,0,0,224,0,0,0,0,0,70.0,0,0,0,998,0,0,1,0.0,7,2,1484,5
0,0,0,0,0,0,0,648,142,0,0,0,0,0,60.0,0,0,0,664,0,0,1,0.0,10,2,954,5
0,0,0,0,0,0,0,688,141,1,0,0,24,0,69.0,0,0,0,0,0,0,1,0.0,4,1,264,5
0,0,0,0,0,0,0,620,0,0,0,0,0,0,79.0,0,0,0,403,0,0,2,0.0,5,1,806,6
0,0,0,0,0,0,0,728,0,1,0,0,0,0,105.0,0,0,0,0,0,0,0,0.0,8,2,728,6
0,0,0,0,0,0,0,0,0,1,0,0,0,0,70.0,0,0,0,374,0,0,1,0.0,6,1,1269,5
0,0,0,0,0,0,0,0,144,0,0,0,20,0,50.0,0,0,0,0,0,0,0,0.0,4,1,190,5
0,0,0,0,0,0,0,0,0,0,0,0,523,0,60.0,0,0,0,495,0,0,0,0.0,4,1,720,4
0,0,0,0,0,0,0,0,264,0,0,0,75,0,69.0,0,0,0,1231,0,0,1,0.0,10,3,3200,8
0,0,0,0,0,0,0,687,0,0,0,0,100,0,60.0,0,0,0,329,0,0,0,0.0,8,2,1026,7
0,0,0,0,0,0,0,0,64,0,0,0,0,0,65.0,0,0,0,450,0,0,0,89.0,5,1,864,5
0,0,0,0,0,0,0,0,12,0,0,0,285,0,70.0,0,0,0,111,0,0,0,0.0,5,1,912,5
0,0,0,0,0,0,0,902,0,1,0,0,108,0,75.0,0,0,0,400,0,0,0,0.0,7,2,866,7
0,0,0,0,0,0,0,0,0,0,0,0,0,0,70.0,0,0,0,698,0,0,0,0.0,6,1,1214,5
0,0,0,0,0,0,0,0,0,0,0,0,54,0,100.0,0,0,0,1247,0,0,2,0.0,6,2,1501,7
0,0,0,0,0,0,0,1000,0,0,0,0,0,0,60.0,0,0,0,0,0,0,0,360.0,10,2,960,5
0,0,0,0,0,0,0,846,182,1,0,0,81,0,80.0,0,0,0,380,0,0,1,125.0,8,2,777,8
0,0,0,0,0,0,0,0,0,0,0,0,102,0,75.0,0,0,0,27,0,0,0,0.0,4,2,1218,6
0,0,0,0,0,0,0,689,0,0,0,0,0,0,60.0,0,0,0,141,0,0,1,0.0,7,2,689,7
0,0,0,0,0,0,0,0,224,0,0,0,88,0,80.0,0,0,0,991,0,0,0,132.0,6,1,1041,5
0,0,0,0,0,0,0,0,324,0,0,0,42,0,75.0,0,0,0,650,0,0,2,70.0,6,1,1008,5
0,0,0,0,0,0,0,0,132,0,0,0,35,0,40.0,0,0,0,0,0,0,1,94.0,6,2,1368,7
0,0,0,0,0,0,0,0,0,0,0,0,0,0,70.0,0,0,0,521,0,0,0,0.0,5,1,864,5
0,0,0,0,0,0,0,0,120,1,0,0,0,0,71.0,0,0,0,336,0,0,0,0.0,5,1,1084,6
0,0,0,0,0,0,0,0,0,0,0,0,0,0,55.0,0,0,0,0,0,0,0,0.0,5,1,768,5
0,0,0,0,0,0,0,0,156,1,0,0,54,0,94.0,0,0,0,1436,0,0,1,305.0,9,2,2006,10
0,0,0,0,0,0,0,741,0,1,0,0,104,0,69.0,0,0,0,0,0,0,1,333.0,7,2,689,6
0,0,0,0,0,0,0,1067,220,1,0,0,0,0,79.0,0,0,0,0,0,0,1,921.0,7,2,1264,7
0,0,0,0,0,0,0,914,0,1,0,0,36,0,69.0,0,0,0,706,0,0,0,0.0,7,2,794,6
0,0,0,0,0,0,0,804,0,1,0,0,0,0,53.0,0,0,0,0,0,0,2,0.0,9,1,1276,7
0,0,0,0,0,0,0,600,220,0,0,0,114,0,60.0,0,0,0,0,0,0,0,0.0,7,2,0,4
0,0,0,0,0,0,0,0,0,1,0,0,40,0,90.0,0,0,0,777,0,0,2,0.0,6,1,1244,6
0,0,0,0,0,0,0,660,0,0,0,0,24,0,50.0,0,0,0,399,0,0,2,0.0,7,2,1004,6
0,0,0,0,0,0,0,1015,239,1,0,0,60,0,95.0,0,0,0,719,0,0,1,594.0,8,2,1379,7
0,0,0,0,0,0,0,0,38,0,0,0,144,0,62.0,0,0,0,0,0,0,1,0.0,6,2,1257,7
0,0,0,0,0,0,0,0,261,0,0,0,0,0,70.0,0,0,0,377,0,0,0,0.0,4,1,928,5
0,0,0,0,0,0,0,1237,126,1,0,0,66,0,67.0,0,0,0,1330,0,0,1,268.0,11,2,1452,9
0,0,0,0,0,0,0,0,0,0,0,0,0,0,58.0,0,0,0,348,0,0,0,0.0,5,1,528,4
0,0,0,0,0,0,0,0,0,0,0,0,0,0,69.0,0,0,0,1219,0,0,2,0.0,9,3,2035,6
0,0,0,0,0,0,0,0,224,0,0,0,0,0,85.0,0,0,0,783,0,0,1,219.0,5,2,1461,6
0,0,0,0,0,0,0,611,0,0,0,0,0,0,60.0,0,0,0,0,0,0,0,0.0,6,2,611,6
0,0,0,0,0,0,0,0,0,0,0,0,0,0,60.0,0,0,0,0,0,0,1,0.0,5,1,0,5
0,0,0,0,0,0,0,0,0,0,0,0,0,0,50.0,0,0,0,0,0,0,0,0.0,2,1,0,1
0,0,0,0,0,0,0,707,100,1,0,0,35,0,74.0,0,0,0,0,0,0,1,0.0,6,2,707,8
0,0,0,0,0,0,0,527,85,0,0,0,0,0,70.0,0,0,0,969,0,0,0,0.0,5,1,1117,5
0,0,0,0,0,0,0,844,120,1,0,0,155,0,57.0,0,0,0,0,0,0,0,0.0,8,2,880,7
0,0,0,0,0,0,0,0,216,0,0,0,0,0,69.0,0,0,0,600,0,0,0,0.0,5,1,864,4
0,0,0,0,0,0,0,0,466,1,0,0,0,0,69.0,0,0,0,673,0,0,1,188.0,7,1,1051,5
0,0,0,0,0,0,0,0,180,0,0,0,0,0,69.0,0,0,0,1358,0,0,1,479.0,6,2,1581,8
0,0,0,0,0,0,0,0,270,0,0,0,68,0,85.0,0,0,0,1260,0,0,1,584.0,8,2,1838,9
0,0,0,0,0,0,0,1288,0,1,0,0,56,0,69.0,0,0,0,0,0,0,1,72.0,8,2,969,8
0,0,0,0,0,0,0,0,78,0,0,0,73,0,78.0,0,0,0,144,0,0,1,0.0,7,2,1650,7
0,0,0,0,0,0,0,0,120,0,0,0,40,0,34.0,0,0,0,584,0,0,0,182.0,4,1,723,7
0,0,0,0,0,0,0,832,100,1,0,0,24,0,58.0,0,0,0,554,0,0,1,0.0,7,2,654,7
0,0,0,0,0,0,0,806,0,1,0,0,0,0,69.0,0,0,0,1002,0,0,0,178.0,9,2,1204,7
0,0,0,0,0,0,0,720,0,1,0,0,38,0,70.0,0,0,0,300,0,0,1,0.0,6,1,1065,6
0,0,0,0,0,0,0,0,104,0,0,0,0,0,54.0,0,0,0,619,0,0,0,0.0,5,1,768,5
0,0,0,0,0,0,0,0,140,0,0,0,50,0,49.0,0,0,0,180,0,0,0,0.0,4,1,825,5
0,0,0,0,0,0,0,1182,182,1,0,0,182,0,75.0,0,0,0,0,0,0,1,0.0,8,2,912,7
0,0,0,0,0,0,0,0,0,0,0,0,55,0,53.0,0,0,0,559,0,0,0,0.0,4,2,1069,6
0,0,0,0,0,0,0,0,0,0,0,0,0,0,50.0,0,0,0,308,0,0,0,0.0,5,1,928,5
0,0,0,0,0,0,0,0,169,0,0,0,39,0,87.0,0,0,0,0,0,0,1,250.0,7,2,1709,8
0,0,0,0,0,0,0,0,0,0,0,0,96,0,67.0,0,0,0,0,0,0,0,0.0,5,2,0,4
0,0,0,0,0,0,0,1040,320,1,0,0,62,0,85.0,0,0,0,866,0,0,1,292.0,8,2,998,7
0,0,0,0,0,0,0,0,0,0,0,0,0,0,58.0,0,0,0,0,0,0,1,0.0,5,1,993,5
0,0,0,0,0,0,0,0,268,0,0,0,0,0,69.0,0,0,0,895,0,0,1,0.0,6,1,1092,5
0,0,0,0,0,0,0,439,0,1,0,0,47,0,60.0,0,0,0,637,0,0,0,0.0,7,1,637,4
0,0,0,0,0,0,0,717,264,1,0,0,22,0,57.0,0,0,0,604,0,0,1,0.0,6,2,729,7
0,0,0,0,0,0,0,0,143,0,0,0,20,0,69.0,0,0,0,0,0,0,1,18.0,7,2,1374,7
0,0,0,0,0,0,0,0,0,1,0,0,0,0,69.0,0,0,0,1302,0,0,1,180.0,5,1,1392,5
0,0,0,0,0,0,0,0,240,0,0,0,38,0,77.0,0,0,0,1071,0,0,1,0.0,6,1,1389,5
0,0,0,0,0,0,0,0,144,0,0,0,0,0,63.0,0,0,0,290,0,0,1,0.0,6,1,996,5
0,0,0,0,0,0,0,511,72,0,0,0,36,0,66.0,0,0,0,0,0,0,1,0.0,8,2,1163,6
0,0,0,0,0,0,0,1129,0,1,0,0,40,0,69.0,0,0,0,728,0,0,1,0.0,9,2,1095,7
0,0,0,0,0,0,0,806,0,1,0,0,66,0,66.0,0,0,0,0,0,0,0,0.0,6,1,806,6
0,0,0,0,0,0,0,1370,144,1,0,0,39,0,77.0,0,0,0,0,0,0,1,245.0,11,2,1122,9
0,0,0,0,0,0,0,0,0,0,0,0,0,0,70.0,0,0,0,2,0,0,0,168.0,7,2,1517,7
0,0,0,0,0,0,0,636,349,1,0,0,40,0,79.0,0,0,0,1441,0,0,1,0.0,5,1,1496,8
0,0,0,0,0,0,0,0,42,0,0,0,0,0,69.0,0,0,0,943,0,0,2,0.0,4,1,943,5
0,0,0,0,0,0,0,0,0,0,0,0,0,0,74.0,0,0,0,231,0,0,0,108.0,10,2,1728,5
0,0,0,0,0,0,0,0,168,0,0,0,0,0,60.0,0,0,0,414,0,0,0,207.0,4,1,864,6
0,0,0,0,0,0,0,846,208,1,0,0,114,0,83.0,0,0,0,0,0,0,0,0.0,6,2,846,7
0,0,0,0,0,0,0,656,100,1,0,0,0,0,76.0,0,0,0,0,0,0,1,0.0,8,2,384,7
0,0,0,0,0,0,0,533,35,0,0,0,0,0,70.0,0,0,0,349,0,0,0,82.0,5,1,372,5
0,0,0,0,0,0,0,384,158,0,0,0,0,0,80.0,0,0,0,442,0,0,0,0.0,6,1,832,5
0,0,0,0,0,0,0,600,0,0,0,0,50,0,52.0,0,0,0,0,0,0,1,0.0,6,2,861,7
0,0,0,0,0,0,0,0,160,0,0,0,68,0,96.0,0,0,0,328,0,0,2,97.0,6,1,1164,5
0,0,0,0,0,0,0,689,0,0,0,0,102,0,34.0,0,0,0,0,0,0,0,0.0,5,2,689,7
0,0,0,0,0,0,0,745,0,0,0,0,0,0,81.0,0,0,0,0,0,0,0,335.0,7,2,1050,5
0,0,0,0,0,0,0,0,216,0,0,0,110,0,69.0,0,0,0,594,0,0,2,85.0,7,1,1144,6
0,0,0,0,0,0,0,0,0,1,0,0,90,0,98.0,0,0,0,0,0,0,1,306.0,8,2,2042,8
0,0,0,0,0,0,0,0,0,0,0,0,32,0,81.0,0,0,0,816,0,0,0,104.0,5,1,816,6
0,0,0,0,0,0,0,1254,105,1,0,0,502,0,75.0,0,0,0,0,0,0,1,0.0,9,3,1237,10
0,0,0,0,0,0,0,584,0,0,0,0,0,0,51.0,0,0,0,0,0,0,0,0.0,6,1,884,4
0,0,0,0,0,0,0,0,326,0,0,0,66,0,88.0,0,0,0,1460,0,0,2,208.0,7,2,1868,8
0,0,0,0,0,0,0,0,0,0,0,0,0,0,55.0,0,0,0,210,0,0,0,0.0,5,1,816,6
0,0,0,0,0,0,0,0,0,0,0,0,0,0,74.0,0,0,0,672,0,0,0,0.0,4,1,840,5
0,0,0,0,0,0,0,0,0,0,0,0,48,0,65.0,0,0,0,1324,0,0,2,0.0,5,1,1437,5
0,0,0,0,0,0,0,0,0,0,0,0,0,0,50.0,0,0,0,0,0,0,0,0.0,4,1,742,5
0,0,0,0,0,0,0,812,0,1,0,0,45,0,64.0,0,0,0,490,0,0,0,0.0,6,2,770,7
0,0,0,0,0,0,0,568,382,1,0,0,274,0,97.0,0,0,0,1338,0,0,1,420.0,10,2,1722,10
0,0,0,0,0,0,0,0,0,0,0,0,0,0,60.0,0,0,0,816,0,0,0,0.0,4,1,816,5
0,0,0,0,0,0,0,0,140,0,0,0,0,0,69.0,0,0,0,685,0,0,0,170.0,4,1,848,6
0,0,0,0,0,0,0,0,0,0,0,0,0,0,88.0,0,0,0,0,0,0,0,0.0,5,1,924,5
0,0,0,0,0,0,0,0,180,0,0,0,75,0,69.0,0,0,0,1422,0,0,1,238.0,7,2,1814,8
0,0,0,0,0,0,0,684,0,0,0,0,158,0,60.0,0,0,0,0,0,0,0,0.0,7,1,684,6
0,0,0,0,0,0,0,0,120,2,0,0,16,0,53.0,0,0,0,0,0,0,1,72.0,7,0,1258,7
0,0,0,0,0,0,0,0,0,0,0,0,0,0,80.0,0,0,0,1283,0,0,1,459.0,7,2,1430,5
0,0,0,0,0,0,0,846,179,1,0,0,60,0,74.0,0,0,0,546,0,0,1,280.0,8,2,1058,8
0,0,0,0,0,0,0,595,0,1,0,0,162,0,50.0,0,0,0,0,0,0,1,0.0,6,1,780,6
0,0,0,0,0,0,0,988,120,1,0,0,150,0,80.0,0,0,0,789,0,0,1,0.0,8,2,908,8
0,0,0,0,0,0,0,0,192,0,0,0,36,0,88.0,0,0,0,922,0,0,1,99.0,6,2,1494,7
0,0,0,0,0,0,0,800,0,1,0,0,42,0,85.0,0,0,0,454,0,0,3,176.0,7,2,768,7
0,0,0,0,0,0,0,0,168,0,0,0,0,0,82.0,0,0,0,732,0,0,0,0.0,6,1,1040,5
0,0,0,0,0,0,0,896,103,0,0,0,0,0,78.0,0,0,0,603,0,0,0,0.0,8,3,896,5
0,0,0,0,0,0,0,1254,0,1,0,0,0,0,78.0,0,0,0,428,0,0,2,0.0,10,2,965,8
0,0,0,0,0,0,0,0,64,0,0,0,0,0,61.0,0,0,0,903,0,0,0,192.0,5,1,1029,4
0,0,0,0,0,0,0,677,253,1,0,0,142,0,69.0,0,0,0,904,0,0,2,204.0,8,2,1440,9
0,0,0,0,0,0,0,0,0,0,0,0,0,0,69.0,0,0,0,605,0,0,1,233.0,6,2,1032,6
0,0,0,0,0,0,0,573,160,1,0,0,122,0,69.0,0,0,0,990,0,0,1,108.0,7,2,1299,8
0,0,0,0,0,0,0,0,0,0,0,0,30,0,70.0,0,0,0,206,0,0,0,0.0,6,1,1120,5
0,0,0,0,0,0,0,0,120,0,0,0,0,0,80.0,0,0,0,763,0,0,0,156.0,6,1,936,6
0,0,0,0,0,0,0,702,100,1,0,0,75,0,69.0,0,0,0,457,0,0,1,0.0,7,2,783,6
0,0,0,0,0,0,0,0,0,0,0,0,0,0,59.0,0,0,0,0,0,0,0,0.0,4,1,832,6
0,0,0,0,0,0,0,0,0,0,0,0,108,0,90.0,0,0,0,48,0,0,1,452.0,9,2,1822,9
0,0,0,0,0,0,0,780,168,1,0,0,0,0,85.0,0,0,0,871,0,0,2,226.0,10,2,1482,8
0,0,0,0,0,0,0,0,0,0,0,0,0,0,45.0,0,0,0,41,0,0,0,0.0,5,1,864,3
0,0,0,0,0,0,0,1066,38,1,0,0,243,0,90.0,0,0,0,956,0,0,1,0.0,9,2,1522,6
0,0,0,0,0,0,0,0,192,0,0,0,0,0,71.0,0,0,0,560,0,0,0,153.0,6,1,980,5
0,0,0,0,0,0,0,756,0,1,0,0,32,0,69.0,0,0,0,420,0,0,1,513.0,4,2,756,6
0,0,0,0,0,0,0,778,148,2,0,0,0,0,80.0,0,0,0,247,0,0,1,288.0,8,1,732,6
0,0,0,0,0,0,0,0,0,1,0,0,0,0,87.0,0,0,0,0,0,0,0,261.0,5,1,1116,6
0,0,0,0,0,0,0,0,0,0,0,0,0,0,69.0,0,0,0,0,0,0,1,0.0,6,1,978,5
0,0,0,0,0,0,0,0,0,0,0,0,0,0,80.0,0,0,0,674,0,0,2,164.0,7,1,1156,6
0,0,0,0,0,0,0,1040,335,2,0,0,0,0,70.0,0,0,0,650,0,0,2,192.0,9,1,1040,5
0,0,0,0,0,0,0,0,176,1,0,0,0,0,82.0,0,0,0,624,0,0,0,259.0,6,1,1248,6
0,0,0,0,0,0,0,661,0,0,0,0,0,0,50.0,0,0,0,0,0,0,0,0.0,8,1,636,5
0,0,0,0,0,0,0,0,156,0,0,0,73,0,34.0,0,0,0,24,0,0,1,108.0,6,2,1554,8
0,0,0,0,0,0,0,0,192,0,0,0,0,0,85.0,0,0,0,822,0,0,1,209.0,6,2,1386,7
0,0,0,0,0,0,0,0,390,0,0,0,0,0,80.0,0,0,0,480,0,0,0,0.0,6,1,1056,5
0,0,0,0,0,0,0,0,264,0,0,0,56,0,64.0,0,0,0,1056,0,0,0,0.0,4,0,1056,6
0,0,0,0,0,0,0,1440,0,0,0,0,110,0,60.0,0,0,0,256,0,0,0,0.0,14,2,1440,6
0,0,0,0,0,0,0,0,0,0,0,0,0,0,51.0,0,0,0,0,0,0,1,0.0,4,1,264,2
0,0,0,0,0,0,0,576,0,0,0,0,0,0,50.0,0,0,0,0,0,0,0,0.0,7,2,811,5
0,0,0,0,0,0,0,0,328,0,0,0,0,0,67.0,0,0,0,0,0,0,0,0.0,4,1,796,5
0,0,0,0,0,0,0,0,312,0,0,0,0,0,53.0,0,0,0,1154,0,0,1,0.0,7,2,1520,8
0,0,0,0,0,0,0,0,185,1,0,0,140,0,62.0,0,0,0,1218,0,0,1,472.0,6,1,1518,8
0,0,0,0,0,0,0,872,0,1,0,0,235,0,69.0,0,0,0,738,0,0,1,0.0,7,2,1057,7
0,0,0,0,0,0,0,704,269,1,0,0,111,0,75.0,0,0,0,1410,0,0,3,0.0,9,2,1952,8
0,0,0,0,0,0,0,840,208,1,0,0,0,0,80.0,0,0,0,493,0,0,0,263.0,7,2,780,5
0,0,0,0,0,0,0,0,195,1,0,0,130,0,85.0,0,0,0,1121,0,0,1,162.0,7,2,1766,9
0,0,0,0,0,0,0,0,0,1,0,0,312,0,69.0,0,0,0,282,0,0,0,0.0,5,1,981,6
0,0,0,0,0,0,0,0,0,0,0,0,27,0,60.0,0,0,0,0,0,0,0,0.0,7,1,0,5
0,0,0,0,0,0,0,0,0,0,0,0,0,0,85.0,0,0,0,500,0,0,2,216.0,5,1,1094,6
0,0,0,0,0,0,0,788,0,1,0,0,124,0,70.0,0,0,0,0,0,0,1,351.0,7,1,756,6
0,0,0,0,0,0,0,843,0,1,0,0,0,0,65.0,0,0,0,0,0,0,0,0.0,7,2,813,7
0,0,0,0,0,0,0,755,120,0,0,0,0,0,60.0,0,0,0,0,0,0,1,0.0,7,1,755,4
0,0,0,0,0,0,0,807,0,1,0,0,120,0,70.0,0,0,0,0,0,0,1,0.0,7,2,880,7
0,0,0,0,0,0,0,713,57,0,0,0,0,0,60.0,0,0,0,0,0,0,0,0.0,7,1,756,6
0,0,0,0,0,0,0,0,236,1,0,0,46,0,91.0,0,0,0,1696,0,0,1,660.0,7,2,2109,8
0,0,0,0,0,0,0,0,0,1,0,0,0,0,72.0,0,0,0,806,0,0,0,54.0,5,1,1053,5
0,0,0,0,0,0,0,651,0,1,0,0,0,0,60.0,0,0,0,0,0,0,1,0.0,6,1,776,7
0,0,0,0,0,0,0,546,192,0,0,0,0,0,78.0,0,0,0,0,0,0,1,0.0,6,1,912,6
0,0,0,0,0,0,0,0,0,0,0,0,0,0,75.0,0,0,0,637,0,0,0,0.0,7,1,1486,5
0,0,0,0,0,0,0,793,0,1,0,0,113,0,69.0,0,0,0,0,0,0,1,233.0,7,2,793,7
0,0,0,0,0,0,0,762,517,1,0,0,76,0,52.0,0,0,0,1361,0,0,1,528.0,8,2,1629,8
0,0,0,0,0,0,0,0,0,0,0,0,0,0,90.0,0,0,0,920,0,0,0,0.0,6,2,1138,4
0,0,0,0,0,0,0,0,192,1,0,0,267,0,49.0,0,0,0,1721,0,0,1,0.0,8,1,2077,8
0,0,0,0,0,0,0,482,188,1,0,0,124,0,106.0,0,0,0,0,0,0,1,40.0,7,2,1406,8
0,0,0,0,0,0,0,915,0,1,0,0,265,0,69.0,0,0,0,187,0,0,1,113.0,7,2,1021,6
0,0,0,0,0,0,0,0,224,0,0,0,42,0,65.0,0,0,0,1138,0,0,1,258.0,7,2,1408,6
0,0,0,0,0,0,0,0,304,1,0,0,0,0,69.0,0,0,0,988,0,0,1,0.0,6,1,1188,5
0,0,0,0,0,0,0,0,0,0,0,0,0,0,80.0,0,0,0,0,0,0,1,0.0,5,1,700,4
0,0,0,0,0,0,0,738,100,1,0,0,35,0,64.0,0,0,0,193,0,0,0,0.0,7,2,738,6
0,0,0,0,0,0,0,672,147,0,0,0,0,0,54.0,0,0,0,551,0,0,0,0.0,6,2,672,6
0,0,0,0,0,0,0,0,198,1,0,0,42,0,69.0,0,0,0,767,0,0,1,0.0,6,1,1208,6
0,0,0,0,0,0,0,0,426,0,0,0,0,0,80.0,0,0,0,892,0,0,1,0.0,5,1,1136,6
0,0,0,0,0,0,0,679,0,0,0,0,0,0,60.0,0,0,0,0,0,0,0,0.0,8,2,1095,4
0,0,0,0,0,0,0,0,316,0,0,0,0,0,52.0,0,0,0,0,0,0,0,0.0,5,1,768,5
0,0,0,0,0,0,0,0,322,1,0,0,82,0,80.0,0,0,0,0,0,0,1,464.0,7,2,2046,8
0,0,0,0,0,0,0,0,0,0,0,0,0,0,69.0,0,0,0,827,0,0,0,57.0,5,1,988,5
0,0,0,0,0,0,0,0,80,0,0,0,0,0,50.0,0,0,0,543,0,0,1,0.0,5,2,923,6
0,0,0,0,0,0,0,672,0,0,0,0,0,0,55.0,0,0,0,182,0,0,0,0.0,6,1,793,5
0,0,0,0,0,0,0,0,307,0,0,0,0,0,69.0,0,0,0,1003,0,0,1,0.0,6,1,1291,6
0,0,0,0,0,0,0,0,257,0,0,0,45,0,90.0,0,0,0,1059,0,0,1,215.0,7,2,1626,9
0,0,0,0,0,0,0,644,0,1,0,0,81,0,58.0,0,0,0,0,0,0,0,30.0,7,2,1195,7
0,0,0,0,0,0,0,900,219,0,0,0,0,0,69.0,0,0,0,828,0,0,1,0.0,6,2,1190,7
0,0,0,0,0,0,0,887,144,0,0,0,105,0,84.0,0,0,0,0,0,0,0,0.0,7,3,874,7
0,0,0,0,0,0,0,551,0,1,0,0,60,0,69.0,0,0,0,239,0,0,0,0.0,4,2,551,7
0,0,0,0,0,0,0,0,140,0,0,0,0,0,60.0,0,0,0,945,0,0,1,0.0,7,2,1419,8
0,0,0,0,0,0,0,0,192,0,0,0,28,0,61.0,0,0,0,20,0,0,1,256.0,6,2,1362,6
0,0,0,0,0,0,0,0,149,0,0,0,0,0,69.0,0,0,0,697,0,0,1,147.0,3,1,848,6
0,0,0,0,0,0,0,1872,382,1,0,0,50,0,104.0,0,0,0,1455,0,0,2,1170.0,10,3,2444,10
0,0,0,0,0,0,0,1281,320,1,0,0,27,0,42.0,0,0,0,965,0,0,2,293.0,9,2,1210,7
0,0,0,0,0,0,0,0,0,0,0,0,0,0,60.0,0,0,0,0,0,0,0,0.0,4,1,1073,5
0,0,0,0,0,0,0,472,112,1,0,0,0,0,51.0,0,0,0,0,0,0,0,0.0,5,1,927,5
0,0,0,0,0,0,0,0,125,0,0,0,0,0,54.0,0,0,0,980,0,0,1,72.0,5,2,1112,6
0,0,0,0,0,0,0,0,0,0,0,0,0,0,50.0,0,0,0,616,0,0,0,0.0,4,1,616,5
0,0,0,0,0,0,0,0,0,0,0,0,0,0,57.0,0,0,0,210,0,0,0,0.0,6,1,980,5
0,0,0,0,0,0,0,0,416,0,0,0,144,0,65.0,0,0,0,553,0,0,1,0.0,5,1,894,5
0,0,0,0,0,0,0,0,156,0,0,0,158,0,59.0,0,0,0,16,0,0,0,0.0,5,2,1391,7
0,0,0,0,0,0,0,0,270,0,0,0,78,0,85.0,0,0,0,1274,0,0,1,630.0,7,2,1800,8
0,0,0,0,0,0,0,0,0,1,0,0,0,0,80.0,0,0,0,0,0,0,0,168.0,6,1,1164,7
0,0,0,0,0,0,0,1312,324,1,0,0,100,0,82.0,0,0,0,0,0,0,1,466.0,10,2,1234,8
0,0,0,0,0,0,0,780,344,0,0,0,0,0,76.0,0,0,0,0,0,0,1,0.0,8,2,360,5
0,0,0,0,0,0,0,0,0,0,0,0,35,0,70.0,0,0,0,712,0,0,0,109.0,7,2,1473,7
0,0,0,0,0,0,0,720,0,0,0,0,0,0,70.0,0,0,0,0,0,0,0,0.0,7,2,0,4
0,0,0,0,0,0,0,0,380,0,0,0,48,0,69.0,0,0,0,1219,0,0,2,351.0,5,2,1643,7
0,0,0,0,0,0,0,0,192,0,0,0,38,0,48.0,0,0,0,863,0,0,1,176.0,6,2,1324,8
0,0,0,0,0,0,0,728,100,1,0,0,24,0,65.0,0,0,0,0,0,0,1,0.0,8,2,728,7
0,0,0,0,0,0,0,0,0,0,0,0,0,0,69.0,0,0,0,0,0,0,0,41.0,6,1,876,5
0,0,0,0,0,0,0,0,0,0,0,0,0,0,56.0,0,0,0,0,0,0,0,0.0,5,1,270,3
0,0,0,0,0,0,0,319,68,0,0,0,0,0,66.0,0,0,0,0,0,0,0,0.0,7,1,859,4
0,0,0,0,0,0,0,0,168,0,0,0,120,0,40.0,0,0,0,767,0,0,1,0.0,5,2,1228,8
0,0,0,0,0,0,0,0,0,0,0,0,288,0,60.0,0,0,0,789,0,0,0,160.0,6,1,960,4
0,0,0,0,0,0,0,754,0,1,0,0,44,0,69.0,0,0,0,533,0,0,0,289.0,6,2,725,6
0,0,0,0,0,0,0,0,0,0,0,0,0,0,78.0,0,0,0,0,0,0,1,174.0,7,2,1064,6
0,0,0,0,0,0,0,978,0,1,0,0,48,0,60.0,0,0,0,0,0,0,0,0.0,8,1,718,7
0,0,0,0,0,0,0,0,224,1,0,0,0,0,80.0,0,0,0,1084,0,0,1,0.0,5,1,1176,5
0,0,0,0,0,0,0,1093,250,1,0,0,154,0,96.0,0,0,0,1173,0,0,1,651.0,9,2,1311,7
0,0,0,0,0,0,0,0,0,1,0,0,0,0,69.0,0,0,0,523,0,0,1,0.0,5,1,971,5
0,0,0,0,0,0,0,0,114,0,0,0,28,0,69.0,0,0,0,1148,0,0,1,0.0,5,2,1742,8
0,0,0,0,0,0,0,0,160,0,0,0,0,0,69.0,0,0,0,662,0,0,0,169.0,3,1,848,6
0,0,0,0,0,0,0,0,0,0,0,0,0,0,70.0,0,0,0,191,0,0,0,0.0,5,1,864,4
0,0,0,0,0,0,0,473,0,0,0,0,0,0,60.0,0,0,0,0,0,0,0,0.0,7,2,941,4
0,0,0,0,0,0,0,0,327,0,0,0,64,0,86.0,0,0,0,1234,0,0,1,340.0,8,2,1698,9
0,0,0,0,0,0,0,0,96,0,0,0,0,0,60.0,0,0,0,375,0,0,0,0.0,5,1,864,4
0,0,0,0,0,0,0,0,292,0,0,0,44,0,69.0,0,0,0,808,0,0,1,260.0,5,2,880,6
0,0,0,0,0,0,0,0,132,0,0,0,0,0,64.0,0,0,0,724,0,0,0,82.0,6,2,1232,7
0,0,0,0,0,0,0,0,0,0,0,0,25,0,85.0,0,0,0,0,0,0,0,95.0,9,2,1584,5
0,0,0,0,0,0,0,0,0,0,0,0,23,0,52.0,0,0,0,152,0,0,0,0.0,5,1,780,4
0,0,0,0,0,0,0,0,237,0,0,0,152,0,39.0,0,0,0,1180,0,0,1,0.0,5,2,1595,8
0,0,0,0,0,0,0,0,160,0,0,0,22,0,73.0,0,0,0,786,0,0,1,442.0,6,2,868,7
0,0,0,0,0,0,0,878,192,1,0,0,84,0,75.0,0,0,0,252,0,0,1,202.0,8,2,1153,7
0,0,0,0,0,0,0,0,165,0,0,0,0,0,80.0,0,0,0,594,0,0,1,0.0,6,1,864,5
0,0,0,0,0,0,0,0,147,0,0,0,0,0,69.0,0,0,0,0,0,0,0,0.0,6,1,948,5
0,0,0,0,0,0,0,888,0,1,0,0,341,0,60.0,0,0,0,390,0,0,2,0.0,6,1,880,7
0,0,0,0,0,0,0,0,0,0,0,0,0,0,60.0,0,0,0,0,0,0,0,0.0,6,2,0,3
0,0,0,0,0,0,0,900,0,1,0,0,116,0,72.0,0,0,0,0,0,0,1,0.0,8,2,893,8
0,0,0,0,0,0,0,0,120,0,0,0,0,0,60.0,0,0,0,1200,0,0,0,0.0,5,3,1200,5
0,0,0,0,0,0,0,864,187,1,0,0,56,0,65.0,0,0,0,0,0,0,0,0.0,7,2,864,7
0,0,0,0,0,0,0,664,270,0,0,0,0,0,60.0,0,0,0,0,0,0,0,0.0,7,2,264,5
0,0,0,0,0,0,0,0,168,0,0,0,0,0,65.0,0,0,0,832,0,0,0,0.0,5,1,912,6
0,0,0,0,0,0,0,0,120,0,0,0,55,0,65.0,0,0,0,0,0,0,0,108.0,6,2,1349,7
0,0,0,0,0,0,0,0,302,0,0,0,0,0,70.0,0,0,0,444,0,0,1,0.0,6,2,520,5
0,0,0,0,0,0,0,0,96,0,0,0,0,0,41.0,0,0,0,733,0,0,1,0.0,5,2,1337,8
0,0,0,0,0,0,0,1540,0,1,0,0,204,0,69.0,0,0,0,575,0,0,2,289.0,11,3,1142,8
0,0,0,0,0,0,0,1276,224,1,0,0,54,0,69.0,0,0,0,300,0,0,1,0.0,8,2,952,7
0,0,0,0,0,0,0,1320,181,1,0,0,0,0,65.0,0,0,0,0,0,0,1,0.0,8,1,1240,7
0,0,0,0,0,0,0,0,240,0,0,0,56,0,59.0,0,0,0,919,0,0,1,338.0,7,2,1720,7
0,0,0,0,0,0,0,441,92,0,0,0,0,0,50.0,0,0,0,0,0,0,0,0.0,9,2,0,4
0,0,0,0,0,0,0,348,0,0,0,0,160,0,55.0,0,0,0,0,0,0,0,0.0,7,1,576,4
0,0,0,0,0,0,0,660,0,1,0,0,48,0,69.0,0,0,0,0,0,0,0,0.0,6,2,660,7
0,0,0,0,0,0,0,0,168,0,0,0,27,0,79.0,0,0,0,1200,0,0,0,0.0,6,2,1479,6
0,0,0,0,0,0,0,1060,192,1,0,0,52,0,80.0,0,0,0,0,0,0,1,178.0,8,2,1030,8
0,0,0,0,0,0,0,0,171,0,0,0,48,0,61.0,0,0,0,439,0,0,0,0.0,5,1,1026,6
0,0,0,0,0,0,0,729,0,1,0,0,24,0,34.0,0,0,0,381,0,0,0,894.0,6,2,729,6
0,0,0,0,0,0,0,902,144,1,0,0,105,0,68.0,0,0,0,20,0,0,0,0.0,7,2,866,8
0,0,0,0,0,0,0,714,335,1,0,0,0,0,69.0,0,0,0,438,0,0,1,328.0,6,2,672,6
0,0,0,0,0,0,0,1203,222,1,0,0,98,0,65.0,0,0,0,56,0,0,1,513.0,9,2,1318,8
0,0,0,0,0,0,0,0,0,0,0,0,0,0,70.0,0,0,0,612,0,0,0,0.0,5,1,864,6
0,0,0,0,0,0,0,0,0,0,0,0,0,0,60.0,0,0,0,405,0,0,0,0.0,5,1,1145,5
0,0,0,0,0,0,0,783,169,1,0,0,45,0,72.0,0,0,0,24,0,0,0,0.0,7,2,756,7
0,0,0,0,0,0,0,1097,0,1,0,0,128,0,82.0,0,0,0,1163,0,0,1,673.0,8,2,1252,8
0,0,0,0,0,0,0,0,0,0,0,0,174,0,75.0,0,0,0,0,0,0,1,284.0,6,2,1498,9
0,0,0,0,0,0,0,734,228,1,0,0,66,0,80.0,0,0,0,394,0,0,1,42.0,7,2,980,7
0,0,0,0,0,0,0,767,245,0,0,0,0,0,75.0,0,0,0,660,0,0,0,0.0,7,2,983,6
0,0,0,0,0,0,0,0,120,0,0,0,33,0,70.0,0,0,0,24,0,0,1,0.0,8,2,1860,7
0,0,0,0,0,0,0,1589,503,1,0,0,36,0,47.0,0,0,0,1416,0,0,1,603.0,12,3,1650,8
0,0,0,0,0,0,0,0,120,0,0,0,0,0,69.0,0,0,0,685,0,0,0,0.0,5,1,858,5
0,0,0,0,0,0,0,0,0,0,0,0,0,0,67.0,0,0,0,836,0,0,0,0.0,6,1,836,4
0,0,0,0,0,0,0,0,144,0,0,0,0,0,94.0,0,0,0,422,0,0,1,0.0,6,1,1029,6
0,0,0,0,0,0,0,0,0,0,0,0,0,0,70.0,0,0,0,456,0,0,0,1.0,5,1,912,5
0,0,0,0,0,0,0,0,0,0,0,0,247,0,32.0,0,0,0,866,0,0,0,320.0,5,2,1204,6
0,0,0,0,0,0,0,0,144,0,0,0,59,0,86.0,0,0,0,20,0,0,0,240.0,7,2,1614,7
0,0,0,0,0,0,0,0,241,0,0,0,0,0,100.0,0,0,0,762,0,0,1,0.0,5,1,864,5
0,0,0,0,0,0,0,0,0,0,0,0,0,0,60.0,0,0,0,0,0,0,2,320.0,10,2,0,5
0,0,0,0,0,0,0,0,0,0,0,0,0,0,78.0,0,0,0,975,0,0,0,90.0,4,1,975,6
0,0,0,0,0,0,0,0,220,0,0,0,21,0,63.0,0,0,0,0,0,0,1,38.0,6,2,1237,7
0,0,0,0,0,0,0,793,0,1,0,0,124,0,65.0,0,0,0,387,0,0,0,0.0,7,2,761,6
0,0,0,0,0,0,0,0,0,0,0,0,33,0,67.0,0,0,0,0,0,0,0,0.0,6,2,1413,7
0,0,0,0,0,0,0,0,303,0,0,0,30,0,69.0,0,0,0,1097,0,0,1,104.0,4,1,1097,5
0,0,0,0,0,0,0,742,0,0,0,0,291,0,35.0,0,0,0,0,0,0,1,0.0,9,2,742,6
0,0,0,0,0,0,0,0,0,0,0,0,0,0,69.0,0,0,0,251,0,0,1,0.0,7,2,1372,6
0,0,0,0,0,0,0,686,0,0,0,0,0,0,60.0,0,0,0,686,0,0,0,0.0,7,2,686,5
0,0,0,0,0,0,0,1128,0,1,0,0,45,0,76.0,0,0,0,656,0,0,0,0.0,8,2,956,7
0,0,0,0,0,0,0,0,0,0,0,0,0,0,50.0,0,0,0,0,0,0,0,0.0,4,1,901,4
0,0,0,0,0,0,0,1111,133,1,0,0,168,0,69.0,0,0,0,568,0,0,0,157.0,9,2,832,6
0,0,0,0,0,0,0,0,100,0,0,0,16,0,43.0,0,0,0,16,0,0,1,11.0,5,2,1145,7
0,0,0,0,0,0,0,0,120,0,0,0,0,0,69.0,0,0,0,539,0,0,2,0.0,5,1,1029,6
0,0,0,0,0,0,0,886,180,1,0,0,130,0,92.0,0,0,0,862,0,0,1,0.0,8,2,1117,7
0,0,0,0,0,0,0,0,168,0,0,0,130,0,76.0,0,0,0,0,0,0,0,140.0,7,2,1496,8
0,0,0,0,0,0,0,809,143,1,0,0,46,0,69.0,0,0,0,0,0,0,1,0.0,7,2,712,7
0,0,0,0,0,0,0,676,0,1,0,0,50,0,70.0,0,0,0,0,0,0,1,130.0,7,2,650,6
0,0,0,0,0,0,0,0,138,1,0,0,0,0,71.0,0,0,0,0,0,0,1,148.0,7,1,660,6
0,0,0,0,0,0,0,0,0,0,0,0,0,0,57.0,0,0,0,570,0,0,0,0.0,4,1,773,5
0,0,0,0,0,0,0,1174,144,1,0,0,78,0,104.0,0,0,0,0,0,0,2,860.0,11,3,1926,9
0,0,0,0,0,0,0,787,0,1,0,0,0,0,60.0,0,0,0,569,0,0,2,252.0,7,1,731,5
0,0,0,0,0,0,0,1072,403,1,0,0,114,0,79.0,0,0,0,462,0,0,0,0.0,8,2,616,6
0,0,0,0,0,0,0,0,0,0,0,0,0,0,40.0,0,0,0,197,0,0,0,0.0,5,1,1196,4
0,0,0,0,0,0,0,728,36,1,0,0,18,0,63.0,0,0,0,648,0,0,1,0.0,7,2,728,7
0,0,0,0,0,0,0,1088,52,1,0,0,170,0,107.0,0,0,0,0,0,0,1,424.0,12,3,1734,9
0,0,0,0,0,0,0,0,0,0,0,0,0,0,75.0,0,0,0,812,0,0,0,0.0,5,1,936,5
0,0,0,0,0,0,0,0,0,0,0,0,60,0,91.0,0,0,0,0,0,0,0,256.0,6,2,1417,7
0,0,0,0,0,0,0,0,68,0,0,0,0,0,75.0,0,0,0,400,0,0,0,0.0,6,2,980,5
0,0,0,0,0,0,0,0,0,0,0,0,0,0,85.0,0,0,0,516,0,0,1,1047.0,6,1,1024,5
0,0,0,0,0,0,0,1063,40,0,0,0,156,0,90.0,0,0,0,0,0,0,0,0.0,11,2,849,5
0,0,0,0,0,0,0,0,265,1,0,0,0,0,78.0,0,0,0,663,0,0,1,99.0,5,1,1040,6
0,0,0,0,0,0,0,0,140,0,0,0,0,0,69.0,0,0,0,662,0,0,1,169.0,4,1,848,6
0,0,0,0,0,0,0,0,0,0,0,0,0,0,66.0,0,0,0,0,0,0,0,0.0,4,1,540,5
0,0,0,0,0,0,0,0,0,1,0,0,0,0,75.0,0,0,0,608,0,0,0,243.0,7,1,1442,6
0,0,0,0,0,0,0,564,207,1,0,0,0,0,45.0,0,0,0,0,0,0,0,0.0,7,1,686,5
0,0,0,0,0,0,0,0,0,0,0,0,34,0,48.0,0,0,0,0,0,0,0,442.0,6,2,1649,7
0,0,0,0,0,0,0,0,0,0,0,0,0,0,69.0,0,0,0,486,0,0,1,0.0,4,1,1008,5
0,0,0,0,0,0,0,0,150,0,0,0,59,0,69.0,0,0,0,1218,0,0,2,148.0,7,2,1568,8
0,0,0,0,0,0,0,0,0,0,0,0,0,0,80.0,0,0,0,504,0,0,0,80.0,6,1,1010,6
0,0,0,0,0,0,0,0,192,0,0,0,35,0,44.0,0,0,0,733,0,0,1,128.0,6,2,1358,7
0,0,0,0,0,0,0,842,0,1,0,0,45,0,72.0,0,0,0,0,0,0,0,0.0,6,2,798,7
0,0,0,0,0,0,0,0,0,0,0,0,32,0,60.0,0,0,0,0,0,0,0,0.0,4,1,936,4
0,0,0,0,0,0,0,886,100,1,0,0,48,0,69.0,0,0,0,0,0,0,1,0.0,7,2,847,7
0,0,0,0,0,0,0,545,335,0,0,0,0,0,60.0,0,0,0,0,0,0,1,0.0,7,2,778,6
0,0,0,0,0,0,0,0,0,0,0,0,140,0,81.0,0,0,0,0,0,0,1,0.0,7,2,1489,8
0,0,0,0,0,0,0,0,0,0,0,0,0,0,50.0,0,0,0,784,0,0,0,0.0,5,1,784,5
0,0,0,0,0,0,0,0,290,0,0,0,39,0,65.0,0,0,0,20,0,0,1,0.0,6,2,1454,7
0,0,0,0,0,0,0,966,486,1,0,0,0,0,69.0,0,0,0,249,0,0,0,0.0,7,2,1013,5
0,0,0,0,0,0,0,0,0,1,0,0,0,0,80.0,0,0,0,1040,0,0,2,387.0,6,1,1392,6
0,0,0,0,0,0,0,888,192,1,0,0,39,0,44.0,0,0,0,483,0,0,1,223.0,7,2,941,7
0,0,0,0,0,0,0,0,0,1,0,0,0,0,100.0,0,0,0,196,0,0,0,180.0,6,1,1516,6
0,0,0,0,0,0,0,0,0,0,0,0,0,0,75.0,0,0,0,572,0,0,0,136.0,6,1,1144,5
0,0,0,0,0,0,0,0,290,0,0,0,0,0,60.0,0,0,0,442,0,0,0,0.0,4,2,1067,4
0,0,0,0,0,0,0,0,0,0,0,0,116,0,90.0,0,0,0,338,0,0,0,0.0,5,1,1559,5
0,0,0,0,0,0,0,0,278,1,0,0,0,0,75.0,0,0,0,0,0,0,0,0.0,6,1,1099,5
0,0,0,0,0,0,0,432,0,0,0,0,0,0,70.0,0,0,0,352,0,0,0,0.0,6,1,768,5
0,0,0,0,0,0,0,672,0,0,0,0,0,0,69.0,0,0,0,156,0,0,0,0.0,7,2,672,6
0,0,0,0,0,0,0,581,70,0,0,0,78,0,60.0,0,0,0,0,0,0,1,0.0,8,2,650,5
0,0,0,0,0,0,0,0,0,1,0,0,129,0,82.0,0,0,0,312,0,0,0,183.0,6,1,1127,6
0,0,0,0,0,0,0,0,0,0,0,0,0,0,80.0,0,0,0,0,0,0,0,0.0,10,2,1800,5
0,0,0,0,0,0,0,540,418,1,0,0,0,0,100.0,0,0,0,0,0,0,1,0.0,7,1,876,5
0,0,0,0,0,0,0,0,0,0,0,0,0,0,69.0,0,0,0,1390,0,0,2,0.0,6,2,1390,5
0,0,0,0,0,0,0,769,234,1,0,0,72,0,75.0,0,0,0,513,0,0,1,137.0,7,2,740,7
0,0,0,0,0,0,0,0,0,0,0,0,0,0,36.0,0,0,0,460,0,0,1,0.0,5,1,864,5
0,0,0,0,0,0,0,1051,486,0,0,0,40,0,75.0,0,0,0,0,0,0,1,0.0,10,3,907,6
0,0,0,0,0,0,0,761,113,1,0,0,100,0,80.0,0,0,0,0,0,0,1,360.0,7,2,528,6
0,0,0,0,0,0,0,0,140,0,0,0,0,0,36.0,0,0,0,659,0,0,0,170.0,3,1,848,6
0,0,0,0,0,0,0,0,143,0,0,0,20,0,69.0,0,0,0,0,0,0,1,40.0,7,2,1273,8
0,0,0,0,0,0,0,728,0,0,0,0,0,0,53.0,0,0,0,364,0,0,2,0.0,7,2,918,7
0,0,0,0,0,0,0,0,180,1,0,0,0,0,69.0,0,0,0,564,0,0,1,115.0,7,1,1127,6
0,0,0,0,0,0,0,0,0,1,0,0,418,0,102.0,0,0,0,306,0,0,1,0.0,6,1,1763,5
0,0,0,0,0,0,0,0,0,1,0,0,104,0,69.0,0,0,0,659,0,0,0,0.0,6,1,1040,5
0,0,0,0,0,0,0,0,0,0,0,0,0,0,69.0,0,0,0,505,0,0,0,0.0,5,1,940,6
0,0,0,0,0,0,0,779,0,1,0,0,36,0,65.0,0,0,0,0,0,0,1,0.0,6,2,702,6
0,0,0,0,0,0,0,0,0,0,0,0,0,0,80.0,0,0,0,0,0,0,1,189.0,6,2,1090,7
0,0,0,0,0,0,0,1142,0,1,0,0,65,0,69.0,0,0,0,619,0,0,1,220.0,9,2,1054,6
0,0,0,0,0,0,0,514,0,1,0,0,240,0,55.0,0,0,0,0,0,0,1,0.0,7,1,912,7
0,0,0,0,0,0,0,0,0,1,0,0,0,0,75.0,0,0,0,841,0,0,0,0.0,6,1,1039,5
0,0,0,0,0,0,0,0,0,0,0,0,0,0,81.0,0,0,0,338,0,0,0,0.0,6,2,1040,6
0,0,0,0,0,0,0,0,0,0,0,0,0,0,70.0,0,0,0,1148,0,0,0,0.0,6,1,1148,5
0,0,0,0,0,0,0,0,0,0,0,0,140,0,72.0,0,0,0,0,0,0,0,0.0,6,2,1372,7
0,0,0,0,0,0,0,0,0,0,0,0,0,0,69.0,0,0,0,828,0,0,0,76.0,5,1,1002,5
0,0,0,0,0,0,0,0,192,0,0,0,80,0,67.0,0,0,0,0,0,0,1,274.0,6,2,1638,8
0,0,0,0,0,0,0,0,168,1,0,0,0,0,85.0,0,0,0,932,0,0,0,0.0,5,1,1040,4
0,0,0,0,0,0,0,720,120,0,0,0,144,0,69.0,0,0,0,0,0,0,1,0.0,7,2,0,5
0,0,0,0,0,0,0,887,156,1,0,0,90,0,80.0,0,0,0,750,0,0,1,246.0,8,2,1050,7
0,0,0,0,0,0,0,0,0,0,0,0,0,0,60.0,0,0,0,0,0,0,0,0.0,5,1,894,5
0,0,0,0,0,0,0,878,0,1,0,0,77,0,70.0,0,0,0,505,0,0,0,116.0,7,2,804,6
0,0,0,0,0,0,0,0,196,0,0,0,0,0,74.0,0,0,0,0,0,0,0,0.0,5,1,105,5
0,0,0,0,0,0,0,0,0,0,0,0,28,0,60.0,0,0,0,375,0,0,1,0.0,6,1,832,5
0,0,0,0,0,0,0,455,26,1,0,0,0,0,52.0,0,0,0,0,0,0,0,0.0,5,1,676,5
0,0,0,0,0,0,0,1426,208,1,0,0,364,0,75.0,0,0,0,64,0,0,1,0.0,11,2,1184,8
0,0,0,0,0,0,0,0,0,0,0,0,0,0,94.0,0,0,0,633,0,0,0,0.0,5,1,1064,4
0,0,0,0,0,0,0,762,184,1,0,0,0,0,74.0,0,0,0,1170,0,0,1,216.0,10,2,1462,9
0,0,0,0,0,0,0,0,192,0,0,0,0,0,88.0,0,0,0,899,0,0,0,0.0,6,1,1109,5
0,0,0,0,0,0,0,0,0,0,0,0,0,0,69.0,0,0,0,646,0,0,0,90.0,6,1,864,5
0,0,0,0,0,0,0,0,0,1,0,0,49,0,60.0,0,0,0,980,0,0,0,0.0,5,1,1090,5
0,0,0,0,0,0,0,530,168,1,0,0,36,0,44.0,0,0,0,902,0,0,1,117.0,7,2,1156,7
0,0,0,0,0,0,0,785,342,1,0,0,40,0,69.0,0,0,0,0,0,0,1,0.0,7,2,808,6
0,0,0,0,0,0,0,795,0,0,0,0,188,0,60.0,0,0,0,0,0,0,0,0.0,10,1,795,4
0,0,0,0,0,0,0,0,0,0,0,0,0,0,65.0,0,0,0,432,0,0,0,60.0,5,1,892,5
0,0,0,0,0,0,0,0,97,0,0,0,65,0,50.0,0,0,0,1238,0,0,1,60.0,5,2,1698,9
0,0,0,0,0,0,0,0,272,0,0,0,54,0,70.0,0,0,0,528,0,0,0,122.0,8,2,1626,5
0,0,0,0,0,0,0,521,121,1,0,0,0,0,59.0,0,0,0,0,0,0,0,0.0,8,1,816,5
0,0,0,0,0,0,0,0,81,0,0,0,207,0,95.0,0,0,0,351,0,0,1,0.0,8,2,2217,8
0,0,0,0,0,0,0,252,0,0,0,0,0,0,60.0,0,0,0,0,0,0,1,0.0,6,1,672,5
0,0,0,0,0,0,0,765,243,1,0,0,0,0,70.0,0,0,0,226,0,0,1,92.0,7,2,918,6
0,0,0,0,0,0,0,0,192,0,0,0,0,0,70.0,0,0,0,663,0,0,0,0.0,6,1,1059,6
0,0,0,0,0,0,0,0,511,0,0,0,116,0,69.0,0,0,0,1064,0,0,1,0.0,6,1,1383,5
0,0,0,0,0,0,0,0,0,0,0,0,0,0,64.0,0,0,0,0,0,0,0,0.0,8,2,0,5
0,0,0,0,0,0,0,813,0,1,0,0,50,0,71.0,0,0,0,400,0,0,1,415.0,8,1,780,6
0,0,0,0,0,0,0,0,0,0,0,0,28,0,50.0,0,0,0,285,0,0,0,0.0,6,1,951,4
0,0,0,0,0,0,0,1120,154,0,0,0,0,0,64.0,0,0,0,0,0,0,0,0.0,12,2,0,5
0,0,0,0,0,0,0,0,0,1,0,0,67,0,100.0,0,0,0,2188,0,0,2,760.0,11,2,2330,9
0,0,0,0,0,0,0,0,0,0,0,0,0,0,65.0,0,0,0,465,0,0,1,0.0,6,1,912,5
0,0,0,0,0,0,0,0,0,0,0,0,0,0,69.0,0,0,0,322,0,0,0,0.0,4,1,858,4
0,0,0,0,0,0,0,0,0,0,0,0,0,0,64.0,0,0,0,860,0,0,0,0.0,5,1,992,5
0,0,0,0,0,0,0,702,0,1,0,0,75,0,63.0,0,0,0,0,0,0,1,0.0,8,2,783,7
0,0,0,0,0,0,0,0,144,0,0,0,60,0,50.0,0,0,0,0,0,0,1,27.0,7,2,1670,7
0,0,0,0,0,0,0,0,0,0,0,0,0,0,69.0,0,0,0,599,0,0,0,75.0,6,1,876,5
0,0,0,0,0,0,0,0,0,0,0,0,0,0,80.0,0,0,0,354,0,0,0,110.0,6,1,1056,5
0,0,0,0,0,0,0,1037,0,1,0,0,0,0,86.0,0,0,0,223,0,0,1,0.0,6,1,1017,7
0,0,0,0,0,0,0,0,164,0,0,0,0,0,69.0,0,0,0,301,0,0,0,0.0,5,1,864,5
0,0,0,0,0,0,0,1169,0,0,0,0,0,0,80.0,0,0,0,443,0,0,0,361.0,12,2,1105,5
0,0,0,0,0,0,0,0,173,1,0,0,0,0,69.0,0,0,0,196,0,0,0,0.0,5,1,1268,5
0,0,0,0,0,0,0,0,0,0,0,0,0,0,51.0,0,0,0,489,0,0,0,0.0,6,1,768,5
0,0,0,0,0,0,0,1001,0,0,0,0,0,0,82.0,0,0,0,284,0,0,0,0.0,8,2,1001,5
0,0,0,0,0,0,0,0,0,0,0,0,0,0,50.0,0,0,0,50,0,0,0,0.0,4,0,480,2
0,0,0,0,0,0,0,0,0,0,0,0,0,0,69.0,0,0,0,1059,0,0,0,0.0,6,1,1134,4
0,0,0,0,0,0,0,1215,72,1,0,0,192,0,103.0,0,0,0,48,0,0,1,0.0,8,2,1104,7
0,0,0,0,0,0,0,0,0,0,0,0,51,0,87.0,0,0,0,528,0,0,1,0.0,6,1,1184,6
0,0,0,0,0,0,0,785,300,1,0,0,87,0,70.0,0,0,0,814,0,0,0,105.0,7,2,928,6
0,0,0,0,0,0,0,928,0,2,0,0,70,0,67.0,0,0,0,1084,0,0,0,0.0,9,2,1272,5
0,0,0,0,0,0,0,0,100,0,0,0,0,0,65.0,0,0,0,28,0,0,1,0.0,6,2,1316,6
0,0,0,0,0,0,0,0,0,0,0,0,69,0,50.0,0,0,0,165,0,0,1,0.0,5,2,1604,6
0,0,0,0,0,0,0,0,384,0,0,0,131,0,79.0,0,0,0,625,0,0,1,157.0,7,2,1686,6
0,0,0,0,0,0,0,0,180,0,0,0,0,0,69.0,0,0,0,767,0,0,0,0.0,6,2,1126,5
0,0,0,0,0,0,0,1140,104,1,0,0,100,0,93.0,0,0,0,0,0,0,1,340.0,10,2,1181,8
0,0,0,0,0,0,0,880,0,1,0,0,43,0,69.0,0,0,0,552,0,0,1,342.0,9,2,832,7
0,0,0,0,0,0,0,0,202,0,0,0,151,0,69.0,0,0,0,0,0,0,1,0.0,7,2,1753,8
0,0,0,0,0,0,0,1243,0,1,0,0,0,0,69.0,0,0,0,0,0,0,1,285.0,8,2,964,7
0,0,0,0,0,0,0,0,100,0,0,0,18,0,73.0,0,0,0,16,0,0,0,0.0,7,2,1466,8
0,0,0,0,0,0,0,0,0,0,0,0,0,0,70.0,0,0,0,338,0,0,0,0.0,5,1,925,5
0,0,0,0,0,0,0,0,0,0,0,0,191,0,84.0,0,0,0,0,0,0,1,302.0,8,2,1905,9
0,0,0,0,0,0,0,0,192,0,0,0,36,0,63.0,0,0,0,20,0,0,0,210.0,6,2,1500,7
0,0,0,0,0,0,0,0,0,0,0,0,0,0,52.0,0,0,0,0,0,0,0,108.0,5,1,600,4
0,0,0,0,0,0,0,0,0,0,0,0,41,0,67.0,0,0,0,833,0,0,0,0.0,5,2,1176,7
0,0,0,0,0,0,0,858,0,1,0,0,48,0,75.0,0,0,0,341,0,0,1,0.0,8,2,1113,7
0,0,0,0,0,0,0,571,0,1,0,0,90,0,73.0,0,0,0,464,0,0,0,0.0,7,2,1391,7
0,0,0,0,0,0,0,1196,56,0,0,0,0,0,69.0,0,0,0,0,0,0,2,0.0,10,2,1032,7
0,0,0,0,0,0,0,0,40,0,0,0,0,0,55.0,0,0,0,936,0,0,0,0.0,8,2,1728,6
0,0,0,0,0,0,0,1038,0,1,0,0,0,0,69.0,0,0,0,772,0,0,1,298.0,8,2,992,7
0,0,0,0,0,0,0,0,321,0,0,0,0,0,42.0,0,0,0,1440,0,0,0,0.0,8,2,1440,4
0,0,0,0,0,0,0,0,0,0,0,0,0,0,100.0,0,0,0,0,0,0,0,0.0,8,2,1632,5
0,0,0,0,0,0,0,0,0,0,0,0,118,0,69.0,0,0,0,111,0,0,1,541.0,7,1,819,6
0,0,0,0,0,0,0,561,48,0,0,0,0,0,98.0,0,0,0,1088,0,0,0,0.0,7,1,1088,5
0,0,0,0,0,0,0,0,86,0,0,0,0,0,70.0,0,0,0,748,0,0,1,128.0,6,1,1144,5
0,0,0,0,0,0,0,0,0,0,0,0,252,0,85.0,0,0,0,1300,0,0,1,236.0,9,2,1616,8
0,0,0,0,0,0,0,840,144,1,0,0,96,0,65.0,0,0,0,0,0,0,1,144.0,7,2,936,7
0,0,0,0,0,0,0,0,0,1,0,0,0,0,78.0,0,0,0,982,0,0,1,0.0,5,1,1161,6
0,0,0,0,0,0,0,0,194,0,0,0,0,0,60.0,0,0,0,398,0,0,0,0.0,5,1,864,5
0,0,0,0,0,0,0,0,421,0,0,0,0,0,60.0,0,0,0,641,0,0,0,0.0,6,1,828,5
0,0,0,0,0,0,0,0,192,0,0,0,0,0,60.0,0,0,0,660,0,0,0,0.0,5,1,768,5
0,0,0,0,0,0,0,800,305,1,0,0,189,0,69.0,0,0,0,562,0,0,1,232.0,7,2,784,5
0,0,0,0,0,0,0,0,0,0,0,0,0,0,35.0,0,0,0,945,0,0,0,250.0,4,2,945,6
0,0,0,0,0,0,0,979,0,0,0,0,0,0,82.0,0,0,0,484,0,0,0,423.0,8,2,979,6
0,0,0,0,0,0,0,0,0,0,0,0,0,0,70.0,0,0,0,417,0,0,0,0.0,6,1,1057,5
0,0,0,0,0,0,0,0,0,0,0,0,39,0,65.0,0,0,0,699,0,0,0,0.0,6,2,1337,7
0,0,0,0,0,0,0,0,117,0,0,0,0,0,50.0,0,0,0,696,0,0,0,0.0,4,1,858,5
0,0,0,0,0,0,0,1330,550,1,0,0,282,0,69.0,0,0,0,896,0,0,1,424.0,11,2,1330,6
0,0,0,0,0,0,0,1070,0,1,0,0,40,0,80.0,0,0,0,624,0,0,1,44.0,8,2,817,7
0,0,0,0,0,0,0,701,0,1,0,0,72,0,65.0,0,0,0,0,0,0,1,0.0,8,2,783,6
0,0,0,0,0,0,0,0,0,0,0,0,0,0,69.0,0,0,0,902,0,0,0,151.0,6,1,1098,5
0,0,0,0,0,0,0,368,0,0,0,0,0,0,50.0,0,0,0,0,0,0,0,0.0,6,1,600,3
0,0,0,0,0,0,0,0,0,0,0,0,0,0,75.0,0,0,0,513,0,0,0,105.0,6,1,588,6
0,0,0,0,0,0,0,472,0,1,0,0,0,0,60.0,0,0,0,0,0,0,0,0.0,6,1,720,4
0,0,0,0,0,0,0,862,0,0,0,0,27,0,36.0,0,0,0,567,0,0,0,106.0,6,2,764,7
0,0,0,0,0,0,0,0,28,0,0,0,0,0,55.0,0,0,0,0,0,0,1,0.0,5,2,918,6
0,0,0,0,0,0,0,0,0,0,0,0,120,0,95.0,0,0,0,0,0,0,0,0.0,6,2,1428,7
0,0,0,0,0,0,0,883,509,0,0,0,135,0,60.0,0,0,0,0,0,0,0,0.0,8,1,728,7
0,0,0,0,0,0,0,709,153,1,0,0,50,0,69.0,0,0,0,641,0,0,0,0.0,6,2,673,7
0,0,0,0,0,0,0,0,0,0,0,0,0,0,51.0,0,0,0,0,0,0,0,0.0,4,1,440,4
0,0,0,0,0,0,0,0,0,1,0,0,116,0,35.0,0,0,0,1106,0,0,0,0.0,4,1,1241,7
0,0,0,0,0,0,0,0,0,0,0,0,0,0,68.0,0,0,0,552,0,0,0,0.0,5,1,894,4
0,0,0,0,0,0,0,0,0,0,0,0,80,0,80.0,0,0,0,651,0,0,0,0.0,5,1,1121,5
0,0,0,0,0,0,0,0,144,0,0,0,76,0,69.0,0,0,0,867,0,0,0,210.0,6,1,944,7
0,0,0,0,0,0,0,1336,250,1,0,0,0,0,98.0,0,0,0,854,0,0,1,975.0,8,2,1225,8
0,0,0,0,0,0,0,0,100,0,0,0,16,0,43.0,0,0,0,0,0,0,1,16.0,6,2,1266,7
0,0,0,0,0,0,0,1141,0,1,0,0,0,0,69.0,0,0,0,0,0,0,1,0.0,9,2,1128,8
0,0,0,0,0,0,0,432,0,0,0,0,0,0,75.0,0,0,0,0,0,0,0,0.0,8,2,0,5
0,0,0,0,0,0,0,0,0,0,0,0,48,0,68.0,0,0,0,1040,0,0,0,0.0,5,1,1164,5
0,0,0,0,0,0,0,634,394,0,0,0,0,0,59.0,0,0,0,0,0,0,0,0.0,5,1,485,6
0,0,0,0,0,0,0,0,168,1,0,0,95,0,83.0,0,0,0,1646,0,0,1,450.0,8,2,1930,9
0,0,0,0,0,0,0,912,0,1,0,0,224,0,69.0,0,0,0,156,0,0,1,298.0,8,2,848,6
0,0,0,0,0,0,0,798,0,1,0,0,50,0,65.0,0,0,0,0,0,0,0,0.0,6,2,770,7
0,0,0,0,0,0,0,985,0,1,0,0,70,0,82.0,0,0,0,1074,0,0,1,423.0,7,2,1396,8
0,0,0,0,0,0,0,831,239,1,0,0,42,0,80.0,0,0,0,536,0,0,1,340.0,7,2,822,6
0,0,0,0,0,0,0,750,0,1,0,0,35,0,68.0,0,0,0,0,0,0,0,0.0,6,2,750,6
0,0,0,0,0,0,0,0,216,0,0,0,48,0,96.0,0,0,0,1172,0,0,1,230.0,7,2,1700,10
0,0,0,0,0,0,0,456,0,1,0,0,57,0,51.0,0,0,0,384,0,0,0,0.0,5,1,747,4
0,0,0,0,0,0,0,0,0,0,0,0,319,0,69.0,0,0,0,915,0,0,0,0.0,6,1,1050,5
0,0,0,0,0,0,0,0,371,0,0,0,0,0,69.0,0,0,0,0,0,0,1,571.0,6,2,1442,6
0,0,0,0,0,0,0,0,0,0,0,0,100,0,60.0,0,0,0,0,0,0,1,0.0,6,1,1007,3
0,0,0,0,0,0,0,0,105,0,0,0,61,0,64.0,0,0,0,686,0,0,0,24.0,6,2,1187,7
0,0,0,0,0,0,0,0,0,0,0,0,0,0,74.0,0,0,0,0,0,0,0,0.0,4,1,0,3
0,0,0,0,0,0,0,0,0,0,0,0,20,0,60.0,0,0,0,0,0,0,0,0.0,4,1,691,5
0,0,0,0,0,0,0,0,144,0,0,0,104,0,75.0,0,0,0,24,0,0,1,53.0,7,2,1574,8
0,0,0,0,0,0,0,0,0,0,0,0,0,0,69.0,0,0,0,0,0,0,0,164.0,8,2,1680,5
0,0,0,0,0,0,0,0,156,0,0,0,0,0,43.0,0,0,0,16,0,0,1,16.0,7,2,1346,7
0,0,0,0,0,0,0,0,210,0,0,0,0,0,65.0,0,0,0,595,0,0,0,220.0,6,2,985,5
0,0,0,0,0,0,0,0,0,0,0,0,0,0,69.0,0,0,0,1237,0,0,1,0.0,7,2,1657,6
0,0,0,0,0,0,0,0,100,0,0,0,48,0,43.0,0,0,0,0,0,0,1,108.0,7,2,1710,7
0,0,0,0,0,0,0,0,0,0,0,0,0,0,60.0,0,0,0,0,0,0,0,0.0,7,2,1008,5
0,0,0,0,0,0,0,0,0,0,0,0,0,0,75.0,0,0,0,0,0,0,0,0.0,8,2,0,5
0,0,0,0,0,0,0,602,96,1,0,0,0,0,55.0,0,0,0,0,0,0,2,0.0,7,1,602,6
0,0,0,0,0,0,0,0,0,0,0,0,30,0,60.0,0,0,0,247,0,0,0,0.0,4,1,1022,5
0,0,0,0,0,0,0,0,0,0,0,0,130,0,60.0,0,0,0,336,0,0,1,206.0,5,1,1082,6
0,0,0,0,0,0,0,855,0,1,0,0,45,0,70.0,0,0,0,643,0,0,0,0.0,6,2,810,8
0,0,0,0,0,0,0,0,115,0,0,0,66,0,73.0,0,0,0,690,0,0,1,196.0,6,2,1504,7
0,0,0,0,0,0,0,0,63,0,0,0,0,0,69.0,0,0,0,1036,0,0,1,0.0,4,1,1220,8
0,0,0,0,0,0,0,670,164,1,0,0,0,0,69.0,0,0,0,0,0,0,1,76.0,7,2,384,7
0,0,0,0,0,0,0,0,142,0,0,0,20,0,43.0,0,0,0,16,0,0,1,145.0,6,2,1362,7
0,0,0,0,0,0,0,0,252,1,0,0,64,0,60.0,0,0,0,1024,0,0,0,0.0,5,1,1132,4
0,0,0,0,0,0,0,0,105,0,0,0,54,0,64.0,0,0,0,684,0,0,0,84.0,6,2,1199,7
0,0,0,0,0,0,0,336,0,0,0,0,0,0,52.0,0,0,0,324,0,0,0,0.0,6,1,912,5
0,0,0,0,0,0,0,0,156,0,0,0,20,0,43.0,0,0,0,16,0,0,1,14.0,7,2,1346,7
0,0,0,0,0,0,0,0,0,0,0,0,72,0,69.0,0,0,0,1165,0,0,1,0.0,10,2,1565,8
0,0,0,0,0,0,0,0,96,0,0,0,0,0,70.0,0,0,0,138,0,0,0,0.0,5,1,882,5
0,0,0,0,0,0,0,0,0,0,0,0,0,0,73.0,0,0,0,697,0,0,2,324.0,6,1,1268,5
0,0,0,0,0,0,0,0,192,0,0,0,44,0,71.0,0,0,0,1513,0,0,1,338.0,7,2,1638,8
0,0,0,0,0,0,0,408,0,0,0,0,0,0,79.0,0,0,0,368,0,0,1,0.0,6,1,768,5
0,0,0,0,0,0,0,980,0,0,0,0,0,0,69.0,0,0,0,0,0,0,0,0.0,10,2,686,5
0,0,0,0,0,0,0,998,136,1,0,0,63,0,102.0,0,0,0,523,0,0,2,0.0,12,2,824,7
0,0,0,0,0,0,0,1168,209,1,0,0,55,0,69.0,0,0,0,1012,0,0,1,0.0,10,2,1338,8
0,0,0,0,0,0,0,0,0,0,0,0,136,0,69.0,0,0,0,986,0,0,0,295.0,6,2,1654,7
0,0,0,0,0,0,0,0,0,0,0,0,0,0,50.0,0,0,0,0,0,0,1,0.0,5,1,920,5
0,0,0,0,0,0,0,0,186,0,0,0,0,0,69.0,0,0,0,0,0,0,0,0.0,5,1,0,4
0,0,0,0,0,0,0,0,228,0,0,0,0,0,89.0,0,0,0,1022,0,0,1,70.0,6,2,1620,9
0,0,0,0,0,0,0,1208,0,1,0,0,45,0,69.0,0,0,0,0,0,0,1,396.0,7,2,1055,8
0,0,0,0,0,0,0,0,0,0,0,0,0,0,88.0,0,0,0,168,0,0,1,67.0,8,2,1134,5
0,0,0,0,0,0,0,832,0,1,0,0,40,0,69.0,0,0,0,400,0,0,0,252.0,7,1,800,6
0,0,0,0,0,0,0,0,170,0,0,0,63,0,34.0,0,0,0,900,0,0,1,135.0,5,2,1306,6
0,0,0,0,0,0,0,797,192,1,0,0,121,0,86.0,0,0,0,1085,0,0,1,99.0,10,2,1475,7
0,0,0,0,0,0,0,0,474,1,0,0,120,0,80.0,0,0,0,1104,0,0,1,0.0,9,2,2524,8
0,0,0,0,0,0,0,0,0,0,0,0,0,0,69.0,0,0,0,0,0,0,1,0.0,8,2,0,3
0,0,0,0,0,0,0,876,214,1,0,0,108,0,85.0,0,0,0,240,0,0,1,208.0,11,3,1992,9
0,0,0,0,0,0,0,0,0,0,0,0,0,0,57.0,0,0,0,686,0,0,0,0.0,5,1,990,5
0,0,0,0,0,0,0,0,0,0,0,0,0,0,100.0,0,0,0,0,0,0,1,75.0,9,1,0,5
0,0,0,0,0,0,0,0,0,0,0,0,0,0,60.0,0,0,0,0,0,0,0,0.0,6,1,0,4
0,0,0,0,0,0,0,0,0,0,0,0,22,0,73.0,0,0,0,0,0,0,0,0.0,6,2,1302,7
0,0,0,0,0,0,0,0,0,0,0,0,20,0,103.0,0,0,0,0,0,0,1,0.0,6,2,1316,7
0,0,0,0,0,0,0,850,0,1,0,0,52,0,100.0,0,0,0,442,0,0,1,272.0,9,1,816,6
0,0,0,0,0,0,0,0,116,0,0,0,78,0,68.0,0,0,0,383,0,0,1,145.0,7,1,1216,5
0,0,0,0,0,0,0,898,199,1,0,0,60,0,90.0,0,0,0,932,0,0,1,210.0,7,2,1065,8
0,0,0,0,0,0,0,0,0,0,0,0,0,0,104.0,0,0,0,644,0,0,1,160.0,7,2,1193,6
0,0,0,0,0,0,0,0,192,0,0,0,36,0,43.0,0,0,0,659,0,0,1,240.0,6,2,1364,7
0,0,0,0,0,0,0,871,168,1,0,0,98,0,69.0,0,0,0,595,0,0,1,0.0,7,2,973,7
0,0,0,0,0,0,0,1054,0,1,0,0,102,0,96.0,0,0,0,936,0,0,1,154.0,10,2,1104,9
0,0,0,0,0,0,0,895,0,1,0,0,0,0,69.0,0,0,0,297,0,0,1,480.0,7,1,854,6
0,0,0,0,0,0,0,0,0,0,0,0,0,0,41.0,0,0,0,616,0,0,0,0.0,6,2,1338,8
0,0,0,0,0,0,0,915,0,0,0,0,57,0,85.0,0,0,0,0,0,0,0,0.0,10,2,662,5
0,0,0,0,0,0,0,0,166,0,0,0,120,0,50.0,0,0,0,397,0,0,1,0.0,5,1,1103,6
0,0,0,0,0,0,0,0,0,1,0,0,58,0,69.0,0,0,0,740,0,0,1,200.0,6,1,1154,5
0,0,0,0,0,0,0,954,296,1,0,0,44,0,80.0,0,0,0,1201,0,0,0,0.0,7,2,1306,7
0,0,0,0,0,0,0,772,0,1,0,0,40,0,59.0,0,0,0,0,0,0,1,0.0,7,2,799,6
0,0,0,0,0,0,0,813,328,1,0,0,128,0,80.0,0,0,0,674,0,0,0,360.0,7,1,780,6
0,0,0,0,0,0,0,1230,728,1,0,0,20,0,42.0,0,0,0,837,0,0,1,0.0,10,2,942,6
0,0,0,0,0,0,0,0,0,0,0,0,0,0,60.0,0,0,0,220,0,0,0,0.0,4,1,845,5
0,0,0,0,0,0,0,0,0,0,0,0,20,0,72.0,0,0,0,586,0,0,0,120.0,6,1,1048,5
0,0,0,0,0,0,0,727,0,1,0,0,0,0,78.0,0,0,0,298,0,0,0,0.0,8,1,727,6
0,0,0,0,0,0,0,454,0,0,0,0,0,0,50.0,0,0,0,0,0,0,1,0.0,7,1,810,5
0,0,0,0,0,0,0,728,252,1,0,0,0,0,75.0,0,0,0,535,0,0,0,140.0,6,1,690,6
0,0,0,0,0,0,0,0,140,0,0,0,93,0,74.0,0,0,0,0,0,0,0,0.0,5,2,1240,7
0,0,0,0,0,0,0,780,0,1,0,0,0,0,75.0,0,0,0,410,0,0,2,0.0,6,1,800,7
0,0,0,0,0,0,0,370,436,0,0,0,21,0,60.0,0,0,0,626,0,0,1,0.0,7,2,796,5
0,0,0,0,0,0,0,0,240,0,0,0,32,0,69.0,0,0,0,75,0,0,0,0.0,6,1,1096,5
0,0,0,0,0,0,0,0,140,0,0,0,0,0,37.0,0,0,0,662,0,0,1,169.0,3,1,848,6
0,0,0,0,0,0,0,0,0,0,0,0,64,0,65.0,0,0,0,495,0,0,0,0.0,5,1,990,5
0,0,0,0,0,0,0,0,55,0,0,0,0,0,80.0,0,0,0,656,0,0,0,144.0,5,2,1258,6
0,0,0,0,0,0,0,0,0,1,0,0,0,0,75.0,0,0,0,824,0,0,0,0.0,5,1,1040,5
0,0,0,0,0,0,0,0,192,0,0,0,39,0,70.0,0,0,0,0,0,0,1,100.0,6,2,1459,7
0,0,0,0,0,0,0,0,0,0,0,0,116,0,80.0,0,0,0,553,0,0,2,425.0,6,1,1251,6
0,0,0,0,0,0,0,807,315,1,0,0,44,0,69.0,0,0,0,592,0,0,1,0.0,6,2,691,6
0,0,0,0,0,0,0,0,120,0,0,0,0,0,73.0,0,0,0,747,0,0,0,0.0,5,1,936,6
0,0,0,0,0,0,0,546,120,1,0,0,96,0,69.0,0,0,0,334,0,0,0,0.0,6,1,546,4
0,0,0,0,0,0,0,871,160,1,0,0,50,0,85.0,0,0,0,0,0,0,1,0.0,9,2,1082,8
0,0,0,0,0,0,0,0,0,1,0,0,84,0,37.0,0,0,0,1039,0,0,1,0.0,4,1,1247,8
0,0,0,0,0,0,0,0,0,0,0,0,0,0,60.0,0,0,0,0,0,0,0,0.0,6,2,0,3
0,0,0,0,0,0,0,304,342,0,0,0,0,0,60.0,0,0,0,423,0,0,1,0.0,7,2,1181,6
0,0,0,0,0,0,0,0,0,1,0,0,64,0,71.0,0,0,0,661,0,0,0,166.0,6,1,864,5
0,0,0,0,0,0,0,0,0,0,0,0,0,0,74.0,0,0,0,248,0,0,0,0.0,4,1,936,5
0,0,0,0,0,0,0,0,0,0,0,0,22,0,78.0,0,0,0,24,0,0,1,0.0,6,2,1314,6
0,0,0,0,0,0,0,582,136,1,0,0,0,0,60.0,0,0,0,0,0,0,0,0.0,7,1,684,6
0,0,0,0,0,0,0,0,0,1,0,0,74,0,69.0,0,0,0,0,0,0,0,0.0,5,1,1074,8
0,0,0,0,0,0,0,567,0,0,0,0,0,0,50.0,0,0,0,672,0,0,0,0.0,6,1,672,4
0,0,0,0,0,0,0,0,0,0,0,0,0,0,82.0,0,0,0,704,0,0,1,206.0,7,2,1271,7
0,0,0,0,0,0,0,0,0,0,0,0,0,0,60.0,0,0,0,290,0,0,0,0.0,3,1,290,2
0,0,0,0,0,0,0,0,0,0,0,0,0,0,61.0,0,0,0,412,0,0,0,0.0,5,1,950,5
0,0,0,0,0,0,0,0,0,0,0,0,16,0,70.0,0,0,0,588,0,0,0,45.0,6,1,1010,5
0,0,0,0,0,0,0,0,0,0,0,0,0,0,79.0,0,0,0,655,0,0,1,0.0,6,1,655,6
0,0,0,0,0,0,0,1122,186,1,0,0,32,0,98.0,0,0,0,1032,0,0,2,362.0,9,2,1463,8
0,0,0,0,0,0,0,742,100,1,0,0,48,0,69.0,0,0,0,0,0,0,1,0.0,7,2,924,6
0,0,0,0,0,0,0,0,125,0,0,0,185,0,107.0,0,0,0,1039,0,0,1,42.0,7,2,1836,8
0,0,0,0,0,0,0,885,224,1,0,0,84,0,69.0,0,0,0,219,0,0,1,0.0,8,2,773,6
0,0,0,0,0,0,0,866,0,1,0,0,69,0,80.0,0,0,0,403,0,0,1,660.0,8,2,803,7
0,0,0,0,0,0,0,0,0,0,0,0,0,0,73.0,0,0,0,708,0,0,0,0.0,5,1,816,5
0,0,0,0,0,0,0,0,0,0,0,0,18,0,66.0,0,0,0,643,0,0,0,0.0,6,1,1008,5
0,0,0,0,0,0,0,0,0,0,0,0,0,0,90.0,0,0,0,415,0,0,0,0.0,4,1,833,5
0,0,0,0,0,0,0,0,0,0,0,0,0,0,93.0,0,0,0,1004,0,0,1,328.0,7,2,1734,8
0,0,0,0,0,0,0,640,120,1,0,0,0,0,69.0,0,0,0,353,0,0,1,0.0,7,2,408,8
0,0,0,0,0,0,0,0,0,0,0,0,0,0,57.0,0,0,0,702,0,0,0,0.0,5,1,894,5
0,0,0,0,0,0,0,580,280,0,0,0,34,0,85.0,0,0,0,0,0,0,0,0.0,6,1,533,5
0,0,0,0,0,0,0,0,140,0,0,0,0,0,70.0,0,0,0,369,0,0,0,0.0,6,1,1040,5
0,0,0,0,0,0,0,0,0,0,0,0,22,0,59.0,0,0,0,0,0,0,1,0.0,6,1,1012,6
0,0,0,0,0,0,0,0,144,0,0,0,20,0,84.0,0,0,0,24,0,0,0,196.0,7,2,1552,7
0,0,0,0,0,0,0,0,64,0,0,0,0,0,69.0,0,0,0,0,0,0,0,0.0,5,1,672,4
0,0,0,0,0,0,0,0,0,0,0,0,200,0,50.0,0,0,0,0,0,0,0,0.0,4,1,698,5
0,0,0,0,0,0,0,670,100,1,0,0,25,0,69.0,0,0,0,0,0,0,1,170.0,7,2,384,7
0,0,0,0,0,0,0,0,0,0,0,0,0,0,60.0,0,0,0,0,0,0,1,0.0,5,1,1005,4
0,0,0,0,0,0,0,0,143,0,0,0,20,0,53.0,0,0,0,0,0,0,1,130.0,7,2,1373,7
0,0,0,0,0,0,0,1112,100,1,0,0,48,0,59.0,0,0,0,0,0,0,1,0.0,8,2,847,7
0,0,0,0,0,0,0,0,49,0,0,0,0,0,60.0,0,0,0,936,0,0,0,180.0,4,1,936,5
0,0,0,0,0,0,0,653,431,0,0,0,44,0,65.0,0,0,0,622,0,0,2,0.0,7,2,1122,4
0,0,0,0,0,0,0,0,0,0,0,0,28,0,63.0,0,0,0,212,0,0,0,0.0,5,1,974,5
0,0,0,0,0,0,0,1032,0,0,0,0,48,0,90.0,0,0,0,0,0,0,0,0.0,8,2,1008,6
0,0,0,0,0,0,0,878,0,1,0,0,155,0,80.0,0,0,0,584,0,0,1,0.0,8,2,1128,8
0,0,0,0,0,0,0,684,100,1,0,0,38,0,57.0,0,0,0,0,0,0,1,0.0,7,2,916,6
0,0,0,0,0,0,0,0,0,0,0,0,128,0,60.0,0,0,0,0,0,0,1,0.0,5,1,960,6
0,0,0,0,0,0,0,220,0,0,0,0,0,0,80.0,0,0,0,280,0,0,0,0.0,6,1,1032,6
0,0,0,0,0,0,0,240,0,0,0,0,0,0,54.0,0,0,0,0,0,0,0,0.0,6,1,780,5
0,0,0,0,0,0,0,0,264,0,0,0,32,0,69.0,0,0,0,1567,0,0,2,0.0,5,2,1567,6
0,0,0,0,0,0,0,0,0,0,0,0,0,0,98.0,0,0,0,645,0,0,1,0.0,6,1,915,5
0,0,0,0,0,0,0,0,0,0,0,0,0,0,60.0,0,0,0,852,0,0,0,0.0,4,1,952,5
0,0,0,0,0,0,0,780,448,1,0,0,96,0,69.0,0,0,0,381,0,0,1,44.0,9,2,780,5
0,0,0,0,0,0,0,1362,125,0,0,0,144,0,77.0,0,0,0,1150,0,0,1,340.0,11,3,1466,8
0,0,0,0,0,0,0,0,0,0,0,0,24,0,69.0,0,0,0,288,0,0,0,0.0,5,1,1006,5
0,0,0,0,0,0,0,252,0,0,0,0,0,0,60.0,0,0,0,348,0,0,0,0.0,5,1,672,4
0,0,0,0,0,0,0,534,0,0,0,0,0,0,52.0,0,0,0,0,0,0,1,0.0,8,1,1042,5
0,0,0,0,0,0,0,0,165,0,0,0,26,0,69.0,0,0,0,1258,0,0,1,85.0,5,2,1298,6
0,0,0,0,0,0,0,704,0,1,0,0,0,0,75.0,0,0,0,275,0,0,1,0.0,7,1,704,7
0,0,0,0,0,0,0,539,0,0,0,0,0,0,69.0,0,0,0,0,0,0,1,0.0,5,1,572,7
0,0,0,0,0,0,0,650,0,0,0,0,0,0,50.0,0,0,0,624,0,0,0,0.0,7,1,650,7
0,0,0,0,0,0,0,0,0,0,0,0,0,0,57.0,0,0,0,0,0,0,1,0.0,4,1,932,6
0,0,0,0,0,0,0,0,0,0,0,0,0,0,90.0,0,0,0,296,0,0,1,0.0,6,1,1073,6
0,0,0,0,0,0,0,0,0,0,0,0,0,0,69.0,0,0,0,538,0,0,0,0.0,5,1,816,6
0,0,0,0,0,0,0,918,60,2,0,0,84,0,69.0,0,0,0,454,0,0,2,288.0,8,1,864,7
0,0,0,0,0,0,0,0,0,0,0,0,21,0,90.0,0,0,0,1157,0,0,1,0.0,6,2,1437,5
0,0,0,0,0,0,0,0,0,0,0,0,92,0,85.0,0,0,0,633,0,0,1,0.0,6,2,1219,5
0,0,0,0,0,0,0,0,172,0,0,0,62,0,34.0,0,0,0,904,0,0,1,166.0,6,2,1314,7
0,0,0,0,0,0,0,0,0,0,0,0,24,0,92.0,0,0,0,0,0,0,0,186.0,7,2,1580,8
0,0,0,0,0,0,0,933,0,1,0,0,69,0,76.0,0,0,0,442,0,0,1,270.0,8,2,901,6
0,0,0,0,0,0,0,0,108,0,0,0,0,0,69.0,0,0,0,728,0,0,1,72.0,7,1,1296,6
0,0,0,0,0,0,0,0,120,2,0,0,0,0,60.0,0,0,0,1198,0,0,0,0.0,6,0,1198,4
0,0,0,0,0,0,0,0,168,1,0,0,180,0,69.0,0,0,0,680,0,0,1,0.0,5,1,1360,5
0,0,0,0,0,0,0,0,0,0,0,0,114,0,79.0,0,0,0,0,0,0,0,268.0,7,2,1502,7
0,0,0,0,0,0,0,0,160,0,0,0,33,0,64.0,0,0,0,0,0,0,0,72.0,7,2,1694,8
0,0,0,0,0,0,0,712,0,1,0,0,38,0,58.0,0,0,0,786,0,0,1,0.0,7,2,959,6
0,0,0,0,0,0,0,0,203,0,0,0,0,0,76.0,0,0,0,522,0,0,1,0.0,6,1,1096,6
0,0,0,0,0,0,0,0,0,0,0,0,0,0,76.0,0,0,0,662,0,0,1,0.0,6,1,1261,6
0,0,0,0,0,0,0,625,0,1,0,0,54,0,35.0,0,0,0,0,0,0,0,0.0,5,2,625,7
0,0,0,0,0,0,0,1175,0,1,0,0,0,0,80.0,0,0,0,503,0,0,1,0.0,9,2,952,6
0,0,0,0,0,0,0,743,0,1,0,0,33,0,85.0,0,0,0,700,0,0,1,337.0,9,2,1683,8
0,0,0,0,0,0,0,0,362,0,0,0,0,0,37.0,0,0,0,658,0,0,0,0.0,5,1,876,5
0,0,0,0,0,0,0,406,0,0,0,0,0,0,69.0,0,0,0,468,0,0,0,0.0,5,1,818,6
0,0,0,0,0,0,0,523,192,1,0,0,0,0,54.0,0,0,0,0,0,0,1,0.0,7,1,731,5
0,0,0,0,0,0,0,0,0,0,0,0,36,0,77.0,0,0,0,0,0,0,1,0.0,5,1,0,5
0,0,0,0,0,0,0,1216,0,1,0,0,0,0,69.0,0,0,0,1216,0,0,0,0.0,8,2,1216,7
0,0,0,0,0,0,0,0,162,0,0,0,53,0,64.0,0,0,0,1480,0,0,1,186.0,5,2,1600,8
0,0,0,0,0,0,0,0,229,0,0,0,0,0,60.0,0,0,0,821,0,0,1,0.0,5,1,1120,5
0,0,0,0,0,0,0,0,0,1,0,0,263,0,50.0,0,0,0,1159,0,0,2,226.0,5,1,1572,5
0,0,0,0,0,0,0,272,0,0,0,0,0,0,60.0,0,0,0,392,0,0,0,0.0,7,1,784,5
0,0,0,0,0,0,0,685,0,0,0,0,74,0,107.0,0,0,0,440,0,0,0,0.0,7,2,978,3
0,0,0,0,0,0,0,0,0,0,0,0,114,0,89.0,0,0,0,1456,0,0,1,0.0,5,2,1624,8
0,0,0,0,0,0,0,829,144,1,0,0,68,0,68.0,0,0,0,0,0,0,0,95.0,7,2,831,7
0,0,0,0,0,0,0,776,140,1,0,0,60,0,60.0,0,0,0,0,0,0,1,0.0,7,2,994,7
0,0,0,0,0,0,0,0,439,0,0,0,0,0,69.0,0,0,0,1159,0,0,1,149.0,7,1,1249,4
0,0,0,0,0,0,0,630,0,0,0,0,0,0,60.0,0,0,0,0,0,0,0,0.0,6,1,702,5
0,0,0,0,0,0,0,0,0,0,0,0,304,0,69.0,0,0,0,883,0,0,0,425.0,5,2,1224,6
0,0,0,0,0,0,0,689,379,1,0,0,36,0,80.0,0,0,0,371,0,0,0,143.0,7,1,663,6
0,0,0,0,0,0,0,728,100,1,0,0,24,0,51.0,0,0,0,0,0,0,0,0.0,8,2,728,6
0,0,0,0,0,0,0,984,100,1,0,0,17,0,58.0,0,0,0,0,0,0,1,0.0,9,2,879,7
0,0,0,0,0,0,0,875,0,0,0,0,0,0,65.0,0,0,0,0,0,0,1,0.0,7,1,815,7
0,0,0,0,0,0,0,0,356,0,0,0,0,0,70.0,0,0,0,0,0,0,0,0.0,6,2,1212,7
0,0,0,0,0,0,0,0,0,1,0,0,82,0,75.0,0,0,0,547,0,0,1,51.0,6,1,1051,4
0,0,0,0,0,0,0,0,0,0,0,0,0,0,71.0,0,0,0,0,0,0,0,0.0,5,1,864,4
0,0,0,0,0,0,0,913,198,1,0,0,36,0,80.0,0,0,0,0,0,0,0,0.0,6,2,866,7
0,0,0,0,0,0,0,464,0,0,0,0,0,0,50.0,0,0,0,0,0,0,1,0.0,5,1,884,5
0,0,0,0,0,0,0,0,74,0,0,0,234,0,75.0,0,0,0,0,0,0,1,171.0,6,2,1630,7
0,0,0,0,0,0,0,0,0,1,0,0,88,0,78.0,0,0,0,788,0,0,0,0.0,6,1,1056,5
0,0,0,0,0,0,0,0,84,0,0,0,70,0,90.0,0,0,0,485,0,0,1,234.0,7,2,2158,7
0,0,0,0,0,0,0,0,0,0,0,0,42,0,69.0,0,0,0,1056,0,0,0,0.0,5,1,1056,4
0,0,0,0,0,0,0,0,192,0,0,0,23,0,70.0,0,0,0,340,0,0,0,120.0,7,2,1682,6
0,0,0,0,0,0,0,0,0,0,0,0,0,0,70.0,0,0,0,504,0,0,0,0.0,6,1,931,5
0,0,0,0,0,0,0,0,322,0,0,0,50,0,85.0,0,0,0,1220,0,0,1,420.0,8,2,1660,8
0,0,0,0,0,0,0,790,635,1,0,0,104,0,70.0,0,0,0,0,0,0,1,0.0,8,2,1055,6
0,0,0,0,0,0,0,0,0,0,0,0,113,0,50.0,0,0,0,344,0,0,0,0.0,4,1,672,4
0,0,0,0,0,0,0,0,88,0,0,0,0,0,69.0,0,0,0,648,0,0,0,0.0,3,0,648,4
0,0,0,0,0,0,0,0,150,0,0,0,72,0,69.0,0,0,0,784,0,0,0,0.0,6,1,925,5
0,0,0,0,0,0,0,0,0,0,0,0,0,0,99.0,0,0,0,180,0,0,0,0.0,5,1,894,5
0,0,0,0,0,0,0,584,0,0,0,0,0,0,68.0,0,0,0,0,0,0,0,0.0,8,2,0,6
0,0,0,0,0,0,0,0,135,0,0,0,112,0,72.0,0,0,0,936,0,0,0,72.0,6,2,1300,8
0,0,0,0,0,0,0,240,0,0,0,0,0,0,52.0,0,0,0,0,0,0,0,0.0,3,1,0,4
0,0,0,0,0,0,0,0,0,0,0,0,0,0,66.0,0,0,0,312,0,0,0,0.0,5,1,912,5
0,0,0,0,0,0,0,0,0,0,0,0,63,0,55.0,0,0,0,250,0,0,1,0.0,5,1,952,5
0,0,0,0,0,0,0,678,0,0,0,0,0,0,78.0,0,0,0,196,0,0,1,320.0,7,2,1040,6
0,0,0,0,0,0,0,0,0,0,0,0,30,0,89.0,0,0,0,756,0,0,0,44.0,7,2,2136,5
0,0,0,0,0,0,0,702,100,1,0,0,75,0,60.0,0,0,0,724,0,0,1,0.0,8,2,788,7
0,0,0,0,0,0,0,0,224,0,0,0,0,0,65.0,0,0,0,507,0,0,0,63.0,6,1,588,6
0,0,0,0,0,0,0,1039,100,1,0,0,18,0,86.0,0,0,0,0,0,0,1,74.0,9,2,894,6
0,0,0,0,0,0,0,0,0,0,0,0,240,0,72.0,0,0,0,595,0,0,0,300.0,5,1,912,5
0,0,0,0,0,0,0,0,0,1,0,0,72,0,65.0,0,0,0,1540,0,0,1,766.0,7,1,1702,9
0,0,0,0,0,0,0,0,0,0,0,0,0,0,70.0,0,0,0,666,0,0,0,0.0,7,2,1075,5
0,0,0,0,0,0,0,1259,155,2,0,0,24,0,69.0,0,0,0,498,0,0,1,1.0,12,2,1361,5
0,0,0,0,0,0,0,0,0,0,0,0,18,0,70.0,0,0,0,803,0,0,0,120.0,6,1,1106,5
0,0,0,0,0,0,0,0,0,0,0,0,0,0,70.0,0,0,0,0,0,0,0,0.0,6,2,0,4
0,0,0,0,0,0,0,0,0,0,0,0,0,0,69.0,0,0,0,1000,0,0,0,180.0,6,1,1188,5
0,0,0,0,0,0,0,940,0,1,0,0,192,0,55.0,0,0,0,0,0,0,0,0.0,7,1,940,5
0,0,0,0,0,0,0,892,203,1,0,0,40,0,96.0,0,0,0,0,0,0,0,0.0,9,1,747,5
0,0,0,0,0,0,0,862,0,1,0,0,27,0,36.0,0,0,0,0,0,0,0,106.0,6,2,764,7
0,0,0,0,0,0,0,1101,100,1,0,0,48,0,41.0,0,0,0,0,0,0,1,0.0,8,2,847,7
0,0,0,0,0,0,0,0,0,1,0,0,0,0,63.0,0,0,0,0,0,0,0,0.0,6,1,1141,6
0,0,0,0,0,0,0,0,120,0,0,0,33,0,64.0,0,0,0,428,0,0,1,32.0,6,2,1476,8
0,0,0,0,0,0,0,884,0,1,0,0,63,0,65.0,0,0,0,550,0,0,0,252.0,8,2,884,7
0,0,0,0,0,0,0,0,0,0,0,0,56,0,83.0,0,0,0,0,0,0,0,0.0,7,2,1689,7
0,0,0,0,0,0,0,0,0,0,0,0,120,0,85.0,0,0,0,885,0,0,2,81.0,6,2,1053,7
0,0,0,0,0,0,0,0,216,1,0,0,229,0,107.0,0,0,0,1386,0,0,1,0.0,7,2,2076,10
0,0,0,0,0,0,0,725,0,0,0,0,0,0,69.0,0,0,0,0,0,0,2,0.0,7,1,792,8
0,0,0,0,0,0,0,728,268,1,0,0,112,0,78.0,0,0,0,0,0,0,1,74.0,7,3,585,6
0,0,0,0,0,0,0,797,0,1,0,0,45,0,65.0,0,0,0,0,0,0,0,0.0,6,2,756,7
0,0,0,0,0,0,0,0,0,0,0,0,0,0,69.0,0,0,0,539,0,0,0,335.0,6,1,1012,6
0,0,0,0,0,0,0,924,0,1,0,0,0,0,60.0,0,0,0,319,0,0,1,0.0,8,1,735,6
0,0,0,0,0,0,0,0,0,0,0,0,80,0,60.0,0,0,0,534,0,0,0,0.0,6,1,876,5
0,0,0,0,0,0,0,0,0,1,0,0,0,0,93.0,0,0,0,1065,0,0,2,0.0,8,2,2110,7
0,0,0,0,0,0,0,0,148,0,0,0,36,0,69.0,0,0,0,0,0,0,1,163.0,6,2,1405,7
0,0,0,0,0,0,0,0,33,0,0,0,0,0,62.0,0,0,0,510,0,0,0,0.0,5,1,864,5
0,0,0,0,0,0,0,651,220,1,0,0,47,0,69.0,0,0,0,125,0,0,2,0.0,9,2,1192,7
0,0,0,0,0,0,0,896,178,1,0,0,128,0,60.0,0,0,0,0,0,0,1,92.0,7,2,746,7
0,0,0,0,0,0,0,408,0,0,0,0,0,0,52.0,0,0,0,425,0,0,1,0.0,6,1,884,6
0,0,0,0,0,0,0,0,262,0,0,0,36,0,91.0,0,0,0,1314,0,0,1,554.0,7,2,1986,8
0,0,0,0,0,0,0,0,0,0,0,0,96,0,56.0,0,0,0,0,0,0,0,0.0,4,1,864,5
0,0,0,0,0,0,0,0,212,0,0,0,0,0,59.0,0,0,0,655,0,0,0,182.0,5,2,856,7
0,0,0,0,0,0,0,0,180,1,0,0,0,0,65.0,0,0,0,602,0,0,0,0.0,6,1,1054,6
0,0,0,0,0,0,0,783,0,1,0,0,103,0,69.0,0,0,0,0,0,0,1,0.0,7,2,841,6
0,0,0,0,0,0,0,0,0,0,0,0,0,0,80.0,0,0,0,504,0,0,0,0.0,5,1,1050,5
0,0,0,0,0,0,0,684,120,0,0,0,0,0,69.0,0,0,0,0,0,0,2,0.0,8,1,1104,4
0,0,0,0,0,0,0,764,0,0,0,0,0,0,60.0,0,0,0,0,0,0,1,0.0,8,1,764,6
0,0,0,0,0,0,0,0,144,0,0,0,68,0,34.0,0,0,0,266,0,0,0,0.0,5,2,1405,6
0,0,0,0,0,0,0,739,0,1,0,0,34,0,35.0,0,0,0,450,0,0,0,218.0,6,2,691,7
0,0,0,0,0,0,0,925,0,1,0,0,0,0,60.0,0,0,0,0,0,0,1,0.0,9,1,925,7
0,0,0,0,0,0,0,0,144,0,0,0,76,0,89.0,0,0,0,0,0,0,1,0.0,10,2,2002,9
0,0,0,0,0,0,0,1479,314,1,0,0,12,0,69.0,0,0,0,192,0,0,2,632.0,11,3,728,8
0,0,0,0,0,0,0,650,0,1,0,0,0,0,78.0,0,0,0,460,0,0,0,180.0,7,1,874,5
0,0,0,0,0,0,0,192,268,1,0,0,0,0,69.0,0,0,0,1258,0,0,1,0.0,4,0,1332,7
0,0,0,0,0,0,0,0,0,0,0,0,0,0,69.0,0,0,0,0,0,0,1,0.0,7,2,1489,6
0,0,0,0,0,0,0,0,180,0,0,0,0,0,69.0,0,0,0,560,0,0,0,114.0,5,1,935,5
0,0,0,0,0,0,0,589,242,0,0,0,0,0,53.0,0,0,0,0,0,0,1,0.0,8,2,661,5
0,0,0,0,0,0,0,992,0,0,0,0,0,0,95.0,0,0,0,220,0,0,0,567.0,10,2,928,5
0,0,0,0,0,0,0,660,294,1,0,0,116,0,69.0,0,0,0,593,0,0,1,0.0,6,1,723,6
0,0,0,0,0,0,0,0,0,1,0,0,0,0,69.0,0,0,0,528,0,0,1,359.0,7,1,1680,6
0,0,0,0,0,0,0,903,0,1,0,0,211,0,75.0,0,0,0,804,0,0,1,0.0,7,2,1128,8
0,0,0,0,0,0,0,430,30,0,0,0,0,0,60.0,0,0,0,0,0,0,0,0.0,6,1,698,4
0,0,0,0,0,0,0,0,0,0,0,0,72,0,67.0,0,0,0,788,0,0,0,110.0,6,2,1573,7
0,0,0,0,0,0,0,0,0,0,0,0,58,0,50.0,0,0,0,1053,0,0,1,54.0,6,2,1309,7
0,0,0,0,0,0,0,0,0,0,0,0,0,0,61.0,0,0,0,532,0,0,0,0.0,5,2,1040,5
0,0,0,0,0,0,0,912,128,2,0,0,0,0,94.0,0,0,0,0,0,0,0,0.0,8,2,912,6
0,0,0,0,0,0,0,748,272,0,0,0,0,0,50.0,0,0,0,0,0,0,1,0.0,10,2,804,6
0,0,0,0,0,0,0,587,45,0,0,0,0,0,50.0,0,0,0,0,0,0,1,0.0,6,1,780,6
0,0,0,0,0,0,0,0,0,1,0,0,26,0,69.0,0,0,0,569,0,0,2,451.0,6,1,1328,6
0,0,0,0,0,0,0,0,168,0,0,0,198,0,69.0,0,0,0,812,0,0,0,621.0,7,2,1624,5
0,0,0,0,0,0,0,0,212,0,0,0,59,0,40.0,0,0,0,1158,0,0,1,0.0,5,2,1501,8
0,0,0,0,0,0,0,850,177,1,0,0,74,0,86.0,0,0,0,0,0,0,1,788.0,8,2,1085,8
0,0,0,0,0,0,0,0,227,0,0,0,0,0,69.0,0,0,0,1014,0,0,1,86.0,6,1,1152,5
0,0,0,0,0,0,0,994,0,0,0,0,287,0,60.0,0,0,0,0,0,0,0,0.0,11,2,994,5
0,0,0,0,0,0,0,832,0,1,0,0,28,0,78.0,0,0,0,194,0,0,1,0.0,8,2,832,7
0,0,0,0,0,0,0,0,0,0,0,0,0,0,60.0,0,0,0,167,0,0,0,0.0,5,1,864,5
0,0,0,0,0,0,0,0,356,1,0,0,0,0,70.0,0,0,0,1016,0,0,0,168.0,5,1,1052,5
0,0,0,0,0,0,0,0,192,0,0,0,20,0,80.0,0,0,0,776,0,0,0,148.0,6,2,1120,5
0,0,0,0,0,0,0,0,0,0,0,0,44,0,35.0,0,0,0,547,0,0,0,82.0,5,2,547,6
0,0,0,0,0,0,0,0,218,1,0,0,0,0,75.0,0,0,0,340,0,0,0,0.0,6,1,1246,5
0,0,0,0,0,0,0,978,0,1,0,0,0,0,69.0,0,0,0,694,0,0,1,344.0,9,2,978,7
0,0,0,0,0,0,0,741,0,0,0,0,0,0,69.0,0,0,0,547,0,0,2,0.0,7,1,771,6
0,0,0,0,0,0,0,1323,309,1,0,0,78,0,92.0,0,0,0,740,0,0,1,391.0,8,2,1165,8
0,0,0,0,0,0,0,0,208,0,0,0,59,0,73.0,0,0,0,0,0,0,0,228.0,7,2,1616,7
0,0,0,0,0,0,0,732,0,0,0,0,40,0,32.0,0,0,0,0,0,0,0,117.0,7,2,976,7
0,0,0,0,0,0,0,0,132,0,0,0,35,0,48.0,0,0,0,0,0,0,1,94.0,6,2,1368,7
0,0,0,0,0,0,0,0,0,0,0,0,64,0,60.0,0,0,0,746,0,0,0,0.0,5,1,990,5
0,0,0,0,0,0,0,0,0,0,0,0,36,0,100.0,0,0,0,144,0,0,0,0.0,6,1,924,5
0,0,0,0,0,0,0,0,112,0,0,0,51,0,69.0,0,0,0,1200,0,0,0,88.0,6,2,1278,6
0,0,0,0,0,0,0,0,0,0,0,0,207,0,100.0,0,0,0,1406,0,0,2,0.0,7,2,1902,7
0,0,0,0,0,0,0,0,264,0,0,0,98,0,68.0,0,0,0,925,0,0,0,80.0,6,2,1274,7
0,0,0,0,0,0,0,1357,500,1,0,0,0,0,69.0,0,0,0,482,0,0,1,336.0,9,2,1453,8
0,0,0,0,0,0,0,0,0,0,0,0,36,0,60.0,0,0,0,732,0,0,1,0.0,5,1,948,4
0,0,0,0,0,0,0,1020,280,1,0,0,0,0,85.0,0,0,0,500,0,0,2,0.0,9,2,952,6
0,0,0,0,0,0,0,0,172,0,0,0,42,0,61.0,0,0,0,0,0,0,1,270.0,8,2,1622,8
0,0,0,0,0,0,0,0,0,0,0,0,241,0,47.0,0,0,0,0,0,0,1,0.0,5,2,1352,7
0,0,0,0,0,0,0,0,198,0,0,0,150,0,69.0,0,0,0,0,0,0,1,178.0,7,2,1753,8
0,0,0,0,0,0,0,0,0,0,0,0,0,0,75.0,0,0,0,492,0,0,0,132.0,5,1,864,4
0,0,0,0,0,0,0,0,114,1,0,0,0,0,70.0,0,0,0,189,0,0,2,0.0,6,1,1478,6
0,0,0,0,0,0,0,0,0,0,0,0,0,0,69.0,0,0,0,0,0,0,0,0.0,4,1,0,3
0,0,0,0,0,0,0,862,240,1,0,0,39,0,107.0,0,0,0,674,0,0,1,0.0,8,2,750,7
0,0,0,0,0,0,0,0,164,0,0,0,0,0,50.0,0,0,0,280,0,0,0,0.0,5,1,420,4
0,0,0,0,0,0,0,0,0,0,0,0,49,0,75.0,0,0,0,0,0,0,1,428.0,7,2,1795,8
0,0,0,0,0,0,0,0,0,0,0,0,0,0,40.0,0,0,0,0,0,0,0,0.0,5,1,796,4
0,0,0,0,0,0,0,0,0,0,0,0,0,0,70.0,0,0,0,544,0,0,0,0.0,6,1,544,3
0,0,0,0,0,0,0,0,0,0,0,0,0,0,60.0,0,0,0,641,0,0,1,0.0,5,1,816,5
0,0,0,0,0,0,0,1208,0,0,0,0,547,0,60.0,0,0,0,493,0,0,2,0.0,8,2,1510,6
0,0,0,0,0,0,0,677,0,1,0,0,28,0,63.0,0,0,0,0,0,0,1,0.0,8,2,935,7
0,0,0,0,0,0,0,0,144,0,0,0,45,0,85.0,0,0,0,0,0,0,1,410.0,7,2,1588,8
0,0,0,0,0,0,0,0,0,0,0,0,0,0,55.0,0,0,0,483,0,0,0,0.0,6,1,911,5
0,0,0,0,0,0,0,0,0,0,0,0,0,0,67.0,0,0,0,690,0,0,1,0.0,3,1,816,4
0,0,0,0,0,0,0,557,0,1,0,0,65,0,60.0,0,0,0,0,0,0,0,0.0,6,1,803,5
0,0,0,0,0,0,0,0,0,0,0,0,16,0,80.0,0,0,0,686,0,0,1,360.0,6,2,1350,6
0,0,0,0,0,0,0,0,0,0,0,0,211,0,87.0,0,0,0,0,0,0,0,564.0,8,2,1656,5
0,0,0,0,0,0,0,941,146,1,0,0,91,0,95.0,0,0,0,700,0,0,0,0.0,8,2,916,7
0,0,0,0,0,0,0,0,0,0,0,0,0,0,70.0,0,0,0,0,0,0,0,0.0,5,1,858,4
0,0,0,0,0,0,0,0,0,0,0,0,78,0,66.0,0,0,0,814,0,0,0,0.0,6,1,1114,6
0,0,0,0,0,0,0,885,192,1,0,0,87,0,69.0,0,0,0,0,0,0,1,149.0,7,2,1284,8
0,0,0,0,0,0,0,741,0,1,0,0,0,0,57.0,0,0,0,0,0,0,1,0.0,9,1,896,6
0,0,0,0,0,0,0,728,0,1,0,0,0,0,85.0,0,0,0,0,0,0,1,0.0,8,2,728,7
0,0,0,0,0,0,0,0,0,0,0,0,0,0,50.0,0,0,0,250,0,0,0,0.0,5,1,960,4
0,0,0,0,0,0,0,0,0,0,0,0,80,0,69.0,0,0,0,297,0,0,1,0.0,9,2,1568,7
0,0,0,0,0,0,0,0,0,0,0,0,0,0,93.0,0,0,0,80,0,0,1,100.0,7,2,1732,8
0,0,0,0,0,0,0,0,402,0,0,0,25,0,69.0,0,0,0,1443,0,0,1,0.0,5,2,1482,7
0,0,0,0,0,0,0,1215,0,0,0,0,54,0,50.0,0,0,0,259,0,0,0,0.0,8,2,684,8
0,0,0,0,0,0,0,1296,0,2,0,0,0,0,91.0,0,0,0,500,0,0,0,368.0,12,2,1248,5
0,0,0,0,0,0,0,858,0,1,0,0,84,0,70.0,0,0,0,319,0,0,1,318.0,8,1,858,6
0,0,0,0,0,0,0,390,210,0,0,0,0,0,50.0,0,0,0,0,0,0,0,0.0,4,1,698,6
0,0,0,0,0,0,0,1185,283,1,0,0,86,0,56.0,0,0,0,816,0,0,1,579.0,9,2,2033,8
0,0,0,0,0,0,0,873,0,1,0,0,184,0,69.0,0,0,0,735,0,0,1,0.0,7,2,992,7
0,0,0,0,0,0,0,698,0,0,0,0,98,0,102.0,0,0,0,0,0,0,1,143.0,8,3,570,7
0,0,0,0,0,0,0,0,0,0,0,0,0,0,69.0,0,0,0,340,0,0,0,65.0,5,1,864,5
0,0,0,0,0,0,0,0,0,1,0,0,0,0,69.0,0,0,0,734,0,0,1,0.0,6,1,1078,5
0,0,0,0,0,0,0,804,0,1,0,0,32,0,69.0,0,0,0,378,0,0,0,216.0,5,2,756,6
0,0,0,0,0,0,0,1611,183,1,0,0,0,0,51.0,0,0,0,0,0,0,0,0.0,8,3,612,5
0,0,0,0,0,0,0,457,55,0,0,0,0,0,69.0,0,0,0,0,0,0,1,0.0,7,2,715,4
0,0,0,0,0,0,0,796,0,1,0,0,36,0,73.0,0,0,0,0,0,0,1,0.0,6,2,616,6
0,0,0,0,0,0,0,860,0,1,0,0,96,0,69.0,0,0,0,533,0,0,0,0.0,7,2,814,7
0,0,0,0,0,0,0,908,0,1,0,0,88,0,68.0,0,0,0,633,0,0,0,158.0,7,2,873,7
0,0,0,0,0,0,0,550,104,0,0,0,26,0,41.0,0,0,0,548,0,0,1,0.0,6,2,757,5
0,0,0,0,0,0,0,0,140,0,0,0,0,0,69.0,0,0,0,685,0,0,0,170.0,4,1,848,6
0,0,0,0,0,0,0,0,0,0,0,0,262,0,48.0,0,0,0,370,0,0,1,171.0,8,2,1657,8
0,0,0,0,0,0,0,534,0,0,0,0,0,0,90.0,0,0,0,315,0,0,0,0.0,6,1,840,4
0,0,0,0,0,0,0,0,0,0,0,0,28,0,80.0,0,0,0,831,0,0,1,0.0,8,1,992,6
0,0,0,0,0,0,0,989,253,1,0,0,170,0,75.0,0,0,0,975,0,0,1,0.0,8,2,1108,7
0,0,0,0,0,0,0,0,314,1,0,0,140,0,69.0,0,0,0,1282,0,0,2,705.0,8,2,2633,10
0,0,0,0,0,0,0,932,154,1,0,0,210,0,85.0,0,0,0,0,0,0,1,0.0,9,2,1026,7
0,0,0,0,0,0,0,0,100,0,0,0,36,0,89.0,0,0,0,0,0,0,1,80.0,7,2,1571,8
0,0,0,0,0,0,0,0,0,0,0,0,141,0,52.0,0,0,0,384,0,0,0,0.0,4,1,768,6
0,0,0,0,0,0,0,620,0,0,0,0,68,0,60.0,0,0,0,408,0,0,0,0.0,6,2,984,5
0,0,0,0,0,0,0,640,100,1,0,0,0,0,73.0,0,0,0,0,0,0,0,0.0,7,2,384,5
0,0,0,0,0,0,0,0,0,0,0,0,0,0,45.0,0,0,0,203,0,0,0,0.0,5,1,864,3
0,0,0,0,0,0,0,0,0,1,0,0,42,0,69.0,0,0,0,865,0,0,2,0.0,7,2,1205,6
0,0,0,0,0,0,0,764,36,1,0,0,0,0,60.0,0,0,0,0,0,0,0,0.0,8,1,596,7
0,0,0,0,0,0,0,0,0,0,0,0,0,0,69.0,0,0,0,0,0,0,0,0.0,7,2,816,5
0,0,0,0,0,0,0,560,0,0,0,0,0,0,60.0,0,0,0,204,0,0,0,0.0,6,1,560,6
0,0,0,0,0,0,0,358,0,0,0,0,96,0,40.0,0,0,0,735,0,0,0,0.0,7,1,796,4
0,0,0,0,0,0,0,1392,0,1,0,0,112,0,80.0,0,0,0,790,0,0,2,184.0,12,3,1392,7
0,0,0,0,0,0,0,862,88,0,0,0,15,0,60.0,0,0,0,168,0,0,1,0.0,10,2,714,6
0,0,0,0,0,0,0,0,201,0,0,0,39,0,42.0,0,0,0,1320,0,0,2,160.0,7,2,1746,9
0,0,0,0,0,0,0,349,0,0,0,0,0,0,60.0,0,0,0,375,0,0,1,0.0,6,1,735,6
0,0,0,0,0,0,0,0,219,0,0,0,36,0,70.0,0,0,0,1400,0,0,0,244.0,6,2,1525,7
0,0,0,0,0,0,0,0,0,0,0,0,152,0,65.0,0,0,0,0,0,0,0,0.0,8,2,1584,5
0,0,0,0,0,0,0,0,175,0,0,0,144,0,68.0,0,0,0,769,0,0,1,0.0,6,1,864,5
0,0,0,0,0,0,0,691,0,0,0,0,25,0,60.0,0,0,0,0,0,0,1,0.0,7,2,482,6
0,0,0,0,0,0,0,0,161,0,0,0,20,0,53.0,0,0,0,1070,0,0,1,45.0,6,2,1356,7
0,0,0,0,0,0,0,1349,144,1,0,0,39,0,88.0,0,0,0,0,0,0,1,245.0,9,2,1094,8
0,0,0,0,0,0,0,0,0,0,0,0,0,0,69.0,0,0,0,353,0,0,2,0.0,7,1,747,5
0,0,0,0,0,0,0,574,24,1,0,0,0,0,51.0,0,0,0,0,0,0,0,0.0,8,1,939,5
0,0,0,0,0,0,0,768,0,1,0,0,0,0,60.0,0,0,0,180,0,0,0,0.0,7,1,1208,5
0,0,0,0,0,0,0,448,147,1,0,0,16,0,51.0,0,0,0,264,0,0,1,0.0,7,2,976,6
0,0,0,0,0,0,0,208,0,0,0,0,0,0,50.0,0,0,0,0,0,0,1,0.0,5,1,862,6
0,0,0,0,0,0,0,729,100,1,0,0,75,0,62.0,0,0,0,759,0,0,1,0.0,8,2,839,6
0,0,0,0,0,0,0,0,168,0,0,0,55,0,64.0,0,0,0,0,0,0,1,0.0,6,2,1286,7
0,0,0,0,0,0,0,0,168,0,0,0,160,0,49.0,0,0,0,929,0,0,0,84.0,6,2,1485,8
0,0,0,0,0,0,0,520,216,0,0,0,0,0,60.0,0,0,0,0,0,0,0,0.0,6,1,672,3
0,0,0,0,0,0,0,0,128,0,0,0,53,0,44.0,0,0,0,1373,0,0,1,174.0,5,2,1594,8
0,0,0,0,0,0,0,0,58,0,0,0,0,0,70.0,0,0,0,656,0,0,0,0.0,5,1,768,5
0,0,0,0,0,0,0,0,0,0,0,0,0,0,69.0,0,0,0,625,0,0,0,0.0,5,1,833,5
0,0,0,0,0,0,0,622,0,0,0,0,0,0,60.0,0,0,0,0,0,0,0,0.0,6,1,622,4
0,0,0,0,0,0,0,857,364,1,0,0,63,0,46.0,0,0,0,0,0,0,1,123.0,7,2,791,7
0,0,0,0,0,0,0,896,0,1,0,0,45,0,79.0,0,0,0,666,0,0,0,0.0,6,2,944,7
0,0,0,0,0,0,0,556,0,1,0,0,0,0,80.0,0,0,0,120,0,0,0,0.0,6,1,856,6
0,0,0,0,0,0,0,0,0,0,0,0,0,0,60.0,0,0,0,0,0,0,0,0.0,6,2,0,4
0,0,0,0,0,0,0,0,165,0,0,0,44,0,88.0,0,0,0,976,0,0,1,366.0,7,2,1844,8
0,0,0,0,0,0,0,795,0,1,0,0,0,0,64.0,0,0,0,0,0,0,1,0.0,8,1,833,6
0,0,0,0,0,0,0,0,143,0,0,0,20,0,51.0,0,0,0,988,0,0,1,130.0,7,2,1386,7
0,0,0,0,0,0,0,1044,0,0,0,0,0,0,60.0,0,0,0,0,0,0,0,0.0,11,2,777,4
0,0,0,0,0,0,0,1140,0,1,0,0,126,0,69.0,0,0,0,781,0,0,1,731.0,7,2,1284,8
0,0,0,0,0,0,0,0,0,1,0,0,88,0,71.0,0,0,0,25,0,0,0,0.0,6,1,1144,5
0,0,0,0,0,0,0,0,0,0,0,0,73,0,69.0,0,0,0,1110,0,0,1,312.0,7,2,1844,6
0,0,0,0,0,0,0,708,0,1,0,0,169,0,90.0,0,0,0,404,0,0,1,420.0,7,2,708,6
0,0,0,0,0,0,0,0,0,0,0,0,55,0,53.0,0,0,0,360,0,0,1,0.0,4,2,1069,6
0,0,0,0,0,0,0,0,140,0,0,0,0,0,37.0,0,0,0,686,0,0,0,170.0,3,1,848,6
0,0,0,0,0,0,0,626,586,0,0,0,236,0,69.0,0,0,0,0,0,0,1,0.0,8,2,697,6
0,0,0,0,0,0,0,0,316,0,0,0,28,0,69.0,0,0,0,457,0,0,1,0.0,6,1,1024,5
0,0,0,0,0,0,0,0,0,0,0,0,39,0,80.0,0,0,0,0,0,0,0,243.0,7,1,1252,6
0,0,0,0,0,0,0,904,171,1,0,0,132,0,81.0,0,0,0,1000,0,0,2,448.0,5,2,1223,7
0,0,0,0,0,0,0,510,0,1,0,0,0,0,60.0,0,0,0,580,0,0,1,0.0,6,1,913,5
0,0,0,0,0,0,0,0,0,0,0,0,0,0,60.0,0,0,0,510,0,0,2,294.0,4,1,788,5
0,0,0,0,0,0,0,0,0,0,0,0,0,0,69.0,0,0,0,678,0,0,1,310.0,7,2,1440,6
0,0,0,0,0,0,0,1104,100,1,0,0,40,0,60.0,0,0,0,0,0,0,1,0.0,7,2,732,5
0,0,0,0,0,0,0,0,0,0,0,0,60,0,69.0,0,0,0,958,0,0,0,0.0,5,2,958,6
0,0,0,0,0,0,0,0,0,0,0,0,0,0,60.0,0,0,0,0,0,0,0,0.0,5,2,656,4
0,0,0,0,0,0,0,830,0,1,0,0,0,0,93.0,0,0,0,0,0,0,1,318.0,8,2,936,6
0,0,0,0,0,0,0,0,295,0,0,0,41,0,80.0,0,0,0,936,0,0,1,0.0,5,2,1126,5
0,0,0,0,0,0,0,0,0,1,0,0,36,0,80.0,0,0,0,0,0,0,1,237.0,7,1,1319,6
0,0,0,0,0,0,0,0,0,0,0,0,0,0,60.0,0,0,0,616,0,0,0,0.0,5,1,864,4
0,0,0,0,0,0,0,0,0,0,0,0,66,0,96.0,0,0,0,1336,0,0,1,426.0,7,2,1932,8
0,0,0,0,0,0,0,0,0,0,0,0,158,0,90.0,0,0,0,600,0,0,0,0.0,6,1,912,6
0,0,0,0,0,0,0,685,0,1,0,0,88,0,80.0,0,0,0,315,0,0,1,96.0,6,2,539,7
0,0,0,0,0,0,0,748,431,0,0,0,0,0,79.0,0,0,0,0,0,0,1,0.0,11,2,588,6
0,0,0,0,0,0,0,0,149,0,0,0,0,0,69.0,0,0,0,697,0,0,1,147.0,3,1,848,6
0,0,0,0,0,0,0,981,168,1,0,0,52,0,85.0,0,0,0,765,0,0,1,160.0,10,2,1017,10
0,0,0,0,0,0,0,0,0,0,0,0,98,0,69.0,0,0,0,0,0,0,1,0.0,4,1,952,6
0,0,0,0,0,0,0,0,192,0,0,0,60,0,63.0,0,0,0,0,0,0,0,106.0,7,2,1422,7
0,0,0,0,0,0,0,0,0,0,0,0,0,0,70.0,0,0,0,187,0,0,0,0.0,6,1,814,6
0,0,0,0,0,0,0,0,261,0,0,0,39,0,69.0,0,0,0,593,0,0,0,189.0,6,1,1188,5
0,0,0,0,0,0,0,870,0,1,0,0,65,0,80.0,0,0,0,1079,0,0,1,438.0,8,2,1220,8
0,0,0,0,0,0,0,550,168,1,0,0,24,0,70.0,0,0,0,0,0,0,0,0.0,6,1,560,4
0,0,0,0,0,0,0,896,32,2,0,0,45,0,60.0,0,0,0,0,0,0,0,0.0,8,2,896,5
0,0,0,0,0,0,0,0,0,0,0,0,36,0,78.0,0,0,0,0,0,0,1,194.0,7,2,1573,8
0,0,0,0,0,0,0,0,0,0,0,0,28,0,35.0,0,0,0,547,0,0,0,80.0,5,1,547,5
0,0,0,0,0,0,0,0,36,0,0,0,56,0,90.0,0,0,0,0,0,0,0,0.0,6,1,1140,5
0,0,0,0,0,0,0,0,0,0,0,0,113,0,62.0,0,0,0,410,0,0,0,0.0,6,2,1221,7
0,0,0,0,0,0,0,694,0,1,0,0,40,0,62.0,0,0,0,0,0,0,1,0.0,7,2,953,6
0,0,0,0,0,0,0,0,349,0,0,0,0,0,85.0,0,0,0,790,0,0,2,119.0,7,2,1542,6
0,0,0,0,0,0,0,1152,0,0,0,0,60,0,66.0,0,0,0,275,0,0,2,0.0,9,2,1152,7
0,0,0,0,0,0,0,0,366,0,0,0,0,0,68.0,0,0,0,49,0,0,0,0.0,5,1,1078,5
0,0,0,0,0,0,0,0,736,1,0,0,68,0,75.0,0,0,0,830,0,0,0,0.0,6,1,1256,5
