2ndFlrSF,WoodDeckSF,HalfBath,OpenPorchSF,LotFrontage,BsmtFinSF1,Fireplaces,MasVnrArea,TotRmsAbvGrd,FullBath,TotalBsmtSF,OverallQual,SaleCondition_Partial,BsmtFinType1_GLQ,GarageType_Attchd,Neighborhood_NridgHt,GarageFinish_Unf,KitchenQual_TA,Exterior2nd_VinylSd,BsmtExposure_Gd,FireplaceQu_Gd,BsmtQual_TA,Foundation_CBlock,GarageType_Detchd,HeatingQC_TA,ExterQual_Gd,KitchenQual_Gd,SalePrice
854,0,1,61,65.0,706,0,196.0,8,2,856,7,0,0,0,0,0,0,0,0,0,0,0,0,0,0,0,208500
0,298,0,0,80.0,978,1,0.0,6,2,1262,6,0,0,0,0,0,0,0,0,0,0,0,0,0,0,0,181500
866,0,1,42,68.0,486,1,162.0,6,2,920,7,0,0,0,0,0,0,0,0,0,0,0,0,0,0,0,223500
756,0,0,35,60.0,216,1,0.0,7,1,756,7,0,0,0,0,0,0,0,0,0,0,0,0,0,0,0,140000
1053,192,1,84,84.0,655,1,350.0,9,2,1145,8,0,0,0,0,0,0,0,0,0,0,0,0,0,0,0,250000
566,40,1,30,85.0,732,0,0.0,5,1,796,5,0,0,0,0,0,0,0,0,0,0,0,0,0,0,0,143000
0,255,0,57,75.0,1369,1,186.0,7,2,1686,8,0,0,0,0,0,0,0,0,0,0,0,0,0,0,0,307000
983,235,1,204,69.0,859,2,240.0,7,2,1107,7,0,0,0,0,0,0,0,0,0,0,0,0,0,0,0,200000
752,90,0,0,51.0,0,2,0.0,8,2,952,7,0,0,0,0,0,0,0,0,0,0,0,0,0,0,0,129900
0,0,0,4,50.0,851,2,0.0,5,1,991,5,0,0,0,0,0,0,0,0,0,0,0,0,0,0,0,118000
0,0,0,0,70.0,906,0,0.0,5,1,1040,5,0,0,0,0,0,0,0,0,0,0,0,0,0,0,0,129500
1142,147,0,21,85.0,998,2,286.0,11,3,1175,9,0,0,0,0,0,0,0,0,0,0,0,0,0,0,0,345000
0,140,0,0,69.0,737,0,0.0,4,1,912,5,0,0,0,0,0,0,0,0,0,0,0,0,0,0,0,144000
0,160,0,33,91.0,0,1,306.0,7,2,1494,7,0,0,0,0,0,0,0,0,0,0,0,0,0,0,0,279500
0,0,1,213,69.0,733,1,212.0,5,1,1253,6,0,0,0,0,0,0,0,0,0,0,0,0,0,0,0,157000
0,48,0,112,51.0,0,0,0.0,5,1,832,7,0,0,0,0,0,0,0,0,0,0,0,0,0,0,0,132000
0,0,0,0,69.0,578,1,180.0,5,1,1004,6,0,0,0,0,0,0,0,0,0,0,0,0,0,0,0,149000
0,0,0,0,72.0,0,0,0.0,6,2,0,4,0,0,0,0,0,0,0,0,0,0,0,0,0,0,0,90000
0,0,1,102,66.0,646,0,0.0,6,1,1114,5,0,0,0,0,0,0,0,0,0,0,0,0,0,0,0,159000
0,0,0,0,70.0,504,0,0.0,6,1,1029,5,0,0,0,0,0,0,0,0,0,0,0,0,0,0,0,139000
1218,240,1,154,101.0,0,1,380.0,9,3,1158,8,0,0,0,0,0,0,0,0,0,0,0,0,0,0,0,325300
0,0,0,0,57.0,0,1,0.0,6,1,637,7,0,0,0,0,0,0,0,0,0,0,0,0,0,0,0,139400
0,171,0,159,75.0,0,1,281.0,7,2,1777,8,0,0,0,0,0,0,0,0,0,0,0,0,0,0,0,230000
0,100,0,110,44.0,840,1,0.0,6,1,1040,5,0,0,0,0,0,0,0,0,0,0,0,0,0,0,0,129900
0,406,0,90,69.0,188,1,0.0,6,1,1060,5,0,0,0,0,0,0,0,0,0,0,0,0,0,0,0,154000
0,222,0,32,60.0,234,0,0.0,5,1,900,5,0,0,0,0,0,0,0,0,0,0,0,0,0,0,0,134800
0,0,0,50,98.0,1218,1,200.0,7,2,1704,8,0,0,0,0,0,0,0,0,0,0,0,0,0,0,0,306000
0,288,0,258,47.0,1277,2,0.0,6,1,1484,5,0,0,0,0,0,0,0,0,0,0,0,0,0,0,0,207500
0,49,0,0,60.0,0,0,0.0,4,1,520,4,0,0,0,0,0,0,0,0,0,0,0,0,0,0,0,68500
668,0,0,54,50.0,0,0,0.0,6,1,649,4,0,0,0,0,0,0,0,0,0,0,0,0,0,0,0,40000
0,0,1,65,69.0,0,0,0.0,6,1,1228,5,0,0,0,0,0,0,0,0,0,0,0,0,0,0,0,149350
0,0,0,30,85.0,0,0,0.0,7,2,1234,8,0,0,0,0,0,0,0,0,0,0,0,0,0,0,0,179900
0,0,1,38,70.0,1018,1,0.0,6,1,1398,5,0,0,0,0,0,0,0,0,0,0,0,0,0,0,0,165500
0,203,0,47,60.0,1153,1,246.0,6,2,1561,9,0,0,0,0,0,0,0,0,0,0,0,0,0,0,0,277500
0,0,0,0,74.0,1213,1,650.0,5,1,1297,5,0,0,0,0,0,0,0,0,0,0,0,0,0,0,0,153000
0,0,0,52,68.0,731,0,0.0,5,1,1057,5,0,0,0,0,0,0,0,0,0,0,0,0,0,0,0,109000
0,0,0,0,65.0,0,0,0.0,6,2,0,4,0,0,0,0,0,0,0,0,0,0,0,0,0,0,0,82000
0,0,0,138,84.0,643,1,101.0,6,2,1088,6,0,0,0,0,0,0,0,0,0,0,0,0,0,0,0,160000
0,240,0,0,69.0,747,0,0.0,5,1,840,5,0,0,0,0,0,0,0,0,0,0,0,0,0,0,0,144000
0,145,0,0,69.0,280,0,0.0,5,1,938,5,0,0,0,0,0,0,0,0,0,0,0,0,0,0,0,130250
0,0,0,0,70.0,179,0,0.0,6,1,1150,5,0,0,0,0,0,0,0,0,0,0,0,0,0,0,0,141000
0,196,0,82,61.0,456,1,412.0,6,2,1752,9,0,0,0,0,0,0,0,0,0,0,0,0,0,0,0,319900
631,168,1,43,48.0,1351,1,0.0,6,1,1434,7,0,0,0,0,0,0,0,0,0,0,0,0,0,0,0,239686
0,0,0,146,84.0,24,0,0.0,7,2,1656,8,0,0,0,0,0,0,0,0,0,0,0,0,0,0,0,249700
716,0,0,0,33.0,0,0,0.0,8,2,736,4,0,0,0,0,0,0,0,0,0,0,0,0,0,0,0,113000
0,0,0,0,66.0,763,0,0.0,6,1,955,5,0,0,0,0,0,0,0,0,0,0,0,0,0,0,0,127000
676,0,0,75,69.0,182,0,0.0,6,2,794,6,0,0,0,0,0,0,0,0,0,0,0,0,0,0,0,177000
0,112,0,0,52.0,0,1,0.0,6,1,816,6,0,0,0,0,0,0,0,0,0,0,0,0,0,0,0,114500
0,857,1,72,68.0,1810,1,0.0,5,0,1842,9,0,0,0,0,0,0,0,0,0,0,0,0,0,0,0,385000
0,0,0,50,60.0,384,1,0.0,6,1,384,5,0,0,0,0,0,0,0,0,0,0,0,0,0,0,0,130000
0,0,0,0,100.0,490,1,272.0,7,2,1425,6,0,0,0,0,0,0,0,0,0,0,0,0,0,0,0,180500
860,0,1,70,89.0,0,0,0.0,7,2,860,7,0,0,0,0,0,0,0,0,0,0,0,0,0,0,0,196500
1519,192,1,0,66.0,0,1,1031.0,10,3,1410,10,0,0,0,0,0,0,0,0,0,0,0,0,0,0,0,438780
0,196,0,0,60.0,632,0,0.0,4,1,780,5,0,0,0,0,0,0,0,0,0,0,0,0,0,0,0,124900
0,0,1,50,63.0,941,0,0.0,5,1,1158,6,0,0,0,0,0,0,0,0,0,0,0,0,0,0,0,158000
530,0,0,0,60.0,0,0,0.0,6,1,530,5,0,0,0,0,0,0,0,0,0,0,0,0,0,0,0,101000
0,120,0,49,44.0,24,1,178.0,6,2,1370,8,0,0,0,0,0,0,0,0,0,0,0,0,0,0,0,202500
808,12,0,11,50.0,0,0,0.0,9,2,576,7,0,0,0,0,0,0,0,0,0,0,0,0,0,0,0,140000
977,576,1,36,69.0,739,0,573.0,8,2,1057,7,0,0,0,0,0,0,0,0,0,0,0,0,0,0,0,219500
1330,192,1,151,76.0,0,1,344.0,9,2,1143,8,0,0,0,0,0,0,0,0,0,0,0,0,0,0,0,317000
0,301,0,0,69.0,912,1,287.0,7,2,1947,7,0,0,0,0,0,0,0,0,0,0,0,0,0,0,0,180000
0,144,0,29,72.0,1013,0,167.0,7,2,1453,7,0,0,0,0,0,0,0,0,0,0,0,0,0,0,0,226000
0,0,0,0,47.0,0,0,0.0,4,1,747,4,0,0,0,0,0,0,0,0,0,0,0,0,0,0,0,80000
983,0,0,21,81.0,603,1,0.0,7,2,1304,7,0,0,0,0,0,0,0,0,0,0,0,0,0,0,0,225000
0,300,0,0,95.0,1880,2,1115.0,8,2,2223,7,0,0,0,0,0,0,0,0,0,0,0,0,0,0,0,244000
0,0,0,0,69.0,565,0,0.0,4,1,845,4,0,0,0,0,0,0,0,0,0,0,0,0,0,0,0,129500
833,0,1,94,74.0,0,1,40.0,7,2,832,7,0,0,0,0,0,0,0,0,0,0,0,0,0,0,0,185000
0,0,0,0,85.0,320,0,104.0,6,1,1086,5,0,0,0,0,0,0,0,0,0,0,0,0,0,0,0,144900
765,0,0,0,60.0,0,0,0.0,8,2,840,3,0,0,0,0,0,0,0,0,0,0,0,0,0,0,0,107400
0,0,0,0,69.0,228,0,0.0,4,1,952,4,0,0,0,0,0,0,0,0,0,0,0,0,0,0,0,135750
213,0,0,0,50.0,336,0,0.0,6,1,672,5,0,0,0,0,0,0,0,0,0,0,0,0,0,0,0,127000
0,0,0,0,72.0,0,0,0.0,8,2,1768,4,0,0,0,0,0,0,0,0,0,0,0,0,0,0,0,136500
548,74,1,0,60.0,0,0,0.0,5,1,440,5,0,0,0,0,0,0,0,0,0,0,0,0,0,0,0,110000
960,0,1,72,100.0,448,1,576.0,8,2,896,6,0,0,0,0,0,0,0,0,0,0,0,0,0,0,0,193500
0,0,0,199,32.0,1201,0,443.0,5,2,1237,6,0,0,0,0,0,0,0,0,0,0,0,0,0,0,0,153500
0,144,0,99,78.0,33,1,468.0,6,2,1563,8,0,0,0,0,0,0,0,0,0,0,0,0,0,0,0,245000
0,74,1,0,80.0,0,0,66.0,6,1,1065,5,0,0,0,0,0,0,0,0,0,0,0,0,0,0,0,126500
670,120,1,72,69.0,0,1,22.0,7,2,384,7,0,0,0,0,0,0,0,0,0,0,0,0,0,0,0,168500
612,0,1,234,40.0,0,0,76.0,4,2,612,6,0,0,0,0,0,0,0,0,0,0,0,0,0,0,0,164500
0,0,0,0,105.0,0,0,0.0,6,1,1013,3,0,0,0,0,0,0,0,0,0,0,0,0,0,0,0,85000
0,0,0,0,60.0,588,0,0.0,5,1,990,4,0,0,0,0,0,0,0,0,0,0,0,0,0,0,0,123600
0,0,0,29,60.0,0,0,0.0,4,1,0,4,0,0,0,0,0,0,0,0,0,0,0,0,0,0,0,109900
0,0,0,0,85.0,600,0,203.0,6,1,1235,5,0,0,0,0,0,0,0,0,0,0,0,0,0,0,0,98600
0,0,0,0,80.0,713,0,0.0,5,1,876,5,0,0,0,0,0,0,0,0,0,0,0,0,0,0,0,163500
1031,0,0,0,60.0,1046,1,0.0,9,2,1214,6,0,0,0,0,0,0,0,0,0,0,0,0,0,0,0,133900
881,0,1,162,69.0,648,0,0.0,7,2,824,6,0,0,0,0,0,0,0,0,0,0,0,0,0,0,0,204750
790,232,1,63,69.0,310,1,68.0,6,2,680,6,0,0,0,0,0,0,0,0,0,0,0,0,0,0,0,185000
0,158,0,29,78.0,1162,0,183.0,6,2,1588,7,0,0,0,0,0,0,0,0,0,0,0,0,0,0,0,214000
0,120,0,0,73.0,520,0,48.0,6,1,960,4,0,0,0,0,0,0,0,0,0,0,0,0,0,0,0,94750
0,0,0,0,85.0,108,0,0.0,5,1,458,5,0,0,0,0,0,0,0,0,0,0,0,0,0,0,0,83000
0,352,1,0,77.0,569,0,0.0,6,1,950,4,0,0,0,0,0,0,0,0,0,0,0,0,0,0,0,128950
0,168,0,68,69.0,1200,2,28.0,6,2,1610,6,0,0,0,0,0,0,0,0,0,0,0,0,0,0,0,205000
755,192,1,46,77.0,0,1,336.0,7,2,741,6,0,0,0,0,0,0,0,0,0,0,0,0,0,0,0,178000
0,0,0,0,64.0,0,0,0.0,8,2,0,5,0,0,0,0,0,0,0,0,0,0,0,0,0,0,0,118964
0,0,0,36,94.0,0,0,0.0,6,2,1226,7,0,0,0,0,0,0,0,0,0,0,0,0,0,0,0,198900
592,0,1,0,69.0,224,2,600.0,7,1,1040,7,0,0,0,0,0,0,0,0,0,0,0,0,0,0,0,169500
939,140,1,45,75.0,0,1,768.0,9,2,1053,8,0,0,0,0,0,0,0,0,0,0,0,0,0,0,0,250000
0,0,0,0,60.0,0,0,0.0,6,1,641,4,0,0,0,0,0,0,0,0,0,0,0,0,0,0,0,100000
0,0,0,0,50.0,104,0,0.0,5,1,789,5,0,0,0,0,0,0,0,0,0,0,0,0,0,0,0,115000
520,0,0,0,85.0,0,0,0.0,7,2,793,5,0,0,0,0,0,0,0,0,0,0,0,0,0,0,0,115000
0,0,0,122,105.0,705,1,480.0,7,2,1844,6,0,0,0,0,0,0,0,0,0,0,0,0,0,0,0,190000
639,182,0,0,75.0,444,0,0.0,7,2,994,6,0,0,0,0,0,0,0,0,0,0,0,0,0,0,0,136900
656,180,1,0,69.0,250,1,0.0,7,2,384,7,0,0,0,0,0,0,0,0,0,0,0,0,0,0,0,180000
1414,120,1,184,77.0,984,1,220.0,10,2,1264,7,0,0,0,0,0,0,0,0,0,0,0,0,0,0,0,383970
0,166,0,120,69.0,35,2,184.0,7,2,1809,6,0,0,0,0,0,0,0,0,0,0,0,0,0,0,0,217000
884,224,1,0,61.0,774,1,0.0,9,2,1028,6,0,0,0,0,0,0,0,0,0,0,0,0,0,0,0,259500
729,0,1,32,34.0,419,1,1129.0,5,2,729,6,0,0,0,0,0,0,0,0,0,0,0,0,0,0,0,176000
0,0,0,20,69.0,170,1,116.0,6,1,1092,5,0,0,0,0,0,0,0,0,0,0,0,0,0,0,0,139000
0,80,1,64,74.0,0,0,0.0,5,1,1125,5,0,0,0,0,0,0,0,0,0,0,0,0,0,0,0,155000
1523,367,0,0,90.0,1470,2,0.0,11,3,1673,7,0,0,0,0,0,0,0,0,0,0,0,0,0,0,0,320000
728,0,1,24,65.0,0,1,0.0,8,2,728,6,0,0,0,0,0,0,0,0,0,0,0,0,0,0,0,163990
0,0,0,130,69.0,938,2,0.0,4,1,938,6,0,0,0,0,0,0,0,0,0,0,0,0,0,0,0,180000
351,0,0,0,50.0,0,0,0.0,4,1,732,4,0,0,0,0,0,0,0,0,0,0,0,0,0,0,0,100000
0,0,0,0,75.0,570,0,135.0,5,1,1080,6,0,0,0,0,0,0,0,0,0,0,0,0,0,0,0,136000
0,0,0,63,55.0,300,0,0.0,5,2,1199,6,0,0,0,0,0,0,0,0,0,0,0,0,0,0,0,153900
0,192,0,0,48.0,0,1,0.0,7,2,1362,6,0,0,0,0,0,0,0,0,0,0,0,0,0,0,0,181000
0,53,0,0,60.0,490,0,0.0,5,1,520,6,0,0,0,0,0,0,0,0,0,0,0,0,0,0,0,84500
0,0,0,205,69.0,120,1,0.0,5,2,1078,6,0,0,0,0,0,0,0,0,0,0,0,0,0,0,0,128000
0,0,0,0,55.0,116,1,0.0,5,1,672,5,0,0,0,0,0,0,0,0,0,0,0,0,0,0,0,87000
688,188,1,108,69.0,512,1,266.0,6,1,660,6,0,0,0,0,0,0,0,0,0,0,0,0,0,0,0,155000
0,0,1,80,69.0,567,0,85.0,6,1,1008,5,0,0,0,0,0,0,0,0,0,0,0,0,0,0,0,150000
941,105,1,66,88.0,445,2,309.0,8,2,924,7,0,0,0,0,0,0,0,0,0,0,0,0,0,0,0,226000
1032,24,1,48,69.0,695,1,40.0,7,2,992,6,0,0,0,0,0,0,0,0,0,0,0,0,0,0,0,244000
0,0,0,0,75.0,405,0,0.0,7,1,1063,5,0,0,0,0,0,0,0,0,0,0,0,0,0,0,0,150750
0,192,0,25,69.0,1005,0,136.0,6,2,1267,8,0,0,0,0,0,0,0,0,0,0,0,0,0,0,0,220000
0,0,1,96,78.0,570,1,0.0,7,2,1461,5,0,0,0,0,0,0,0,0,0,0,0,0,0,0,0,180000
0,98,0,0,80.0,0,1,288.0,7,2,1304,7,0,0,0,0,0,0,0,0,0,0,0,0,0,0,0,174000
0,0,0,111,69.0,695,1,196.0,5,2,1214,5,0,0,0,0,0,0,0,0,0,0,0,0,0,0,0,143000
0,0,0,0,82.0,0,0,70.0,9,3,1907,7,0,0,0,0,0,0,0,0,0,0,0,0,0,0,0,171000
848,224,1,106,73.0,668,2,320.0,7,2,1004,8,0,0,0,0,0,0,0,0,0,0,0,0,0,0,0,230000
836,276,1,99,65.0,821,0,0.0,7,2,928,6,0,0,0,0,0,0,0,0,0,0,0,0,0,0,0,231500
0,0,0,0,70.0,432,1,0.0,5,1,864,4,0,0,0,0,0,0,0,0,0,0,0,0,0,0,0,115000
0,160,0,24,78.0,1300,0,0.0,7,2,1734,7,0,0,0,0,0,0,0,0,0,0,0,0,0,0,0,260000
475,0,0,0,71.0,507,0,0.0,6,2,910,5,0,0,0,0,0,0,0,0,0,0,0,0,0,0,0,166000
0,144,0,29,78.0,679,0,183.0,6,2,1490,7,0,0,0,0,0,0,0,0,0,0,0,0,0,0,0,204000
0,0,0,0,70.0,1332,0,336.0,10,2,1728,5,0,0,0,0,0,0,0,0,0,0,0,0,0,0,0,125000
0,48,0,0,51.0,209,0,0.0,5,1,715,5,0,0,0,0,0,0,0,0,0,0,0,0,0,0,0,105000
1151,144,1,48,69.0,0,1,180.0,8,2,884,7,0,0,0,0,0,0,0,0,0,0,0,0,0,0,0,222500
0,0,0,0,63.0,680,0,120.0,6,1,1080,7,0,0,0,0,0,0,0,0,0,0,0,0,0,0,0,141000
448,200,0,114,69.0,0,0,0.0,7,1,896,5,0,0,0,0,0,0,0,0,0,0,0,0,0,0,0,115000
0,0,0,102,107.0,1400,1,436.0,6,2,1710,8,0,0,0,0,0,0,0,0,0,0,0,0,0,0,0,372402
896,0,1,66,69.0,416,1,252.0,8,2,825,6,0,0,0,0,0,0,0,0,0,0,0,0,0,0,0,190000
0,409,0,0,69.0,429,1,0.0,4,1,1602,6,0,0,0,0,0,0,0,0,0,0,0,0,0,0,0,235000
0,0,0,0,84.0,0,0,0.0,7,1,1200,6,0,0,0,0,0,0,0,0,0,0,0,0,0,0,0,125000
524,0,0,8,60.0,0,0,0.0,5,1,572,6,0,0,0,0,0,0,0,0,0,0,0,0,0,0,0,79000
0,0,0,0,60.0,0,0,0.0,5,1,0,5,0,0,0,0,0,0,0,0,0,0,0,0,0,0,0,109500
1194,0,1,75,92.0,0,1,84.0,8,2,774,8,0,0,0,0,0,0,0,0,0,0,0,0,0,0,0,269500
956,0,1,136,100.0,222,1,0.0,8,2,991,7,0,0,0,0,0,0,0,0,0,0,0,0,0,0,0,254900
0,0,0,0,69.0,660,0,0.0,6,2,1232,6,0,0,0,0,0,0,0,0,0,0,0,0,0,0,0,162500
0,0,0,70,95.0,1201,1,226.0,7,2,1541,7,0,0,0,0,0,0,0,0,0,0,0,0,0,0,0,220000
0,0,0,0,55.0,0,0,0.0,4,1,882,4,0,0,0,0,0,0,0,0,0,0,0,0,0,0,0,103200
467,0,0,0,40.0,370,0,0.0,5,2,1149,6,0,0,0,0,0,0,0,0,0,0,0,0,0,0,0,152000
547,140,0,0,62.0,351,0,0.0,6,2,644,5,0,0,0,0,0,0,0,0,0,0,0,0,0,0,0,127500
0,476,0,0,69.0,379,3,0.0,7,1,1617,5,0,0,0,0,0,0,0,0,0,0,0,0,0,0,0,190000
551,178,1,120,86.0,1288,1,300.0,8,1,1582,8,0,0,0,0,0,0,0,0,0,0,0,0,0,0,0,325624
880,100,1,48,62.0,0,1,0.0,7,2,840,7,0,0,0,0,0,0,0,0,0,0,0,0,0,0,0,183500
0,574,1,64,69.0,0,1,653.0,6,2,1686,8,0,0,0,0,0,0,0,0,0,0,0,0,0,0,0,228000
0,237,1,0,69.0,360,0,0.0,7,1,720,5,0,0,0,0,0,0,0,0,0,0,0,0,0,0,0,128500
703,441,0,35,44.0,495,1,0.0,5,2,1064,7,0,0,0,0,0,0,0,0,0,0,0,0,0,0,0,239000
0,0,1,20,80.0,288,1,491.0,6,1,1362,6,0,0,0,0,0,0,0,0,0,0,0,0,0,0,0,163000
0,192,0,0,47.0,1398,1,132.0,7,2,1606,6,0,0,0,0,0,0,0,0,0,0,0,0,0,0,0,184000
0,0,0,29,84.0,477,1,0.0,7,2,1202,6,0,0,0,0,0,0,0,0,0,0,0,0,0,0,0,243000
896,0,1,228,97.0,831,1,268.0,8,2,1151,6,0,0,0,0,0,0,0,0,0,0,0,0,0,0,0,211000
668,0,0,0,69.0,57,1,0.0,8,2,1052,5,0,0,0,0,0,0,0,0,0,0,0,0,0,0,0,172500
0,0,0,60,63.0,1904,1,748.0,9,2,2216,9,0,0,0,0,0,0,0,0,0,0,0,0,0,0,0,501837
0,0,0,0,60.0,0,0,0.0,5,1,968,5,0,0,0,0,0,0,0,0,0,0,0,0,0,0,0,100000
756,0,1,0,69.0,436,1,456.0,5,2,756,6,0,0,0,0,0,0,0,0,0,0,0,0,0,0,0,177000
901,0,1,0,54.0,352,1,0.0,9,1,793,7,0,0,0,0,0,0,0,0,0,0,0,0,0,0,0,200100
0,116,0,0,60.0,0,1,98.0,7,1,0,5,0,0,0,0,0,0,0,0,0,0,0,0,0,0,0,120000
720,280,1,238,63.0,0,0,0.0,6,2,1362,7,0,0,0,0,0,0,0,0,0,0,0,0,0,0,0,200000
316,104,0,0,92.0,0,0,0.0,5,1,504,5,0,0,0,0,0,0,0,0,0,0,0,0,0,0,0,127000
1518,0,1,260,90.0,0,2,0.0,12,2,1107,10,0,0,0,0,0,0,0,0,0,0,0,0,0,0,0,475000
0,168,0,27,69.0,611,0,0.0,6,2,1188,7,0,0,0,0,0,0,0,0,0,0,0,0,0,0,0,173000
704,0,1,0,60.0,0,0,0.0,8,2,660,5,0,0,0,0,0,0,0,0,0,0,0,0,0,0,0,135000
0,120,2,0,64.0,1086,2,275.0,6,0,1086,5,0,0,0,0,0,0,0,0,0,0,0,0,0,0,0,153337
0,0,1,120,41.0,1153,1,0.0,5,1,1593,8,0,0,0,0,0,0,0,0,0,0,0,0,0,0,0,286000
1178,0,1,74,70.0,297,2,0.0,10,2,853,8,0,0,0,0,0,0,0,0,0,0,0,0,0,0,0,315000
754,0,1,32,69.0,626,0,138.0,7,1,725,7,0,0,0,0,0,0,0,0,0,0,0,0,0,0,0,184000
0,0,0,35,68.0,560,0,0.0,6,2,1431,7,0,0,0,0,0,0,0,0,0,0,0,0,0,0,0,192000
0,0,0,0,60.0,390,0,0.0,5,1,864,5,0,0,0,0,0,0,0,0,0,0,0,0,0,0,0,127000
0,171,0,138,79.0,1126,1,205.0,8,2,1726,7,0,0,0,0,0,0,0,0,0,0,0,0,0,0,0,311872
929,0,0,198,92.0,0,0,0.0,8,1,755,6,0,0,0,0,0,0,0,0,0,0,0,0,0,0,0,104000
0,0,0,26,76.0,1088,1,262.0,7,2,1713,8,0,0,0,0,0,0,0,0,0,0,0,0,0,0,0,274900
0,132,0,64,80.0,0,0,0.0,5,2,1121,4,0,0,0,0,0,0,0,0,0,0,0,0,0,0,0,140000
0,238,0,83,75.0,641,2,0.0,6,2,1196,6,0,0,0,0,0,0,0,0,0,0,0,0,0,0,0,171500
445,0,0,0,50.0,617,0,0.0,6,2,617,6,0,0,0,0,0,0,0,0,0,0,0,0,0,0,0,112000
0,149,0,0,69.0,662,1,205.0,3,1,848,6,0,0,0,0,0,0,0,0,0,0,0,0,0,0,0,149000
564,0,1,35,50.0,312,0,0.0,5,1,720,5,0,0,0,0,0,0,0,0,0,0,0,0,0,0,0,110000
0,0,0,34,99.0,0,0,0.0,5,2,1424,7,0,0,0,0,0,0,0,0,0,0,0,0,0,0,0,180500
0,0,1,30,40.0,0,1,0.0,8,1,1140,5,0,0,0,0,0,0,0,0,0,0,0,0,0,0,0,143900
0,355,0,0,69.0,419,1,0.0,6,1,1100,4,0,0,0,0,0,0,0,0,0,0,0,0,0,0,0,141000
882,60,1,55,69.0,1065,1,128.0,7,2,1157,7,0,0,0,0,0,0,0,0,0,0,0,0,0,0,0,277000
0,0,0,0,75.0,787,0,260.0,6,1,1092,6,0,0,0,0,0,0,0,0,0,0,0,0,0,0,0,145000
0,0,0,0,67.0,468,0,0.0,5,1,864,5,0,0,0,0,0,0,0,0,0,0,0,0,0,0,0,98000
0,100,0,22,83.0,36,0,0.0,6,2,1212,6,0,0,0,0,0,0,0,0,0,0,0,0,0,0,0,186000
920,168,1,108,72.0,822,1,0.0,7,2,900,7,0,0,0,0,0,0,0,0,0,0,0,0,0,0,0,252678
0,224,0,0,43.0,716,0,0.0,5,1,990,5,0,0,0,0,0,0,0,0,0,0,0,0,0,0,0,156000
703,0,1,36,69.0,378,0,153.0,6,1,689,6,0,0,0,0,0,0,0,0,0,0,0,0,0,0,0,161750
0,0,0,0,72.0,360,1,64.0,6,1,1070,5,0,0,0,0,0,0,0,0,0,0,0,0,0,0,0,134450
0,139,0,98,65.0,946,0,266.0,8,2,1436,7,0,0,0,0,0,0,0,0,0,0,0,0,0,0,0,210000
518,0,0,172,57.0,0,0,0.0,8,1,686,4,0,0,0,0,0,0,0,0,0,0,0,0,0,0,0,107000
817,0,1,119,69.0,341,2,312.0,8,1,798,7,0,0,0,0,0,0,0,0,0,0,0,0,0,0,0,311500
0,108,0,0,43.0,16,0,16.0,5,2,1248,7,0,0,0,0,0,0,0,0,0,0,0,0,0,0,0,167240
0,351,0,33,73.0,0,0,0.0,5,2,1498,7,0,0,0,0,0,0,0,0,0,0,0,0,0,0,0,204900
1257,120,1,46,69.0,0,1,0.0,8,2,1010,6,0,0,0,0,0,0,0,0,0,0,0,0,0,0,0,200000
741,209,1,208,85.0,550,1,0.0,6,2,713,6,0,0,0,0,0,0,0,0,0,0,0,0,0,0,0,179900
0,216,0,0,70.0,524,0,0.0,4,1,864,4,0,0,0,0,0,0,0,0,0,0,0,0,0,0,0,97000
0,248,0,105,103.0,56,1,922.0,8,2,2392,10,0,0,0,0,0,0,0,0,0,0,0,0,0,0,0,386250
1306,224,1,114,82.0,565,1,290.0,9,2,1203,7,0,0,0,0,0,0,0,0,0,0,0,0,0,0,0,290000
0,0,0,0,70.0,842,1,0.0,5,1,912,5,0,0,0,0,0,0,0,0,0,0,0,0,0,0,0,125000
0,143,0,20,43.0,16,1,16.0,7,2,1373,7,0,0,0,0,0,0,0,0,0,0,0,0,0,0,0,192500
0,0,0,0,73.0,0,0,220.0,6,1,1194,6,0,0,0,0,0,0,0,0,0,0,0,0,0,0,0,148000
0,365,0,0,75.0,182,0,0.0,5,1,894,5,0,0,0,0,0,0,0,0,0,0,0,0,0,0,0,128200
1100,288,1,48,69.0,625,2,0.0,8,2,860,6,0,0,0,0,0,0,0,0,0,0,0,0,0,0,0,216500
0,132,0,105,65.0,24,0,98.0,6,2,1414,7,0,0,0,0,0,0,0,0,0,0,0,0,0,0,0,185500
730,370,1,70,69.0,402,0,0.0,7,2,996,7,0,0,0,0,0,0,0,0,0,0,0,0,0,0,0,194500
0,168,0,228,93.0,0,0,254.0,7,2,1694,8,0,0,0,0,0,0,0,0,0,0,0,0,0,0,0,318000
689,0,1,140,52.0,94,1,0.0,7,1,735,6,0,0,0,0,0,0,0,0,0,0,0,0,0,0,0,113000
0,144,0,168,75.0,1078,0,36.0,7,2,1566,8,0,0,0,0,0,0,0,0,0,0,0,0,0,0,0,262500
0,58,0,42,40.0,329,0,0.0,4,1,686,5,0,0,0,0,0,0,0,0,0,0,0,0,0,0,0,110500
551,0,0,0,63.0,0,0,0.0,6,1,540,5,0,0,0,0,0,0,0,0,0,0,0,0,0,0,0,79000
591,0,1,28,75.0,0,1,0.0,6,1,626,6,0,0,0,0,0,0,0,0,0,0,0,0,0,0,0,120000
888,0,1,130,69.0,695,2,0.0,8,2,948,7,0,0,0,0,0,0,0,0,0,0,0,0,0,0,0,205000
0,197,0,39,80.0,929,1,102.0,6,2,1845,7,0,0,0,0,0,0,0,0,0,0,0,0,0,0,0,241500
1020,0,0,60,69.0,0,0,0.0,9,2,1020,6,0,0,0,0,0,0,0,0,0,0,0,0,0,0,0,137000
0,0,0,30,75.0,0,1,0.0,5,1,1367,6,0,0,0,0,0,0,0,0,0,0,0,0,0,0,0,140000
828,144,1,68,72.0,0,0,101.0,8,2,840,7,0,0,0,0,0,0,0,0,0,0,0,0,0,0,0,180000
700,0,0,98,69.0,697,2,472.0,7,2,1444,6,0,0,0,0,0,0,0,0,0,0,0,0,0,0,0,277000
0,263,0,0,55.0,0,0,0.0,6,1,728,3,0,0,0,0,0,0,0,0,0,0,0,0,0,0,0,76500
0,123,0,0,44.0,1573,1,481.0,5,2,1573,8,0,0,0,0,0,0,0,0,0,0,0,0,0,0,0,235000
842,138,1,45,65.0,0,0,0.0,6,2,798,6,0,0,0,0,0,0,0,0,0,0,0,0,0,0,0,173000
0,333,0,0,85.0,270,0,108.0,7,2,1302,6,0,0,0,0,0,0,0,0,0,0,0,0,0,0,0,158000
0,250,0,0,70.0,922,0,0.0,5,1,1314,5,0,0,0,0,0,0,0,0,0,0,0,0,0,0,0,145000
1286,192,1,0,66.0,0,1,302.0,8,2,975,7,0,0,0,0,0,0,0,0,0,0,0,0,0,0,0,230000
864,216,1,56,64.0,503,0,0.0,7,2,864,6,0,0,0,0,0,0,0,0,0,0,0,0,0,0,0,207500
0,123,1,110,68.0,1334,1,180.0,8,2,1604,7,0,0,0,0,0,0,0,0,0,0,0,0,0,0,0,220000
829,0,1,96,80.0,361,1,172.0,7,2,963,7,0,0,0,0,0,0,0,0,0,0,0,0,0,0,0,231500
0,0,0,45,70.0,0,0,0.0,4,1,0,5,0,0,0,0,0,0,0,0,0,0,0,0,0,0,0,97000
1092,0,1,148,69.0,0,1,270.0,10,2,1482,8,0,0,0,0,0,0,0,0,0,0,0,0,0,0,0,276000
0,292,0,12,88.0,506,1,46.0,6,1,506,6,0,0,0,0,0,0,0,0,0,0,0,0,0,0,0,151000
0,0,0,0,50.0,234,0,0.0,6,1,926,5,0,0,0,0,0,0,0,0,0,0,0,0,0,0,0,130000
0,276,0,0,78.0,588,1,210.0,7,2,1422,6,0,0,0,0,0,0,0,0,0,0,0,0,0,0,0,175500
709,95,1,75,70.0,714,1,0.0,8,2,802,6,0,0,0,0,0,0,0,0,0,0,0,0,0,0,0,185000
720,262,1,24,60.0,378,1,0.0,8,2,720,5,0,0,0,0,0,0,0,0,0,0,0,0,0,0,0,179500
0,0,0,25,71.0,403,1,0.0,4,1,740,5,0,0,0,0,0,0,0,0,0,0,0,0,0,0,0,120500
0,370,1,30,69.0,751,1,174.0,6,1,1143,6,0,0,0,0,0,0,0,0,0,0,0,0,0,0,0,148000
844,192,1,51,84.0,0,1,0.0,8,2,1095,8,0,0,0,0,0,0,0,0,0,0,0,0,0,0,0,266000
0,81,0,0,73.0,226,2,0.0,5,1,1385,7,0,0,0,0,0,0,0,0,0,0,0,0,0,0,0,241500
1106,132,1,57,92.0,524,1,348.0,9,2,1152,8,0,0,0,0,0,0,0,0,0,0,0,0,0,0,0,290000
0,289,0,0,80.0,620,1,183.0,6,2,1240,6,0,0,0,0,0,0,0,0,0,0,0,0,0,0,0,139000
0,168,0,0,76.0,546,0,0.0,5,1,816,5,0,0,0,0,0,0,0,0,0,0,0,0,0,0,0,124500
596,74,1,0,55.0,0,0,0.0,5,2,952,7,0,0,0,0,0,0,0,0,0,0,0,0,0,0,0,205000
0,124,1,98,107.0,0,1,315.0,8,2,2121,9,0,0,0,0,0,0,0,0,0,0,0,0,0,0,0,415298
866,288,1,117,83.0,392,1,299.0,8,2,1160,7,0,0,0,0,0,0,0,0,0,0,0,0,0,0,0,192000
807,0,1,84,82.0,421,1,340.0,7,2,807,7,0,0,0,0,0,0,0,0,0,0,0,0,0,0,0,228500
0,0,0,120,60.0,905,0,68.0,5,2,1262,6,0,0,0,0,0,0,0,0,0,0,0,0,0,0,0,185000
0,172,0,62,34.0,904,1,166.0,6,2,1314,7,0,0,0,0,0,0,0,0,0,0,0,0,0,0,0,207500
0,210,0,150,74.0,0,1,72.0,6,2,1468,8,0,0,0,0,0,0,0,0,0,0,0,0,0,0,0,244600
0,0,0,0,50.0,430,0,0.0,5,2,1575,6,0,0,0,0,0,0,0,0,0,0,0,0,0,0,0,179200
625,0,1,54,35.0,0,0,0.0,5,2,625,7,0,0,0,0,0,0,0,0,0,0,0,0,0,0,0,164700
649,0,1,0,77.0,600,1,0.0,7,1,912,6,0,0,0,0,0,0,0,0,0,0,0,0,0,0,0,159000
0,0,0,0,69.0,614,0,0.0,5,1,858,4,0,0,0,0,0,0,0,0,0,0,0,0,0,0,0,88000
0,0,0,0,69.0,450,0,31.0,5,1,882,5,0,0,0,0,0,0,0,0,0,0,0,0,0,0,0,122000
698,0,0,0,60.0,0,0,0.0,7,1,698,6,0,0,0,0,0,0,0,0,0,0,0,0,0,0,0,153575
780,0,0,184,55.0,210,0,0.0,9,2,780,5,0,0,0,0,0,0,0,0,0,0,0,0,0,0,0,135900
568,0,1,0,60.0,292,1,0.0,8,1,768,5,0,0,0,0,0,0,0,0,0,0,0,0,0,0,0,131000
795,0,1,250,69.0,795,1,34.0,9,2,795,7,0,0,0,0,0,0,0,0,0,0,0,0,0,0,0,235000
0,110,0,0,80.0,1285,2,238.0,7,1,1416,6,0,0,0,0,0,0,0,0,0,0,0,0,0,0,0,167000
0,120,0,0,37.0,819,0,0.0,6,1,1003,6,0,0,0,0,0,0,0,0,0,0,0,0,0,0,0,142500
648,289,1,0,75.0,420,0,0.0,6,1,910,5,0,0,0,0,0,0,0,0,0,0,0,0,0,0,0,152000
975,0,1,10,66.0,649,1,1600.0,7,2,975,7,0,0,0,0,0,0,0,0,0,0,0,0,0,0,0,239000
702,224,2,0,90.0,384,1,365.0,7,1,702,6,0,0,0,0,0,0,0,0,0,0,0,0,0,0,0,175000
0,0,0,36,80.0,0,1,0.0,6,1,1092,6,0,0,0,0,0,0,0,0,0,0,0,0,0,0,0,158500
0,0,0,0,90.0,841,2,56.0,5,1,1165,5,0,0,0,0,0,0,0,0,0,0,0,0,0,0,0,157000
1242,208,1,50,66.0,281,1,0.0,9,2,1028,8,0,0,0,0,0,0,0,0,0,0,0,0,0,0,0,267000
0,256,0,0,70.0,894,0,0.0,5,1,894,5,0,0,0,0,0,0,0,0,0,0,0,0,0,0,0,149900
1818,302,0,0,87.0,0,1,0.0,10,3,1470,7,0,0,0,0,0,0,0,0,0,0,0,0,0,0,0,295000
0,168,0,0,80.0,1464,0,246.0,8,2,2000,8,0,0,0,0,0,0,0,0,0,0,0,0,0,0,0,305900
371,0,0,144,69.0,0,0,0.0,6,1,319,6,0,0,0,0,0,0,0,0,0,0,0,0,0,0,0,89500
0,158,0,0,69.0,262,0,0.0,4,1,861,4,0,0,0,0,0,0,0,0,0,0,0,0,0,0,0,82500
0,208,0,175,90.0,1274,3,0.0,8,2,1896,9,0,0,0,0,0,0,0,0,0,0,0,0,0,0,0,360000
804,190,1,63,69.0,518,1,112.0,6,2,697,6,0,0,0,0,0,0,0,0,0,0,0,0,0,0,0,165600
0,0,0,0,50.0,680,1,0.0,5,1,972,6,0,0,0,0,0,0,0,0,0,0,0,0,0,0,0,132000
325,0,0,0,65.0,507,1,0.0,5,1,793,5,0,0,0,0,0,0,0,0,0,0,0,0,0,0,0,119900
809,0,1,0,60.0,16,1,0.0,6,1,728,7,0,0,0,0,0,0,0,0,0,0,0,0,0,0,0,178000
716,100,1,51,71.0,425,1,0.0,6,2,716,7,0,0,0,0,0,0,0,0,0,0,0,0,0,0,0,188500
1200,288,1,195,94.0,692,1,278.0,10,2,845,7,0,0,0,0,0,0,0,0,0,0,0,0,0,0,0,260000
871,208,1,46,75.0,0,1,0.0,8,2,1088,8,0,0,0,0,0,0,0,0,0,0,0,0,0,0,0,270000
1274,340,1,60,90.0,987,1,256.0,9,2,1347,7,0,0,0,0,0,0,0,0,0,0,0,0,0,0,0,260000
0,233,0,48,69.0,1036,2,225.0,6,2,1372,7,0,0,0,0,0,0,0,0,0,0,0,0,0,0,0,187500
1332,184,1,154,99.0,970,1,388.0,10,2,1136,8,0,0,0,0,0,0,0,0,0,0,0,0,0,0,0,354000
1177,201,1,96,86.0,28,1,172.0,8,2,1502,7,0,0,0,0,0,0,0,0,0,0,0,0,0,0,0,301000
0,142,0,98,49.0,256,0,0.0,6,1,1162,3,0,0,0,0,0,0,0,0,0,0,0,0,0,0,0,126175
1080,240,1,0,96.0,0,1,300.0,11,2,710,7,0,0,0,0,0,0,0,0,0,0,0,0,0,0,0,242000
0,0,0,0,50.0,116,0,0.0,5,1,720,5,0,0,0,0,0,0,0,0,0,0,0,0,0,0,0,87000
0,122,1,30,32.0,1619,2,0.0,6,1,1719,8,0,0,0,0,0,0,0,0,0,0,0,0,0,0,0,324000
0,0,1,45,80.0,565,0,175.0,7,1,1383,6,0,0,0,0,0,0,0,0,0,0,0,0,0,0,0,145250
689,0,0,60,69.0,0,0,0.0,10,2,844,6,0,0,0,0,0,0,0,0,0,0,0,0,0,0,0,214500
596,0,0,0,60.0,0,0,0.0,6,1,596,5,0,0,0,0,0,0,0,0,0,0,0,0,0,0,0,78000
0,155,0,0,69.0,40,0,84.0,10,2,1728,5,0,0,0,0,0,0,0,0,0,0,0,0,0,0,0,119000
0,0,0,0,70.0,846,0,0.0,6,1,1056,5,0,0,0,0,0,0,0,0,0,0,0,0,0,0,0,139000
0,0,0,0,85.0,1124,1,296.0,7,2,3206,8,0,0,0,0,0,0,0,0,0,0,0,0,0,0,0,284000
0,192,0,30,59.0,720,1,146.0,6,2,1358,7,0,0,0,0,0,0,0,0,0,0,0,0,0,0,0,207000
695,100,1,38,59.0,828,2,0.0,7,2,943,6,0,0,0,0,0,0,0,0,0,0,0,0,0,0,0,192000
167,670,0,0,69.0,1249,2,0.0,7,2,1499,5,0,0,0,0,0,0,0,0,0,0,0,0,0,0,0,228950
0,178,0,51,86.0,1249,1,200.0,8,2,1922,9,0,0,0,0,0,0,0,0,0,0,0,0,0,0,0,377426
0,192,0,74,70.0,810,0,113.0,7,2,1536,7,0,0,0,0,0,0,0,0,0,0,0,0,0,0,0,214000
0,108,0,45,91.0,213,0,0.0,8,2,1208,7,0,0,0,0,0,0,0,0,0,0,0,0,0,0,0,202500
0,0,0,0,66.0,585,0,176.0,6,1,1215,6,0,0,0,0,0,0,0,0,0,0,0,0,0,0,0,155000
915,135,1,0,85.0,0,0,0.0,9,2,967,8,0,0,0,0,0,0,0,0,0,0,0,0,0,0,0,202900
0,250,0,0,60.0,0,0,0.0,4,1,721,4,0,0,0,0,0,0,0,0,0,0,0,0,0,0,0,82000
0,0,0,0,69.0,0,0,340.0,6,2,0,3,0,0,0,0,0,0,0,0,0,0,0,0,0,0,0,87500
0,495,0,72,63.0,28,1,616.0,6,2,1684,9,0,0,0,0,0,0,0,0,0,0,0,0,0,0,0,266000
576,182,1,0,36.0,129,0,0.0,4,1,536,5,0,0,0,0,0,0,0,0,0,0,0,0,0,0,0,85000
605,0,0,0,65.0,0,1,0.0,6,1,972,6,0,0,0,0,0,0,0,0,0,0,0,0,0,0,0,140200
0,0,0,0,69.0,498,0,0.0,5,1,958,6,0,0,0,0,0,0,0,0,0,0,0,0,0,0,0,151500
0,0,0,40,69.0,1270,2,30.0,6,2,1478,6,0,0,0,0,0,0,0,0,0,0,0,0,0,0,0,157500
862,0,1,27,36.0,573,0,106.0,6,2,764,7,0,0,0,0,0,0,0,0,0,0,0,0,0,0,0,154000
880,0,1,0,56.0,1410,2,870.0,10,2,1848,9,0,0,0,0,0,0,0,0,0,0,0,0,0,0,0,437154
0,210,0,54,68.0,0,1,362.0,6,2,1869,9,0,0,0,0,0,0,0,0,0,0,0,0,0,0,0,318061
0,0,1,80,69.0,1082,1,0.0,6,1,1453,7,0,0,0,0,0,0,0,0,0,0,0,0,0,0,0,190000
495,48,0,0,60.0,236,0,0.0,5,1,616,5,0,0,0,0,0,0,0,0,0,0,0,0,0,0,0,95000
0,106,0,0,60.0,0,0,0.0,5,1,624,6,0,0,0,0,0,0,0,0,0,0,0,0,0,0,0,105900
403,0,0,0,60.0,388,2,0.0,6,1,940,6,0,0,0,0,0,0,0,0,0,0,0,0,0,0,0,140000
0,0,0,26,105.0,334,0,0.0,6,2,1200,6,0,0,0,0,0,0,0,0,0,0,0,0,0,0,0,177500
0,120,0,26,69.0,560,0,106.0,6,2,1158,6,0,0,0,0,0,0,0,0,0,0,0,0,0,0,0,173000
0,536,1,90,44.0,874,1,0.0,6,1,1142,5,0,0,0,0,0,0,0,0,0,0,0,0,0,0,0,134000
0,168,0,0,92.0,300,0,120.0,6,1,1062,5,0,0,0,0,0,0,0,0,0,0,0,0,0,0,0,130000
838,208,1,75,78.0,956,1,530.0,7,2,1086,8,0,0,0,0,0,0,0,0,0,0,0,0,0,0,0,280000
0,0,0,0,69.0,773,1,0.0,5,1,888,6,0,0,0,0,0,0,0,0,0,0,0,0,0,0,0,156000
517,0,0,0,69.0,399,0,0.0,8,1,883,5,0,0,0,0,0,0,0,0,0,0,0,0,0,0,0,145000
1427,0,0,0,64.0,0,1,500.0,7,3,0,7,0,0,0,0,0,0,0,0,0,0,0,0,0,0,0,198500
784,306,1,111,69.0,712,1,120.0,6,2,796,6,0,0,0,0,0,0,0,0,0,0,0,0,0,0,0,190000
672,0,0,128,59.0,456,0,0.0,6,1,672,5,0,0,0,0,0,0,0,0,0,0,0,0,0,0,0,147000
0,0,1,76,69.0,609,2,247.0,6,1,1394,6,0,0,0,0,0,0,0,0,0,0,0,0,0,0,0,159000
0,64,0,110,101.0,371,1,305.0,6,1,1099,6,0,0,0,0,0,0,0,0,0,0,0,0,0,0,0,165000
0,0,0,98,78.0,540,1,200.0,7,1,1268,5,0,0,0,0,0,0,0,0,0,0,0,0,0,0,0,132000
0,364,0,17,69.0,72,1,0.0,7,1,1063,5,0,0,0,0,0,0,0,0,0,0,0,0,0,0,0,162000
711,100,1,40,69.0,0,1,0.0,7,2,953,6,0,0,0,0,0,0,0,0,0,0,0,0,0,0,0,172400
468,0,0,59,80.0,0,1,0.0,7,2,0,4,0,0,0,0,0,0,0,0,0,0,0,0,0,0,0,134432
0,353,0,0,50.0,623,0,0.0,4,1,744,6,0,0,0,0,0,0,0,0,0,0,0,0,0,0,0,125000
0,66,0,0,79.0,428,0,0.0,5,1,608,5,0,0,0,0,0,0,0,0,0,0,0,0,0,0,0,123000
1081,100,1,48,65.0,0,1,0.0,8,2,847,7,0,0,0,0,0,0,0,0,0,0,0,0,0,0,0,219500
0,0,1,0,69.0,350,0,0.0,4,0,683,1,0,0,0,0,0,0,0,0,0,0,0,0,0,0,0,61000
0,0,0,0,57.0,298,0,0.0,5,1,870,5,0,0,0,0,0,0,0,0,0,0,0,0,0,0,0,148000
886,159,0,214,102.0,0,1,0.0,8,3,1580,8,0,0,0,0,0,0,0,0,0,0,0,0,0,0,0,340000
0,113,1,0,88.0,1445,1,350.0,8,1,1856,9,0,0,0,0,0,0,0,0,0,0,0,0,0,0,0,394432
793,100,1,63,60.0,0,1,16.0,7,2,982,6,0,0,0,0,0,0,0,0,0,0,0,0,0,0,0,179000
665,0,0,0,50.0,218,1,0.0,6,2,1026,5,0,0,0,0,0,0,0,0,0,0,0,0,0,0,0,127000
0,216,0,121,60.0,0,1,0.0,5,2,1293,7,0,0,0,0,0,0,0,0,0,0,0,0,0,0,0,187750
858,144,1,53,79.0,0,0,0.0,8,2,939,7,0,0,0,0,0,0,0,0,0,0,0,0,0,0,0,213500
0,0,0,0,60.0,0,0,0.0,5,1,784,6,0,0,0,0,0,0,0,0,0,0,0,0,0,0,0,76000
874,216,1,231,69.0,985,2,0.0,9,2,1580,6,0,0,0,0,0,0,0,0,0,0,0,0,0,0,0,240000
0,146,0,20,43.0,24,1,16.0,6,2,1256,8,0,0,0,0,0,0,0,0,0,0,0,0,0,0,0,192000
526,0,0,151,58.0,0,0,0.0,8,1,658,5,0,0,0,0,0,0,0,0,0,0,0,0,0,0,0,81000
0,296,0,0,72.0,631,1,255.0,6,1,1041,6,0,0,0,0,0,0,0,0,0,0,0,0,0,0,0,125000
0,120,0,25,93.0,0,0,125.0,6,2,1468,7,0,0,0,0,0,0,0,0,0,0,0,0,0,0,0,191000
590,196,1,134,96.0,1280,1,272.0,9,2,1682,10,0,0,0,0,0,0,0,0,0,0,0,0,0,0,0,426000
406,0,0,130,50.0,241,0,0.0,7,1,861,5,0,0,0,0,0,0,0,0,0,0,0,0,0,0,0,119000
1157,125,1,192,71.0,690,1,0.0,7,2,804,6,0,0,0,0,0,0,0,0,0,0,0,0,0,0,0,215000
0,0,0,0,69.0,0,0,0.0,5,1,0,5,0,0,0,0,0,0,0,0,0,0,0,0,0,0,0,106500
0,0,0,0,69.0,266,2,0.0,4,1,788,4,0,0,0,0,0,0,0,0,0,0,0,0,0,0,0,100000
299,0,0,39,60.0,0,0,0.0,5,1,735,5,0,0,0,0,0,0,0,0,0,0,0,0,0,0,0,109000
0,44,0,0,68.0,739,0,0.0,6,1,1144,5,0,0,0,0,0,0,0,0,0,0,0,0,0,0,0,129000
0,215,0,0,60.0,777,0,0.0,6,1,894,5,0,0,0,0,0,0,0,0,0,0,0,0,0,0,0,123000
936,0,0,168,69.0,540,1,288.0,8,2,864,5,0,0,0,0,0,0,0,0,0,0,0,0,0,0,0,169500
0,0,0,0,60.0,0,0,0.0,6,1,961,5,0,0,0,0,0,0,0,0,0,0,0,0,0,0,0,67000
438,0,0,168,65.0,812,0,100.0,7,2,1092,7,0,0,0,0,0,0,0,0,0,0,0,0,0,0,0,241000
0,120,1,30,38.0,786,2,0.0,4,1,1260,8,0,0,0,0,0,0,0,0,0,0,0,0,0,0,0,245500
0,0,0,0,65.0,24,1,0.0,6,2,1310,7,0,0,0,0,0,0,0,0,0,0,0,0,0,0,0,164990
0,168,0,0,60.0,0,0,0.0,4,1,672,5,0,0,0,0,0,0,0,0,0,0,0,0,0,0,0,108000
1098,144,1,123,93.0,0,1,650.0,10,2,1141,8,0,0,0,0,0,0,0,0,0,0,0,0,0,0,0,258000
766,0,1,40,69.0,0,1,0.0,7,2,806,6,0,0,0,0,0,0,0,0,0,0,0,0,0,0,0,168000
0,120,0,78,69.0,1116,1,0.0,8,2,1281,4,0,0,0,0,0,0,0,0,0,0,0,0,0,0,0,150000
0,0,0,0,51.0,0,0,0.0,6,1,1064,6,0,0,0,0,0,0,0,0,0,0,0,0,0,0,0,115000
840,0,0,0,63.0,0,0,0.0,8,2,840,6,0,0,0,0,0,0,0,0,0,0,0,0,0,0,0,177000
1028,0,1,102,85.0,789,1,100.0,8,2,1034,8,0,0,0,0,0,0,0,0,0,0,0,0,0,0,0,339750
0,0,0,0,68.0,0,0,0.0,5,1,1276,5,0,0,0,0,0,0,0,0,0,0,0,0,0,0,0,60000
0,264,0,0,100.0,1056,0,0.0,5,1,1056,5,0,0,0,0,0,0,0,0,0,0,0,0,0,0,0,145000
0,0,1,144,69.0,578,1,432.0,7,2,1470,7,0,0,0,0,0,0,0,0,0,0,0,0,0,0,0,222000
0,0,0,0,56.0,0,1,0.0,5,1,1008,5,0,0,0,0,0,0,0,0,0,0,0,0,0,0,0,115000
1017,196,1,187,59.0,50,1,0.0,9,2,1080,7,0,0,0,0,0,0,0,0,0,0,0,0,0,0,0,228000
0,100,0,30,73.0,24,0,0.0,6,2,1340,7,0,0,0,0,0,0,0,0,0,0,0,0,0,0,0,181134
728,0,1,0,74.0,209,1,203.0,6,1,672,6,0,0,0,0,0,0,0,0,0,0,0,0,0,0,0,149500
1254,0,1,0,86.0,1128,1,0.0,10,2,1370,6,0,0,0,0,0,0,0,0,0,0,0,0,0,0,0,239000
378,0,1,0,60.0,312,0,0.0,7,1,756,5,0,0,0,0,0,0,0,0,0,0,0,0,0,0,0,126000
0,0,0,85,65.0,775,1,0.0,6,1,1056,5,0,0,0,0,0,0,0,0,0,0,0,0,0,0,0,142000
0,0,0,0,78.0,1309,0,200.0,8,2,1344,7,0,0,0,0,0,0,0,0,0,0,0,0,0,0,0,206300
0,240,0,0,69.0,1246,1,126.0,8,2,1602,6,0,0,0,0,0,0,0,0,0,0,0,0,0,0,0,215000
0,0,0,0,100.0,0,0,0.0,4,1,988,5,0,0,0,0,0,0,0,0,0,0,0,0,0,0,0,113000
1160,0,1,66,80.0,986,1,473.0,8,2,1470,8,0,0,0,0,0,0,0,0,0,0,0,0,0,0,0,315000
0,0,0,44,72.0,616,1,74.0,6,1,1196,6,0,0,0,0,0,0,0,0,0,0,0,0,0,0,0,139000
682,0,1,0,60.0,0,2,0.0,6,1,651,7,0,0,0,0,0,0,0,0,0,0,0,0,0,0,0,135000
0,80,0,0,69.0,1518,1,145.0,5,2,1518,7,0,0,0,0,0,0,0,0,0,0,0,0,0,0,0,275000
0,0,0,0,77.0,288,0,0.0,5,1,907,4,0,0,0,0,0,0,0,0,0,0,0,0,0,0,0,109008
0,105,0,54,64.0,664,0,108.0,6,2,1208,7,0,0,0,0,0,0,0,0,0,0,0,0,0,0,0,195400
110,0,0,98,60.0,0,0,0.0,7,1,901,6,0,0,0,0,0,0,0,0,0,0,0,0,0,0,0,79900
678,0,1,36,100.0,0,1,0.0,7,2,926,6,0,0,0,0,0,0,0,0,0,0,0,0,0,0,0,181000
834,158,1,61,43.0,385,1,0.0,6,2,799,7,0,0,0,0,0,0,0,0,0,0,0,0,0,0,0,212000
384,0,0,0,40.0,0,0,0.0,6,1,648,6,0,0,0,0,0,0,0,0,0,0,0,0,0,0,0,116000
0,0,0,0,50.0,0,0,0.0,4,1,884,6,0,0,0,0,0,0,0,0,0,0,0,0,0,0,0,119000
0,0,0,0,40.0,365,1,0.0,4,1,440,5,0,0,0,0,0,0,0,0,0,0,0,0,0,0,0,90350
512,0,0,46,67.0,0,0,0.0,7,1,684,6,0,0,0,0,0,0,0,0,0,0,0,0,0,0,0,110000
0,0,0,72,105.0,1767,2,200.0,10,2,3094,10,0,0,0,0,0,0,0,0,0,0,0,0,0,0,0,555000
0,0,0,0,92.0,133,0,270.0,8,2,1440,4,0,0,0,0,0,0,0,0,0,0,0,0,0,0,0,118000
445,0,0,0,52.0,0,1,0.0,8,2,1078,5,0,0,0,0,0,0,0,0,0,0,0,0,0,0,0,162900
0,144,0,16,53.0,0,1,72.0,6,2,1258,7,0,0,0,0,0,0,0,0,0,0,0,0,0,0,0,172500
975,144,1,133,70.0,642,1,0.0,8,2,915,7,0,0,0,0,0,0,0,0,0,0,0,0,0,0,0,210000
0,0,0,0,73.0,0,1,0.0,7,1,1436,6,0,0,0,0,0,0,0,0,0,0,0,0,0,0,0,127500
930,89,1,0,69.0,0,1,0.0,10,2,930,7,0,0,0,0,0,0,0,0,0,0,0,0,0,0,0,199900
596,0,0,0,50.0,0,1,0.0,7,2,780,6,0,0,0,0,0,0,0,0,0,0,0,0,0,0,0,119500
504,0,1,176,50.0,331,0,0.0,6,1,649,3,0,0,0,0,0,0,0,0,0,0,0,0,0,0,0,120000
0,0,0,113,70.0,0,0,0.0,5,1,813,6,0,0,0,0,0,0,0,0,0,0,0,0,0,0,0,110000
0,200,0,54,62.0,655,2,0.0,5,2,1533,7,0,0,0,0,0,0,0,0,0,0,0,0,0,0,0,280000
868,144,1,122,69.0,742,0,42.0,7,2,872,6,0,0,0,0,0,0,0,0,0,0,0,0,0,0,0,204000
804,0,1,30,75.0,0,0,0.0,6,2,768,8,0,0,0,0,0,0,0,0,0,0,0,0,0,0,0,210000
0,0,0,0,63.0,1606,0,0.0,8,2,1728,5,0,0,0,0,0,0,0,0,0,0,0,0,0,0,0,188000
0,0,1,0,80.0,916,1,320.0,6,1,1242,7,0,0,0,0,0,0,0,0,0,0,0,0,0,0,0,175500
720,0,0,0,34.0,0,0,0.0,7,1,624,5,0,0,0,0,0,0,0,0,0,0,0,0,0,0,0,98000
0,224,0,137,69.0,1116,2,0.0,6,1,1364,4,0,0,0,0,0,0,0,0,0,0,0,0,0,0,0,256000
833,192,0,63,69.0,0,1,0.0,7,1,588,8,0,0,0,0,0,0,0,0,0,0,0,0,0,0,0,161000
224,0,0,0,69.0,185,1,161.0,5,1,709,5,0,0,0,0,0,0,0,0,0,0,0,0,0,0,0,110000
1103,0,1,150,75.0,544,0,110.0,8,2,832,8,0,0,0,0,0,0,0,0,0,0,0,0,0,0,0,263435
560,256,0,0,60.0,350,0,0.0,6,1,560,7,0,0,0,0,0,0,0,0,0,0,0,0,0,0,0,155000
0,0,0,0,60.0,553,1,0.0,5,1,864,5,0,0,0,0,0,0,0,0,0,0,0,0,0,0,0,62383
811,0,1,0,74.0,326,1,0.0,6,1,715,6,0,0,0,0,0,0,0,0,0,0,0,0,0,0,0,188700
0,0,0,0,60.0,616,0,136.0,5,2,1040,5,0,0,0,0,0,0,0,0,0,0,0,0,0,0,0,124000
0,144,0,20,69.0,0,1,18.0,6,2,1375,7,0,0,0,0,0,0,0,0,0,0,0,0,0,0,0,178740
0,0,0,0,85.0,778,1,0.0,5,1,1277,7,0,0,0,0,0,0,0,0,0,0,0,0,0,0,0,167000
756,168,1,0,79.0,386,2,224.0,7,1,728,5,0,0,0,0,0,0,0,0,0,0,0,0,0,0,0,146500
0,0,0,44,98.0,0,1,248.0,7,2,1626,8,0,0,0,0,0,0,0,0,0,0,0,0,0,0,0,250000
878,144,1,70,76.0,426,0,120.0,7,2,832,6,0,0,0,0,0,0,0,0,0,0,0,0,0,0,0,187000
0,0,1,54,69.0,368,0,0.0,4,1,1488,8,0,0,0,0,0,0,0,0,0,0,0,0,0,0,0,212000
808,0,1,0,92.0,0,1,0.0,8,2,808,7,0,0,0,0,0,0,0,0,0,0,0,0,0,0,0,190000
0,0,0,28,35.0,459,0,80.0,5,1,547,6,0,0,0,0,0,0,0,0,0,0,0,0,0,0,0,148000
0,96,0,48,41.0,1196,0,0.0,6,2,1494,8,0,0,0,0,0,0,0,0,0,0,0,0,0,0,0,251000
0,0,0,24,80.0,630,0,0.0,5,1,970,5,0,0,0,0,0,0,0,0,0,0,0,0,0,0,0,132500
0,140,0,39,75.0,994,1,215.0,7,2,1478,6,0,0,0,0,0,0,0,0,0,0,0,0,0,0,0,208900
574,414,1,84,105.0,0,1,772.0,9,2,2153,9,0,0,0,0,0,0,0,0,0,0,0,0,0,0,0,380000
0,208,0,44,79.0,1288,1,336.0,7,2,1705,8,0,0,0,0,0,0,0,0,0,0,0,0,0,0,0,297000
0,0,0,72,50.0,168,0,435.0,7,1,907,4,0,0,0,0,0,0,0,0,0,0,0,0,0,0,0,89471
0,519,0,112,98.0,1261,1,378.0,8,2,1833,9,0,0,0,0,0,0,0,0,0,0,0,0,0,0,0,326000
0,206,0,49,72.0,1567,1,562.0,6,2,1792,9,0,0,0,0,0,0,0,0,0,0,0,0,0,0,0,374000
910,0,1,0,50.0,299,1,0.0,7,1,910,7,0,0,0,0,0,0,0,0,0,0,0,0,0,0,0,155000
0,0,0,125,32.0,897,0,116.0,5,2,1216,6,0,0,0,0,0,0,0,0,0,0,0,0,0,0,0,164000
0,0,0,132,69.0,588,0,0.0,6,1,999,5,0,0,0,0,0,0,0,0,0,0,0,0,0,0,0,132500
0,0,0,80,80.0,607,1,0.0,5,1,1113,5,0,0,0,0,0,0,0,0,0,0,0,0,0,0,0,147000
0,0,1,0,79.0,836,0,168.0,6,1,1073,5,0,0,0,0,0,0,0,0,0,0,0,0,0,0,0,156000
0,224,0,0,70.0,998,1,0.0,7,2,1484,5,0,0,0,0,0,0,0,0,0,0,0,0,0,0,0,175000
648,142,0,0,60.0,664,1,0.0,10,2,954,5,0,0,0,0,0,0,0,0,0,0,0,0,0,0,0,160000
688,141,1,24,69.0,0,1,0.0,4,1,264,5,0,0,0,0,0,0,0,0,0,0,0,0,0,0,0,115000
620,0,0,0,79.0,403,2,0.0,5,1,806,6,0,0,0,0,0,0,0,0,0,0,0,0,0,0,0,133000
728,0,1,0,105.0,0,0,0.0,8,2,728,6,0,0,0,0,0,0,0,0,0,0,0,0,0,0,0,172785
0,0,1,0,70.0,374,1,0.0,6,1,1269,5,0,0,0,0,0,0,0,0,0,0,0,0,0,0,0,155000
0,144,0,20,50.0,0,0,0.0,4,1,190,5,0,0,0,0,0,0,0,0,0,0,0,0,0,0,0,91300
0,0,0,523,60.0,495,0,0.0,4,1,720,4,0,0,0,0,0,0,0,0,0,0,0,0,0,0,0,34900
0,264,0,75,69.0,1231,1,0.0,10,3,3200,8,0,0,0,0,0,0,0,0,0,0,0,0,0,0,0,430000
687,0,0,100,60.0,329,0,0.0,8,2,1026,7,0,0,0,0,0,0,0,0,0,0,0,0,0,0,0,184000
0,64,0,0,65.0,450,0,89.0,5,1,864,5,0,0,0,0,0,0,0,0,0,0,0,0,0,0,0,130000
0,12,0,285,70.0,111,0,0.0,5,1,912,5,0,0,0,0,0,0,0,0,0,0,0,0,0,0,0,120000
902,0,1,108,75.0,400,0,0.0,7,2,866,7,0,0,0,0,0,0,0,0,0,0,0,0,0,0,0,226700
0,0,0,0,70.0,698,0,0.0,6,1,1214,5,0,0,0,0,0,0,0,0,0,0,0,0,0,0,0,140000
0,0,0,54,100.0,1247,2,0.0,6,2,1501,7,0,0,0,0,0,0,0,0,0,0,0,0,0,0,0,289000
1000,0,0,0,60.0,0,0,360.0,10,2,960,5,0,0,0,0,0,0,0,0,0,0,0,0,0,0,0,124500
846,182,1,81,80.0,380,1,125.0,8,2,777,8,0,0,0,0,0,0,0,0,0,0,0,0,0,0,0,215000
0,0,0,102,75.0,27,0,0.0,4,2,1218,6,0,0,0,0,0,0,0,0,0,0,0,0,0,0,0,208300
689,0,0,0,60.0,141,1,0.0,7,2,689,7,0,0,0,0,0,0,0,0,0,0,0,0,0,0,0,161000
0,224,0,88,80.0,991,0,132.0,6,1,1041,5,0,0,0,0,0,0,0,0,0,0,0,0,0,0,0,124500
0,324,0,42,75.0,650,2,70.0,6,1,1008,5,0,0,0,0,0,0,0,0,0,0,0,0,0,0,0,164900
0,132,0,35,40.0,0,1,94.0,6,2,1368,7,0,0,0,0,0,0,0,0,0,0,0,0,0,0,0,202665
0,0,0,0,70.0,521,0,0.0,5,1,864,5,0,0,0,0,0,0,0,0,0,0,0,0,0,0,0,129900
0,120,1,0,71.0,336,0,0.0,5,1,1084,6,0,0,0,0,0,0,0,0,0,0,0,0,0,0,0,134000
0,0,0,0,55.0,0,0,0.0,5,1,768,5,0,0,0,0,0,0,0,0,0,0,0,0,0,0,0,96500
0,156,1,54,94.0,1436,1,305.0,9,2,2006,10,0,0,0,0,0,0,0,0,0,0,0,0,0,0,0,402861
741,0,1,104,69.0,0,1,333.0,7,2,689,6,0,0,0,0,0,0,0,0,0,0,0,0,0,0,0,158000
1067,220,1,0,79.0,0,1,921.0,7,2,1264,7,0,0,0,0,0,0,0,0,0,0,0,0,0,0,0,265000
914,0,1,36,69.0,706,0,0.0,7,2,794,6,0,0,0,0,0,0,0,0,0,0,0,0,0,0,0,211000
804,0,1,0,53.0,0,2,0.0,9,1,1276,7,0,0,0,0,0,0,0,0,0,0,0,0,0,0,0,234000
600,220,0,114,60.0,0,0,0.0,7,2,0,4,0,0,0,0,0,0,0,0,0,0,0,0,0,0,0,106250
0,0,1,40,90.0,777,2,0.0,6,1,1244,6,0,0,0,0,0,0,0,0,0,0,0,0,0,0,0,150000
660,0,0,24,50.0,399,2,0.0,7,2,1004,6,0,0,0,0,0,0,0,0,0,0,0,0,0,0,0,159000
1015,239,1,60,95.0,719,1,594.0,8,2,1379,7,0,0,0,0,0,0,0,0,0,0,0,0,0,0,0,315750
0,38,0,144,62.0,0,1,0.0,6,2,1257,7,0,0,0,0,0,0,0,0,0,0,0,0,0,0,0,176000
0,261,0,0,70.0,377,0,0.0,4,1,928,5,0,0,0,0,0,0,0,0,0,0,0,0,0,0,0,132000
1237,126,1,66,67.0,1330,1,268.0,11,2,1452,9,0,0,0,0,0,0,0,0,0,0,0,0,0,0,0,446261
0,0,0,0,58.0,348,0,0.0,5,1,528,4,0,0,0,0,0,0,0,0,0,0,0,0,0,0,0,86000
0,0,0,0,69.0,1219,2,0.0,9,3,2035,6,0,0,0,0,0,0,0,0,0,0,0,0,0,0,0,200624
0,224,0,0,85.0,783,1,219.0,5,2,1461,6,0,0,0,0,0,0,0,0,0,0,0,0,0,0,0,175000
611,0,0,0,60.0,0,0,0.0,6,2,611,6,0,0,0,0,0,0,0,0,0,0,0,0,0,0,0,128000
0,0,0,0,60.0,0,1,0.0,5,1,0,5,0,0,0,0,0,0,0,0,0,0,0,0,0,0,0,107500
0,0,0,0,50.0,0,0,0.0,2,1,0,1,0,0,0,0,0,0,0,0,0,0,0,0,0,0,0,39300
707,100,1,35,74.0,0,1,0.0,6,2,707,8,0,0,0,0,0,0,0,0,0,0,0,0,0,0,0,178000
527,85,0,0,70.0,969,0,0.0,5,1,1117,5,0,0,0,0,0,0,0,0,0,0,0,0,0,0,0,107500
844,120,1,155,57.0,0,0,0.0,8,2,880,7,0,0,0,0,0,0,0,0,0,0,0,0,0,0,0,188000
0,216,0,0,69.0,600,0,0.0,5,1,864,4,0,0,0,0,0,0,0,0,0,0,0,0,0,0,0,111250
0,466,1,0,69.0,673,1,188.0,7,1,1051,5,0,0,0,0,0,0,0,0,0,0,0,0,0,0,0,158000
0,180,0,0,69.0,1358,1,479.0,6,2,1581,8,0,0,0,0,0,0,0,0,0,0,0,0,0,0,0,272000
0,270,0,68,85.0,1260,1,584.0,8,2,1838,9,0,0,0,0,0,0,0,0,0,0,0,0,0,0,0,315000
1288,0,1,56,69.0,0,1,72.0,8,2,969,8,0,0,0,0,0,0,0,0,0,0,0,0,0,0,0,248000
0,78,0,73,78.0,144,1,0.0,7,2,1650,7,0,0,0,0,0,0,0,0,0,0,0,0,0,0,0,213250
0,120,0,40,34.0,584,0,182.0,4,1,723,7,0,0,0,0,0,0,0,0,0,0,0,0,0,0,0,133000
832,100,1,24,58.0,554,1,0.0,7,2,654,7,0,0,0,0,0,0,0,0,0,0,0,0,0,0,0,179665
806,0,1,0,69.0,1002,0,178.0,9,2,1204,7,0,0,0,0,0,0,0,0,0,0,0,0,0,0,0,229000
720,0,1,38,70.0,300,1,0.0,6,1,1065,6,0,0,0,0,0,0,0,0,0,0,0,0,0,0,0,210000
0,104,0,0,54.0,619,0,0.0,5,1,768,5,0,0,0,0,0,0,0,0,0,0,0,0,0,0,0,129500
0,140,0,50,49.0,180,0,0.0,4,1,825,5,0,0,0,0,0,0,0,0,0,0,0,0,0,0,0,125000
1182,182,1,182,75.0,0,1,0.0,8,2,912,7,0,0,0,0,0,0,0,0,0,0,0,0,0,0,0,263000
0,0,0,55,53.0,559,0,0.0,4,2,1069,6,0,0,0,0,0,0,0,0,0,0,0,0,0,0,0,140000
0,0,0,0,50.0,308,0,0.0,5,1,928,5,0,0,0,0,0,0,0,0,0,0,0,0,0,0,0,112500
0,169,0,39,87.0,0,1,250.0,7,2,1709,8,0,0,0,0,0,0,0,0,0,0,0,0,0,0,0,255500
0,0,0,96,67.0,0,0,0.0,5,2,0,4,0,0,0,0,0,0,0,0,0,0,0,0,0,0,0,108000
1040,320,1,62,85.0,866,1,292.0,8,2,998,7,0,0,0,0,0,0,0,0,0,0,0,0,0,0,0,284000
0,0,0,0,58.0,0,1,0.0,5,1,993,5,0,0,0,0,0,0,0,0,0,0,0,0,0,0,0,113000
0,268,0,0,69.0,895,1,0.0,6,1,1092,5,0,0,0,0,0,0,0,0,0,0,0,0,0,0,0,141000
439,0,1,47,60.0,637,0,0.0,7,1,637,4,0,0,0,0,0,0,0,0,0,0,0,0,0,0,0,108000
717,264,1,22,57.0,604,1,0.0,6,2,729,7,0,0,0,0,0,0,0,0,0,0,0,0,0,0,0,175000
0,143,0,20,69.0,0,1,18.0,7,2,1374,7,0,0,0,0,0,0,0,0,0,0,0,0,0,0,0,234000
0,0,1,0,69.0,1302,1,180.0,5,1,1392,5,0,0,0,0,0,0,0,0,0,0,0,0,0,0,0,121500
0,240,0,38,77.0,1071,1,0.0,6,1,1389,5,0,0,0,0,0,0,0,0,0,0,0,0,0,0,0,170000
0,144,0,0,63.0,290,1,0.0,6,1,996,5,0,0,0,0,0,0,0,0,0,0,0,0,0,0,0,108000
511,72,0,36,66.0,0,1,0.0,8,2,1163,6,0,0,0,0,0,0,0,0,0,0,0,0,0,0,0,185000
1129,0,1,40,69.0,728,1,0.0,9,2,1095,7,0,0,0,0,0,0,0,0,0,0,0,0,0,0,0,268000
806,0,1,66,66.0,0,0,0.0,6,1,806,6,0,0,0,0,0,0,0,0,0,0,0,0,0,0,0,128000
1370,144,1,39,77.0,0,1,245.0,11,2,1122,9,0,0,0,0,0,0,0,0,0,0,0,0,0,0,0,325000
0,0,0,0,70.0,2,0,168.0,7,2,1517,7,0,0,0,0,0,0,0,0,0,0,0,0,0,0,0,214000
636,349,1,40,79.0,1441,1,0.0,5,1,1496,8,0,0,0,0,0,0,0,0,0,0,0,0,0,0,0,316600
0,42,0,0,69.0,943,2,0.0,4,1,943,5,0,0,0,0,0,0,0,0,0,0,0,0,0,0,0,135960
0,0,0,0,74.0,231,0,108.0,10,2,1728,5,0,0,0,0,0,0,0,0,0,0,0,0,0,0,0,142600
0,168,0,0,60.0,414,0,207.0,4,1,864,6,0,0,0,0,0,0,0,0,0,0,0,0,0,0,0,120000
846,208,1,114,83.0,0,0,0.0,6,2,846,7,0,0,0,0,0,0,0,0,0,0,0,0,0,0,0,224500
656,100,1,0,76.0,0,1,0.0,8,2,384,7,0,0,0,0,0,0,0,0,0,0,0,0,0,0,0,170000
533,35,0,0,70.0,349,0,82.0,5,1,372,5,0,0,0,0,0,0,0,0,0,0,0,0,0,0,0,139000
384,158,0,0,80.0,442,0,0.0,6,1,832,5,0,0,0,0,0,0,0,0,0,0,0,0,0,0,0,118500
600,0,0,50,52.0,0,1,0.0,6,2,861,7,0,0,0,0,0,0,0,0,0,0,0,0,0,0,0,145000
0,160,0,68,96.0,328,2,97.0,6,1,1164,5,0,0,0,0,0,0,0,0,0,0,0,0,0,0,0,164500
689,0,0,102,34.0,0,0,0.0,5,2,689,7,0,0,0,0,0,0,0,0,0,0,0,0,0,0,0,146000
745,0,0,0,81.0,0,0,335.0,7,2,1050,5,0,0,0,0,0,0,0,0,0,0,0,0,0,0,0,131500
0,216,0,110,69.0,594,2,85.0,7,1,1144,6,0,0,0,0,0,0,0,0,0,0,0,0,0,0,0,181900
0,0,1,90,98.0,0,1,306.0,8,2,2042,8,0,0,0,0,0,0,0,0,0,0,0,0,0,0,0,253293
0,0,0,32,81.0,816,0,104.0,5,1,816,6,0,0,0,0,0,0,0,0,0,0,0,0,0,0,0,118500
1254,105,1,502,75.0,0,1,0.0,9,3,1237,10,0,0,0,0,0,0,0,0,0,0,0,0,0,0,0,325000
584,0,0,0,51.0,0,0,0.0,6,1,884,4,0,0,0,0,0,0,0,0,0,0,0,0,0,0,0,133000
0,326,0,66,88.0,1460,2,208.0,7,2,1868,8,0,0,0,0,0,0,0,0,0,0,0,0,0,0,0,369900
0,0,0,0,55.0,210,0,0.0,5,1,816,6,0,0,0,0,0,0,0,0,0,0,0,0,0,0,0,130000
0,0,0,0,74.0,672,0,0.0,4,1,840,5,0,0,0,0,0,0,0,0,0,0,0,0,0,0,0,137000
0,0,0,48,65.0,1324,2,0.0,5,1,1437,5,0,0,0,0,0,0,0,0,0,0,0,0,0,0,0,143000
0,0,0,0,50.0,0,0,0.0,4,1,742,5,0,0,0,0,0,0,0,0,0,0,0,0,0,0,0,79500
812,0,1,45,64.0,490,0,0.0,6,2,770,7,0,0,0,0,0,0,0,0,0,0,0,0,0,0,0,185900
568,382,1,274,97.0,1338,1,420.0,10,2,1722,10,0,0,0,0,0,0,0,0,0,0,0,0,0,0,0,451950
0,0,0,0,60.0,816,0,0.0,4,1,816,5,0,0,0,0,0,0,0,0,0,0,0,0,0,0,0,138000
0,140,0,0,69.0,685,0,170.0,4,1,848,6,0,0,0,0,0,0,0,0,0,0,0,0,0,0,0,140000
0,0,0,0,88.0,0,0,0.0,5,1,924,5,0,0,0,0,0,0,0,0,0,0,0,0,0,0,0,110000
0,180,0,75,69.0,1422,1,238.0,7,2,1814,8,0,0,0,0,0,0,0,0,0,0,0,0,0,0,0,319000
684,0,0,158,60.0,0,0,0.0,7,1,684,6,0,0,0,0,0,0,0,0,0,0,0,0,0,0,0,114504
0,120,2,16,53.0,0,1,72.0,7,0,1258,7,0,0,0,0,0,0,0,0,0,0,0,0,0,0,0,194201
0,0,0,0,80.0,1283,1,459.0,7,2,1430,5,0,0,0,0,0,0,0,0,0,0,0,0,0,0,0,217500
846,179,1,60,74.0,546,1,280.0,8,2,1058,8,0,0,0,0,0,0,0,0,0,0,0,0,0,0,0,275000
595,0,1,162,50.0,0,1,0.0,6,1,780,6,0,0,0,0,0,0,0,0,0,0,0,0,0,0,0,141000
988,120,1,150,80.0,789,1,0.0,8,2,908,8,0,0,0,0,0,0,0,0,0,0,0,0,0,0,0,220000
0,192,0,36,88.0,922,1,99.0,6,2,1494,7,0,0,0,0,0,0,0,0,0,0,0,0,0,0,0,221000
800,0,1,42,85.0,454,3,176.0,7,2,768,7,0,0,0,0,0,0,0,0,0,0,0,0,0,0,0,205000
0,168,0,0,82.0,732,0,0.0,6,1,1040,5,0,0,0,0,0,0,0,0,0,0,0,0,0,0,0,152000
896,103,0,0,78.0,603,0,0.0,8,3,896,5,0,0,0,0,0,0,0,0,0,0,0,0,0,0,0,225000
1254,0,1,0,78.0,428,2,0.0,10,2,965,8,0,0,0,0,0,0,0,0,0,0,0,0,0,0,0,359100
0,64,0,0,61.0,903,0,192.0,5,1,1029,4,0,0,0,0,0,0,0,0,0,0,0,0,0,0,0,118500
677,253,1,142,69.0,904,2,204.0,8,2,1440,9,0,0,0,0,0,0,0,0,0,0,0,0,0,0,0,313000
0,0,0,0,69.0,605,1,233.0,6,2,1032,6,0,0,0,0,0,0,0,0,0,0,0,0,0,0,0,148000
573,160,1,122,69.0,990,1,108.0,7,2,1299,8,0,0,0,0,0,0,0,0,0,0,0,0,0,0,0,261500
0,0,0,30,70.0,206,0,0.0,6,1,1120,5,0,0,0,0,0,0,0,0,0,0,0,0,0,0,0,147000
0,120,0,0,80.0,763,0,156.0,6,1,936,6,0,0,0,0,0,0,0,0,0,0,0,0,0,0,0,137500
702,100,1,75,69.0,457,1,0.0,7,2,783,6,0,0,0,0,0,0,0,0,0,0,0,0,0,0,0,183200
0,0,0,0,59.0,0,0,0.0,4,1,832,6,0,0,0,0,0,0,0,0,0,0,0,0,0,0,0,105500
0,0,0,108,90.0,48,1,452.0,9,2,1822,9,0,0,0,0,0,0,0,0,0,0,0,0,0,0,0,314813
780,168,1,0,85.0,871,2,226.0,10,2,1482,8,0,0,0,0,0,0,0,0,0,0,0,0,0,0,0,305000
0,0,0,0,45.0,41,0,0.0,5,1,864,3,0,0,0,0,0,0,0,0,0,0,0,0,0,0,0,67000
1066,38,1,243,90.0,956,1,0.0,9,2,1522,6,0,0,0,0,0,0,0,0,0,0,0,0,0,0,0,240000
0,192,0,0,71.0,560,0,153.0,6,1,980,5,0,0,0,0,0,0,0,0,0,0,0,0,0,0,0,135000
756,0,1,32,69.0,420,1,513.0,4,2,756,6,0,0,0,0,0,0,0,0,0,0,0,0,0,0,0,168500
778,148,2,0,80.0,247,1,288.0,8,1,732,6,0,0,0,0,0,0,0,0,0,0,0,0,0,0,0,165150
0,0,1,0,87.0,0,0,261.0,5,1,1116,6,0,0,0,0,0,0,0,0,0,0,0,0,0,0,0,160000
0,0,0,0,69.0,0,1,0.0,6,1,978,5,0,0,0,0,0,0,0,0,0,0,0,0,0,0,0,139900
0,0,0,0,80.0,674,2,164.0,7,1,1156,6,0,0,0,0,0,0,0,0,0,0,0,0,0,0,0,153000
1040,335,2,0,70.0,650,2,192.0,9,1,1040,5,0,0,0,0,0,0,0,0,0,0,0,0,0,0,0,135000
0,176,1,0,82.0,624,0,259.0,6,1,1248,6,0,0,0,0,0,0,0,0,0,0,0,0,0,0,0,168500
661,0,0,0,50.0,0,0,0.0,8,1,636,5,0,0,0,0,0,0,0,0,0,0,0,0,0,0,0,124000
0,156,0,73,34.0,24,1,108.0,6,2,1554,8,0,0,0,0,0,0,0,0,0,0,0,0,0,0,0,209500
0,192,0,0,85.0,822,1,209.0,6,2,1386,7,0,0,0,0,0,0,0,0,0,0,0,0,0,0,0,82500
0,390,0,0,80.0,480,0,0.0,6,1,1056,5,0,0,0,0,0,0,0,0,0,0,0,0,0,0,0,139400
0,264,0,56,64.0,1056,0,0.0,4,0,1056,6,0,0,0,0,0,0,0,0,0,0,0,0,0,0,0,144000
1440,0,0,110,60.0,256,0,0.0,14,2,1440,6,0,0,0,0,0,0,0,0,0,0,0,0,0,0,0,200000
0,0,0,0,51.0,0,1,0.0,4,1,264,2,0,0,0,0,0,0,0,0,0,0,0,0,0,0,0,60000
576,0,0,0,50.0,0,0,0.0,7,2,811,5,0,0,0,0,0,0,0,0,0,0,0,0,0,0,0,93000
0,328,0,0,67.0,0,0,0.0,4,1,796,5,0,0,0,0,0,0,0,0,0,0,0,0,0,0,0,85000
0,312,0,0,53.0,1154,1,0.0,7,2,1520,8,0,0,0,0,0,0,0,0,0,0,0,0,0,0,0,264561
0,185,1,140,62.0,1218,1,472.0,6,1,1518,8,0,0,0,0,0,0,0,0,0,0,0,0,0,0,0,274000
872,0,1,235,69.0,738,1,0.0,7,2,1057,7,0,0,0,0,0,0,0,0,0,0,0,0,0,0,0,226000
704,269,1,111,75.0,1410,3,0.0,9,2,1952,8,0,0,0,0,0,0,0,0,0,0,0,0,0,0,0,345000
840,208,1,0,80.0,493,0,263.0,7,2,780,5,0,0,0,0,0,0,0,0,0,0,0,0,0,0,0,152000
0,195,1,130,85.0,1121,1,162.0,7,2,1766,9,0,0,0,0,0,0,0,0,0,0,0,0,0,0,0,370878
0,0,1,312,69.0,282,0,0.0,5,1,981,6,0,0,0,0,0,0,0,0,0,0,0,0,0,0,0,143250
0,0,0,27,60.0,0,0,0.0,7,1,0,5,0,0,0,0,0,0,0,0,0,0,0,0,0,0,0,98300
0,0,0,0,85.0,500,2,216.0,5,1,1094,6,0,0,0,0,0,0,0,0,0,0,0,0,0,0,0,155000
788,0,1,124,70.0,0,1,351.0,7,1,756,6,0,0,0,0,0,0,0,0,0,0,0,0,0,0,0,155000
843,0,1,0,65.0,0,0,0.0,7,2,813,7,0,0,0,0,0,0,0,0,0,0,0,0,0,0,0,205950
755,120,0,0,60.0,0,1,0.0,7,1,755,4,0,0,0,0,0,0,0,0,0,0,0,0,0,0,0,108000
807,0,1,120,70.0,0,1,0.0,7,2,880,7,0,0,0,0,0,0,0,0,0,0,0,0,0,0,0,191000
713,57,0,0,60.0,0,0,0.0,7,1,756,6,0,0,0,0,0,0,0,0,0,0,0,0,0,0,0,135000
0,236,1,46,91.0,1696,1,660.0,7,2,2109,8,0,0,0,0,0,0,0,0,0,0,0,0,0,0,0,350000
0,0,1,0,72.0,806,0,54.0,5,1,1053,5,0,0,0,0,0,0,0,0,0,0,0,0,0,0,0,145500
651,0,1,0,60.0,0,1,0.0,6,1,776,7,0,0,0,0,0,0,0,0,0,0,0,0,0,0,0,149000
546,192,0,0,78.0,0,1,0.0,6,1,912,6,0,0,0,0,0,0,0,0,0,0,0,0,0,0,0,97500
0,0,0,0,75.0,637,0,0.0,7,1,1486,5,0,0,0,0,0,0,0,0,0,0,0,0,0,0,0,167000
793,0,1,113,69.0,0,1,233.0,7,2,793,7,0,0,0,0,0,0,0,0,0,0,0,0,0,0,0,197900
762,517,1,76,52.0,1361,1,528.0,8,2,1629,8,0,0,0,0,0,0,0,0,0,0,0,0,0,0,0,402000
0,0,0,0,90.0,920,0,0.0,6,2,1138,4,0,0,0,0,0,0,0,0,0,0,0,0,0,0,0,137500
0,192,1,267,49.0,1721,1,0.0,8,1,2077,8,0,0,0,0,0,0,0,0,0,0,0,0,0,0,0,423000
482,188,1,124,106.0,0,1,40.0,7,2,1406,8,0,0,0,0,0,0,0,0,0,0,0,0,0,0,0,230500
915,0,1,265,69.0,187,1,113.0,7,2,1021,6,0,0,0,0,0,0,0,0,0,0,0,0,0,0,0,129000
0,224,0,42,65.0,1138,1,258.0,7,2,1408,6,0,0,0,0,0,0,0,0,0,0,0,0,0,0,0,193500
0,304,1,0,69.0,988,1,0.0,6,1,1188,5,0,0,0,0,0,0,0,0,0,0,0,0,0,0,0,168000
0,0,0,0,80.0,0,1,0.0,5,1,700,4,0,0,0,0,0,0,0,0,0,0,0,0,0,0,0,137500
738,100,1,35,64.0,193,0,0.0,7,2,738,6,0,0,0,0,0,0,0,0,0,0,0,0,0,0,0,173500
672,147,0,0,54.0,551,0,0.0,6,2,672,6,0,0,0,0,0,0,0,0,0,0,0,0,0,0,0,103600
0,198,1,42,69.0,767,1,0.0,6,1,1208,6,0,0,0,0,0,0,0,0,0,0,0,0,0,0,0,165000
0,426,0,0,80.0,892,1,0.0,5,1,1136,6,0,0,0,0,0,0,0,0,0,0,0,0,0,0,0,140000
679,0,0,0,60.0,0,0,0.0,8,2,1095,4,0,0,0,0,0,0,0,0,0,0,0,0,0,0,0,87000
0,316,0,0,52.0,0,0,0.0,5,1,768,5,0,0,0,0,0,0,0,0,0,0,0,0,0,0,0,109500
0,322,1,82,80.0,0,1,464.0,7,2,2046,8,0,0,0,0,0,0,0,0,0,0,0,0,0,0,0,372500
0,0,0,0,69.0,827,0,57.0,5,1,988,5,0,0,0,0,0,0,0,0,0,0,0,0,0,0,0,128500
0,80,0,0,50.0,543,1,0.0,5,2,923,6,0,0,0,0,0,0,0,0,0,0,0,0,0,0,0,143000
672,0,0,0,55.0,182,0,0.0,6,1,793,5,0,0,0,0,0,0,0,0,0,0,0,0,0,0,0,159434
0,307,0,0,69.0,1003,1,0.0,6,1,1291,6,0,0,0,0,0,0,0,0,0,0,0,0,0,0,0,173000
0,257,0,45,90.0,1059,1,215.0,7,2,1626,9,0,0,0,0,0,0,0,0,0,0,0,0,0,0,0,285000
644,0,1,81,58.0,0,0,30.0,7,2,1195,7,0,0,0,0,0,0,0,0,0,0,0,0,0,0,0,221000
900,219,0,0,69.0,828,1,0.0,6,2,1190,7,0,0,0,0,0,0,0,0,0,0,0,0,0,0,0,207500
887,144,0,105,84.0,0,0,0.0,7,3,874,7,0,0,0,0,0,0,0,0,0,0,0,0,0,0,0,227875
551,0,1,60,69.0,239,0,0.0,4,2,551,7,0,0,0,0,0,0,0,0,0,0,0,0,0,0,0,148800
0,140,0,0,60.0,945,1,0.0,7,2,1419,8,0,0,0,0,0,0,0,0,0,0,0,0,0,0,0,392000
0,192,0,28,61.0,20,1,256.0,6,2,1362,6,0,0,0,0,0,0,0,0,0,0,0,0,0,0,0,194700
0,149,0,0,69.0,697,1,147.0,3,1,848,6,0,0,0,0,0,0,0,0,0,0,0,0,0,0,0,141000
1872,382,1,50,104.0,1455,2,1170.0,10,3,2444,10,0,0,0,0,0,0,0,0,0,0,0,0,0,0,0,755000
1281,320,1,27,42.0,965,2,293.0,9,2,1210,7,0,0,0,0,0,0,0,0,0,0,0,0,0,0,0,335000
0,0,0,0,60.0,0,0,0.0,4,1,1073,5,0,0,0,0,0,0,0,0,0,0,0,0,0,0,0,108480
472,112,1,0,51.0,0,0,0.0,5,1,927,5,0,0,0,0,0,0,0,0,0,0,0,0,0,0,0,141500
0,125,0,0,54.0,980,1,72.0,5,2,1112,6,0,0,0,0,0,0,0,0,0,0,0,0,0,0,0,176000
0,0,0,0,50.0,616,0,0.0,4,1,616,5,0,0,0,0,0,0,0,0,0,0,0,0,0,0,0,89000
0,0,0,0,57.0,210,0,0.0,6,1,980,5,0,0,0,0,0,0,0,0,0,0,0,0,0,0,0,123500
0,416,0,144,65.0,553,1,0.0,5,1,894,5,0,0,0,0,0,0,0,0,0,0,0,0,0,0,0,138500
0,156,0,158,59.0,16,0,0.0,5,2,1391,7,0,0,0,0,0,0,0,0,0,0,0,0,0,0,0,196000
0,270,0,78,85.0,1274,1,630.0,7,2,1800,8,0,0,0,0,0,0,0,0,0,0,0,0,0,0,0,312500
0,0,1,0,80.0,0,0,168.0,6,1,1164,7,0,0,0,0,0,0,0,0,0,0,0,0,0,0,0,140000
1312,324,1,100,82.0,0,1,466.0,10,2,1234,8,0,0,0,0,0,0,0,0,0,0,0,0,0,0,0,361919
780,344,0,0,76.0,0,1,0.0,8,2,360,5,0,0,0,0,0,0,0,0,0,0,0,0,0,0,0,140000
0,0,0,35,70.0,712,0,109.0,7,2,1473,7,0,0,0,0,0,0,0,0,0,0,0,0,0,0,0,213000
720,0,0,0,70.0,0,0,0.0,7,2,0,4,0,0,0,0,0,0,0,0,0,0,0,0,0,0,0,55000
0,380,0,48,69.0,1219,2,351.0,5,2,1643,7,0,0,0,0,0,0,0,0,0,0,0,0,0,0,0,302000
0,192,0,38,48.0,863,1,176.0,6,2,1324,8,0,0,0,0,0,0,0,0,0,0,0,0,0,0,0,254000
728,100,1,24,65.0,0,1,0.0,8,2,728,7,0,0,0,0,0,0,0,0,0,0,0,0,0,0,0,179540
0,0,0,0,69.0,0,0,41.0,6,1,876,5,0,0,0,0,0,0,0,0,0,0,0,0,0,0,0,109900
0,0,0,0,56.0,0,0,0.0,5,1,270,3,0,0,0,0,0,0,0,0,0,0,0,0,0,0,0,52000
319,68,0,0,66.0,0,0,0.0,7,1,859,4,0,0,0,0,0,0,0,0,0,0,0,0,0,0,0,102776
0,168,0,120,40.0,767,1,0.0,5,2,1228,8,0,0,0,0,0,0,0,0,0,0,0,0,0,0,0,189000
0,0,0,288,60.0,789,0,160.0,6,1,960,4,0,0,0,0,0,0,0,0,0,0,0,0,0,0,0,129000
754,0,1,44,69.0,533,0,289.0,6,2,725,6,0,0,0,0,0,0,0,0,0,0,0,0,0,0,0,130500
0,0,0,0,78.0,0,1,174.0,7,2,1064,6,0,0,0,0,0,0,0,0,0,0,0,0,0,0,0,165000
978,0,1,48,60.0,0,0,0.0,8,1,718,7,0,0,0,0,0,0,0,0,0,0,0,0,0,0,0,159500
0,224,1,0,80.0,1084,1,0.0,5,1,1176,5,0,0,0,0,0,0,0,0,0,0,0,0,0,0,0,157000
1093,250,1,154,96.0,1173,1,651.0,9,2,1311,7,0,0,0,0,0,0,0,0,0,0,0,0,0,0,0,341000
0,0,1,0,69.0,523,1,0.0,5,1,971,5,0,0,0,0,0,0,0,0,0,0,0,0,0,0,0,128500
0,114,0,28,69.0,1148,1,0.0,5,2,1742,8,0,0,0,0,0,0,0,0,0,0,0,0,0,0,0,275000
0,160,0,0,69.0,662,0,169.0,3,1,848,6,0,0,0,0,0,0,0,0,0,0,0,0,0,0,0,143000
0,0,0,0,70.0,191,0,0.0,5,1,864,4,0,0,0,0,0,0,0,0,0,0,0,0,0,0,0,124500
473,0,0,0,60.0,0,0,0.0,7,2,941,4,0,0,0,0,0,0,0,0,0,0,0,0,0,0,0,135000
0,327,0,64,86.0,1234,1,340.0,8,2,1698,9,0,0,0,0,0,0,0,0,0,0,0,0,0,0,0,320000
0,96,0,0,60.0,375,0,0.0,5,1,864,4,0,0,0,0,0,0,0,0,0,0,0,0,0,0,0,120500
0,292,0,44,69.0,808,1,260.0,5,2,880,6,0,0,0,0,0,0,0,0,0,0,0,0,0,0,0,222000
0,132,0,0,64.0,724,0,82.0,6,2,1232,7,0,0,0,0,0,0,0,0,0,0,0,0,0,0,0,194500
0,0,0,25,85.0,0,0,95.0,9,2,1584,5,0,0,0,0,0,0,0,0,0,0,0,0,0,0,0,110000
0,0,0,23,52.0,152,0,0.0,5,1,780,4,0,0,0,0,0,0,0,0,0,0,0,0,0,0,0,103000
0,237,0,152,39.0,1180,1,0.0,5,2,1595,8,0,0,0,0,0,0,0,0,0,0,0,0,0,0,0,236500
0,160,0,22,73.0,786,1,442.0,6,2,868,7,0,0,0,0,0,0,0,0,0,0,0,0,0,0,0,187500
878,192,1,84,75.0,252,1,202.0,8,2,1153,7,0,0,0,0,0,0,0,0,0,0,0,0,0,0,0,222500
0,165,0,0,80.0,594,1,0.0,6,1,864,5,0,0,0,0,0,0,0,0,0,0,0,0,0,0,0,131400
0,147,0,0,69.0,0,0,0.0,6,1,948,5,0,0,0,0,0,0,0,0,0,0,0,0,0,0,0,108000
888,0,1,341,60.0,390,2,0.0,6,1,880,7,0,0,0,0,0,0,0,0,0,0,0,0,0,0,0,163000
0,0,0,0,60.0,0,0,0.0,6,2,0,3,0,0,0,0,0,0,0,0,0,0,0,0,0,0,0,93500
900,0,1,116,72.0,0,1,0.0,8,2,893,8,0,0,0,0,0,0,0,0,0,0,0,0,0,0,0,239900
0,120,0,0,60.0,1200,0,0.0,5,3,1200,5,0,0,0,0,0,0,0,0,0,0,0,0,0,0,0,179000
864,187,1,56,65.0,0,0,0.0,7,2,864,7,0,0,0,0,0,0,0,0,0,0,0,0,0,0,0,190000
664,270,0,0,60.0,0,0,0.0,7,2,264,5,0,0,0,0,0,0,0,0,0,0,0,0,0,0,0,132000
0,168,0,0,65.0,832,0,0.0,5,1,912,6,0,0,0,0,0,0,0,0,0,0,0,0,0,0,0,142000
0,120,0,55,65.0,0,0,108.0,6,2,1349,7,0,0,0,0,0,0,0,0,0,0,0,0,0,0,0,179000
0,302,0,0,70.0,444,1,0.0,6,2,520,5,0,0,0,0,0,0,0,0,0,0,0,0,0,0,0,175000
0,96,0,0,41.0,733,1,0.0,5,2,1337,8,0,0,0,0,0,0,0,0,0,0,0,0,0,0,0,180000
1540,0,1,204,69.0,575,2,289.0,11,3,1142,8,0,0,0,0,0,0,0,0,0,0,0,0,0,0,0,299800
1276,224,1,54,69.0,300,1,0.0,8,2,952,7,0,0,0,0,0,0,0,0,0,0,0,0,0,0,0,236000
1320,181,1,0,65.0,0,1,0.0,8,1,1240,7,0,0,0,0,0,0,0,0,0,0,0,0,0,0,0,265979
0,240,0,56,59.0,919,1,338.0,7,2,1720,7,0,0,0,0,0,0,0,0,0,0,0,0,0,0,0,260400
441,92,0,0,50.0,0,0,0.0,9,2,0,4,0,0,0,0,0,0,0,0,0,0,0,0,0,0,0,98000
348,0,0,160,55.0,0,0,0.0,7,1,576,4,0,0,0,0,0,0,0,0,0,0,0,0,0,0,0,96500
660,0,1,48,69.0,0,0,0.0,6,2,660,7,0,0,0,0,0,0,0,0,0,0,0,0,0,0,0,162000
0,168,0,27,79.0,1200,0,0.0,6,2,1479,6,0,0,0,0,0,0,0,0,0,0,0,0,0,0,0,217000
1060,192,1,52,80.0,0,1,178.0,8,2,1030,8,0,0,0,0,0,0,0,0,0,0,0,0,0,0,0,275500
0,171,0,48,61.0,439,0,0.0,5,1,1026,6,0,0,0,0,0,0,0,0,0,0,0,0,0,0,0,156000
729,0,1,24,34.0,381,0,894.0,6,2,729,6,0,0,0,0,0,0,0,0,0,0,0,0,0,0,0,172500
902,144,1,105,68.0,20,0,0.0,7,2,866,8,0,0,0,0,0,0,0,0,0,0,0,0,0,0,0,212000
714,335,1,0,69.0,438,1,328.0,6,2,672,6,0,0,0,0,0,0,0,0,0,0,0,0,0,0,0,158900
1203,222,1,98,65.0,56,1,513.0,9,2,1318,8,0,0,0,0,0,0,0,0,0,0,0,0,0,0,0,290000
0,0,0,0,70.0,612,0,0.0,5,1,864,6,0,0,0,0,0,0,0,0,0,0,0,0,0,0,0,127500
0,0,0,0,60.0,405,0,0.0,5,1,1145,5,0,0,0,0,0,0,0,0,0,0,0,0,0,0,0,100000
783,169,1,45,72.0,24,0,0.0,7,2,756,7,0,0,0,0,0,0,0,0,0,0,0,0,0,0,0,215200
1097,0,1,128,82.0,1163,1,673.0,8,2,1252,8,0,0,0,0,0,0,0,0,0,0,0,0,0,0,0,337000
0,0,0,174,75.0,0,1,284.0,6,2,1498,9,0,0,0,0,0,0,0,0,0,0,0,0,0,0,0,264132
734,228,1,66,80.0,394,1,42.0,7,2,980,7,0,0,0,0,0,0,0,0,0,0,0,0,0,0,0,196500
767,245,0,0,75.0,660,0,0.0,7,2,983,6,0,0,0,0,0,0,0,0,0,0,0,0,0,0,0,160000
0,120,0,33,70.0,24,1,0.0,8,2,1860,7,0,0,0,0,0,0,0,0,0,0,0,0,0,0,0,216837
1589,503,1,36,47.0,1416,1,603.0,12,3,1650,8,0,0,0,0,0,0,0,0,0,0,0,0,0,0,0,538000
0,120,0,0,69.0,685,0,0.0,5,1,858,5,0,0,0,0,0,0,0,0,0,0,0,0,0,0,0,134900
0,0,0,0,67.0,836,0,0.0,6,1,836,4,0,0,0,0,0,0,0,0,0,0,0,0,0,0,0,102000
0,144,0,0,94.0,422,1,0.0,6,1,1029,6,0,0,0,0,0,0,0,0,0,0,0,0,0,0,0,107000
0,0,0,0,70.0,456,0,1.0,5,1,912,5,0,0,0,0,0,0,0,0,0,0,0,0,0,0,0,114500
0,0,0,247,32.0,866,0,320.0,5,2,1204,6,0,0,0,0,0,0,0,0,0,0,0,0,0,0,0,162000
0,144,0,59,86.0,20,0,240.0,7,2,1614,7,0,0,0,0,0,0,0,0,0,0,0,0,0,0,0,221500
0,241,0,0,100.0,762,1,0.0,5,1,864,5,0,0,0,0,0,0,0,0,0,0,0,0,0,0,0,142500
0,0,0,0,60.0,0,2,320.0,10,2,0,5,0,0,0,0,0,0,0,0,0,0,0,0,0,0,0,144000
0,0,0,0,78.0,975,0,90.0,4,1,975,6,0,0,0,0,0,0,0,0,0,0,0,0,0,0,0,135000
0,220,0,21,63.0,0,1,38.0,6,2,1237,7,0,0,0,0,0,0,0,0,0,0,0,0,0,0,0,176000
793,0,1,124,65.0,387,0,0.0,7,2,761,6,0,0,0,0,0,0,0,0,0,0,0,0,0,0,0,175900
0,0,0,33,67.0,0,0,0.0,6,2,1413,7,0,0,0,0,0,0,0,0,0,0,0,0,0,0,0,187100
0,303,0,30,69.0,1097,1,104.0,4,1,1097,5,0,0,0,0,0,0,0,0,0,0,0,0,0,0,0,165500
742,0,0,291,35.0,0,1,0.0,9,2,742,6,0,0,0,0,0,0,0,0,0,0,0,0,0,0,0,128000
0,0,0,0,69.0,251,1,0.0,7,2,1372,6,0,0,0,0,0,0,0,0,0,0,0,0,0,0,0,161500
686,0,0,0,60.0,686,0,0.0,7,2,686,5,0,0,0,0,0,0,0,0,0,0,0,0,0,0,0,139000
1128,0,1,45,76.0,656,0,0.0,8,2,956,7,0,0,0,0,0,0,0,0,0,0,0,0,0,0,0,233000
0,0,0,0,50.0,0,0,0.0,4,1,901,4,0,0,0,0,0,0,0,0,0,0,0,0,0,0,0,107900
1111,133,1,168,69.0,568,0,157.0,9,2,832,6,0,0,0,0,0,0,0,0,0,0,0,0,0,0,0,187500
0,100,0,16,43.0,16,1,11.0,5,2,1145,7,0,0,0,0,0,0,0,0,0,0,0,0,0,0,0,160200
0,120,0,0,69.0,539,2,0.0,5,1,1029,6,0,0,0,0,0,0,0,0,0,0,0,0,0,0,0,146800
886,180,1,130,92.0,862,1,0.0,8,2,1117,7,0,0,0,0,0,0,0,0,0,0,0,0,0,0,0,269790
0,168,0,130,76.0,0,0,140.0,7,2,1496,8,0,0,0,0,0,0,0,0,0,0,0,0,0,0,0,225000
809,143,1,46,69.0,0,1,0.0,7,2,712,7,0,0,0,0,0,0,0,0,0,0,0,0,0,0,0,194500
676,0,1,50,70.0,0,1,130.0,7,2,650,6,0,0,0,0,0,0,0,0,0,0,0,0,0,0,0,171000
0,138,1,0,71.0,0,1,148.0,7,1,660,6,0,0,0,0,0,0,0,0,0,0,0,0,0,0,0,143500
0,0,0,0,57.0,570,0,0.0,4,1,773,5,0,0,0,0,0,0,0,0,0,0,0,0,0,0,0,110000
1174,144,1,78,104.0,0,2,860.0,11,3,1926,9,0,0,0,0,0,0,0,0,0,0,0,0,0,0,0,485000
787,0,1,0,60.0,569,2,252.0,7,1,731,5,0,0,0,0,0,0,0,0,0,0,0,0,0,0,0,175000
1072,403,1,114,79.0,462,0,0.0,8,2,616,6,0,0,0,0,0,0,0,0,0,0,0,0,0,0,0,200000
0,0,0,0,40.0,197,0,0.0,5,1,1196,4,0,0,0,0,0,0,0,0,0,0,0,0,0,0,0,109900
728,36,1,18,63.0,648,1,0.0,7,2,728,7,0,0,0,0,0,0,0,0,0,0,0,0,0,0,0,189000
1088,52,1,170,107.0,0,1,424.0,12,3,1734,9,0,0,0,0,0,0,0,0,0,0,0,0,0,0,0,582933
0,0,0,0,75.0,812,0,0.0,5,1,936,5,0,0,0,0,0,0,0,0,0,0,0,0,0,0,0,118000
0,0,0,60,91.0,0,0,256.0,6,2,1417,7,0,0,0,0,0,0,0,0,0,0,0,0,0,0,0,227680
0,68,0,0,75.0,400,0,0.0,6,2,980,5,0,0,0,0,0,0,0,0,0,0,0,0,0,0,0,135500
0,0,0,0,85.0,516,1,1047.0,6,1,1024,5,0,0,0,0,0,0,0,0,0,0,0,0,0,0,0,159950
1063,40,0,156,90.0,0,0,0.0,11,2,849,5,0,0,0,0,0,0,0,0,0,0,0,0,0,0,0,106000
0,265,1,0,78.0,663,1,99.0,5,1,1040,6,0,0,0,0,0,0,0,0,0,0,0,0,0,0,0,181000
0,140,0,0,69.0,662,1,169.0,4,1,848,6,0,0,0,0,0,0,0,0,0,0,0,0,0,0,0,144500
0,0,0,0,66.0,0,0,0.0,4,1,540,5,0,0,0,0,0,0,0,0,0,0,0,0,0,0,0,55993
0,0,1,0,75.0,608,0,243.0,7,1,1442,6,0,0,0,0,0,0,0,0,0,0,0,0,0,0,0,157900
564,207,1,0,45.0,0,0,0.0,7,1,686,5,0,0,0,0,0,0,0,0,0,0,0,0,0,0,0,116000
0,0,0,34,48.0,0,0,442.0,6,2,1649,7,0,0,0,0,0,0,0,0,0,0,0,0,0,0,0,224900
0,0,0,0,69.0,486,1,0.0,4,1,1008,5,0,0,0,0,0,0,0,0,0,0,0,0,0,0,0,137000
0,150,0,59,69.0,1218,2,148.0,7,2,1568,8,0,0,0,0,0,0,0,0,0,0,0,0,0,0,0,271000
0,0,0,0,80.0,504,0,80.0,6,1,1010,6,0,0,0,0,0,0,0,0,0,0,0,0,0,0,0,155000
0,192,0,35,44.0,733,1,128.0,6,2,1358,7,0,0,0,0,0,0,0,0,0,0,0,0,0,0,0,224000
842,0,1,45,72.0,0,0,0.0,6,2,798,7,0,0,0,0,0,0,0,0,0,0,0,0,0,0,0,183000
0,0,0,32,60.0,0,0,0.0,4,1,936,4,0,0,0,0,0,0,0,0,0,0,0,0,0,0,0,93000
886,100,1,48,69.0,0,1,0.0,7,2,847,7,0,0,0,0,0,0,0,0,0,0,0,0,0,0,0,225000
545,335,0,0,60.0,0,1,0.0,7,2,778,6,0,0,0,0,0,0,0,0,0,0,0,0,0,0,0,139500
0,0,0,140,81.0,0,1,0.0,7,2,1489,8,0,0,0,0,0,0,0,0,0,0,0,0,0,0,0,232600
0,0,0,0,50.0,784,0,0.0,5,1,784,5,0,0,0,0,0,0,0,0,0,0,0,0,0,0,0,109500
0,290,0,39,65.0,20,1,0.0,6,2,1454,7,0,0,0,0,0,0,0,0,0,0,0,0,0,0,0,189000
966,486,1,0,69.0,249,0,0.0,7,2,1013,5,0,0,0,0,0,0,0,0,0,0,0,0,0,0,0,185000
0,0,1,0,80.0,1040,2,387.0,6,1,1392,6,0,0,0,0,0,0,0,0,0,0,0,0,0,0,0,166000
888,192,1,39,44.0,483,1,223.0,7,2,941,7,0,0,0,0,0,0,0,0,0,0,0,0,0,0,0,237000
0,0,1,0,100.0,196,0,180.0,6,1,1516,6,0,0,0,0,0,0,0,0,0,0,0,0,0,0,0,167000
0,0,0,0,75.0,572,0,136.0,6,1,1144,5,0,0,0,0,0,0,0,0,0,0,0,0,0,0,0,139950
0,290,0,0,60.0,442,0,0.0,4,2,1067,4,0,0,0,0,0,0,0,0,0,0,0,0,0,0,0,128000
0,0,0,116,90.0,338,0,0.0,5,1,1559,5,0,0,0,0,0,0,0,0,0,0,0,0,0,0,0,153500
0,278,1,0,75.0,0,0,0.0,6,1,1099,5,0,0,0,0,0,0,0,0,0,0,0,0,0,0,0,144000
432,0,0,0,70.0,352,0,0.0,6,1,768,5,0,0,0,0,0,0,0,0,0,0,0,0,0,0,0,130500
672,0,0,0,69.0,156,0,0.0,7,2,672,6,0,0,0,0,0,0,0,0,0,0,0,0,0,0,0,140000
581,70,0,78,60.0,0,1,0.0,8,2,650,5,0,0,0,0,0,0,0,0,0,0,0,0,0,0,0,157500
0,0,1,129,82.0,312,0,183.0,6,1,1127,6,0,0,0,0,0,0,0,0,0,0,0,0,0,0,0,174900
0,0,0,0,80.0,0,0,0.0,10,2,1800,5,0,0,0,0,0,0,0,0,0,0,0,0,0,0,0,141000
540,418,1,0,100.0,0,1,0.0,7,1,876,5,0,0,0,0,0,0,0,0,0,0,0,0,0,0,0,153900
0,0,0,0,69.0,1390,2,0.0,6,2,1390,5,0,0,0,0,0,0,0,0,0,0,0,0,0,0,0,171000
769,234,1,72,75.0,513,1,137.0,7,2,740,7,0,0,0,0,0,0,0,0,0,0,0,0,0,0,0,213000
0,0,0,0,36.0,460,1,0.0,5,1,864,5,0,0,0,0,0,0,0,0,0,0,0,0,0,0,0,133500
1051,486,0,40,75.0,0,1,0.0,10,3,907,6,0,0,0,0,0,0,0,0,0,0,0,0,0,0,0,240000
761,113,1,100,80.0,0,1,360.0,7,2,528,6,0,0,0,0,0,0,0,0,0,0,0,0,0,0,0,187000
0,140,0,0,36.0,659,0,170.0,3,1,848,6,0,0,0,0,0,0,0,0,0,0,0,0,0,0,0,131500
0,143,0,20,69.0,0,1,40.0,7,2,1273,8,0,0,0,0,0,0,0,0,0,0,0,0,0,0,0,215000
728,0,0,0,53.0,364,2,0.0,7,2,918,7,0,0,0,0,0,0,0,0,0,0,0,0,0,0,0,164000
0,180,1,0,69.0,564,1,115.0,7,1,1127,6,0,0,0,0,0,0,0,0,0,0,0,0,0,0,0,158000
0,0,1,418,102.0,306,1,0.0,6,1,1763,5,0,0,0,0,0,0,0,0,0,0,0,0,0,0,0,170000
0,0,1,104,69.0,659,0,0.0,6,1,1040,5,0,0,0,0,0,0,0,0,0,0,0,0,0,0,0,127000
0,0,0,0,69.0,505,0,0.0,5,1,940,6,0,0,0,0,0,0,0,0,0,0,0,0,0,0,0,147000
779,0,1,36,65.0,0,1,0.0,6,2,702,6,0,0,0,0,0,0,0,0,0,0,0,0,0,0,0,174000
0,0,0,0,80.0,0,1,189.0,6,2,1090,7,0,0,0,0,0,0,0,0,0,0,0,0,0,0,0,152000
1142,0,1,65,69.0,619,1,220.0,9,2,1054,6,0,0,0,0,0,0,0,0,0,0,0,0,0,0,0,250000
514,0,1,240,55.0,0,1,0.0,7,1,912,7,0,0,0,0,0,0,0,0,0,0,0,0,0,0,0,189950
0,0,1,0,75.0,841,0,0.0,6,1,1039,5,0,0,0,0,0,0,0,0,0,0,0,0,0,0,0,131500
0,0,0,0,81.0,338,0,0.0,6,2,1040,6,0,0,0,0,0,0,0,0,0,0,0,0,0,0,0,152000
0,0,0,0,70.0,1148,0,0.0,6,1,1148,5,0,0,0,0,0,0,0,0,0,0,0,0,0,0,0,132500
0,0,0,140,72.0,0,0,0.0,6,2,1372,7,0,0,0,0,0,0,0,0,0,0,0,0,0,0,0,250580
0,0,0,0,69.0,828,0,76.0,5,1,1002,5,0,0,0,0,0,0,0,0,0,0,0,0,0,0,0,148500
0,192,0,80,67.0,0,1,274.0,6,2,1638,8,0,0,0,0,0,0,0,0,0,0,0,0,0,0,0,248900
0,168,1,0,85.0,932,0,0.0,5,1,1040,4,0,0,0,0,0,0,0,0,0,0,0,0,0,0,0,129000
720,120,0,144,69.0,0,1,0.0,7,2,0,5,0,0,0,0,0,0,0,0,0,0,0,0,0,0,0,169000
887,156,1,90,80.0,750,1,246.0,8,2,1050,7,0,0,0,0,0,0,0,0,0,0,0,0,0,0,0,236000
0,0,0,0,60.0,0,0,0.0,5,1,894,5,0,0,0,0,0,0,0,0,0,0,0,0,0,0,0,109500
878,0,1,77,70.0,505,0,116.0,7,2,804,6,0,0,0,0,0,0,0,0,0,0,0,0,0,0,0,200500
0,196,0,0,74.0,0,0,0.0,5,1,105,5,0,0,0,0,0,0,0,0,0,0,0,0,0,0,0,116000
0,0,0,28,60.0,375,1,0.0,6,1,832,5,0,0,0,0,0,0,0,0,0,0,0,0,0,0,0,133000
455,26,1,0,52.0,0,0,0.0,5,1,676,5,0,0,0,0,0,0,0,0,0,0,0,0,0,0,0,66500
1426,208,1,364,75.0,64,1,0.0,11,2,1184,8,0,0,0,0,0,0,0,0,0,0,0,0,0,0,0,303477
0,0,0,0,94.0,633,0,0.0,5,1,1064,4,0,0,0,0,0,0,0,0,0,0,0,0,0,0,0,132250
762,184,1,0,74.0,1170,1,216.0,10,2,1462,9,0,0,0,0,0,0,0,0,0,0,0,0,0,0,0,350000
0,192,0,0,88.0,899,0,0.0,6,1,1109,5,0,0,0,0,0,0,0,0,0,0,0,0,0,0,0,148000
0,0,0,0,69.0,646,0,90.0,6,1,864,5,0,0,0,0,0,0,0,0,0,0,0,0,0,0,0,136500
0,0,1,49,60.0,980,0,0.0,5,1,1090,5,0,0,0,0,0,0,0,0,0,0,0,0,0,0,0,157000
530,168,1,36,44.0,902,1,117.0,7,2,1156,7,0,0,0,0,0,0,0,0,0,0,0,0,0,0,0,187500
785,342,1,40,69.0,0,1,0.0,7,2,808,6,0,0,0,0,0,0,0,0,0,0,0,0,0,0,0,178000
795,0,0,188,60.0,0,0,0.0,10,1,795,4,0,0,0,0,0,0,0,0,0,0,0,0,0,0,0,118500
0,0,0,0,65.0,432,0,60.0,5,1,892,5,0,0,0,0,0,0,0,0,0,0,0,0,0,0,0,100000
0,97,0,65,50.0,1238,1,60.0,5,2,1698,9,0,0,0,0,0,0,0,0,0,0,0,0,0,0,0,328900
0,272,0,54,70.0,528,0,122.0,8,2,1626,5,0,0,0,0,0,0,0,0,0,0,0,0,0,0,0,145000
521,121,1,0,59.0,0,0,0.0,8,1,816,5,0,0,0,0,0,0,0,0,0,0,0,0,0,0,0,135500
0,81,0,207,95.0,351,1,0.0,8,2,2217,8,0,0,0,0,0,0,0,0,0,0,0,0,0,0,0,268000
252,0,0,0,60.0,0,1,0.0,6,1,672,5,0,0,0,0,0,0,0,0,0,0,0,0,0,0,0,122900
765,243,1,0,70.0,226,1,92.0,7,2,918,6,0,0,0,0,0,0,0,0,0,0,0,0,0,0,0,172500
0,192,0,0,70.0,663,0,0.0,6,1,1059,6,0,0,0,0,0,0,0,0,0,0,0,0,0,0,0,154500
0,511,0,116,69.0,1064,1,0.0,6,1,1383,5,0,0,0,0,0,0,0,0,0,0,0,0,0,0,0,165000
0,0,0,0,64.0,0,0,0.0,8,2,0,5,0,0,0,0,0,0,0,0,0,0,0,0,0,0,0,118858
813,0,1,50,71.0,400,1,415.0,8,1,780,6,0,0,0,0,0,0,0,0,0,0,0,0,0,0,0,140000
0,0,0,28,50.0,285,0,0.0,6,1,951,4,0,0,0,0,0,0,0,0,0,0,0,0,0,0,0,106500
1120,154,0,0,64.0,0,0,0.0,12,2,0,5,0,0,0,0,0,0,0,0,0,0,0,0,0,0,0,142953
0,0,1,67,100.0,2188,2,760.0,11,2,2330,9,0,0,0,0,0,0,0,0,0,0,0,0,0,0,0,611657
0,0,0,0,65.0,465,1,0.0,6,1,912,5,0,0,0,0,0,0,0,0,0,0,0,0,0,0,0,135000
0,0,0,0,69.0,322,0,0.0,4,1,858,4,0,0,0,0,0,0,0,0,0,0,0,0,0,0,0,110000
0,0,0,0,64.0,860,0,0.0,5,1,992,5,0,0,0,0,0,0,0,0,0,0,0,0,0,0,0,153000
702,0,1,75,63.0,0,1,0.0,8,2,783,7,0,0,0,0,0,0,0,0,0,0,0,0,0,0,0,180000
0,144,0,60,50.0,0,1,27.0,7,2,1670,7,0,0,0,0,0,0,0,0,0,0,0,0,0,0,0,240000
0,0,0,0,69.0,599,0,75.0,6,1,876,5,0,0,0,0,0,0,0,0,0,0,0,0,0,0,0,125500
0,0,0,0,80.0,354,0,110.0,6,1,1056,5,0,0,0,0,0,0,0,0,0,0,0,0,0,0,0,128000
1037,0,1,0,86.0,223,1,0.0,6,1,1017,7,0,0,0,0,0,0,0,0,0,0,0,0,0,0,0,250000
0,164,0,0,69.0,301,0,0.0,5,1,864,5,0,0,0,0,0,0,0,0,0,0,0,0,0,0,0,131000
1169,0,0,0,80.0,443,0,361.0,12,2,1105,5,0,0,0,0,0,0,0,0,0,0,0,0,0,0,0,154300
0,173,1,0,69.0,196,0,0.0,5,1,1268,5,0,0,0,0,0,0,0,0,0,0,0,0,0,0,0,143500
0,0,0,0,51.0,489,0,0.0,6,1,768,5,0,0,0,0,0,0,0,0,0,0,0,0,0,0,0,88000
1001,0,0,0,82.0,284,0,0.0,8,2,1001,5,0,0,0,0,0,0,0,0,0,0,0,0,0,0,0,145000
0,0,0,0,50.0,50,0,0.0,4,0,480,2,0,0,0,0,0,0,0,0,0,0,0,0,0,0,0,35311
0,0,0,0,69.0,1059,0,0.0,6,1,1134,4,0,0,0,0,0,0,0,0,0,0,0,0,0,0,0,135000
1215,72,1,192,103.0,48,1,0.0,8,2,1104,7,0,0,0,0,0,0,0,0,0,0,0,0,0,0,0,238000
0,0,0,51,87.0,528,1,0.0,6,1,1184,6,0,0,0,0,0,0,0,0,0,0,0,0,0,0,0,176500
785,300,1,87,70.0,814,0,105.0,7,2,928,6,0,0,0,0,0,0,0,0,0,0,0,0,0,0,0,201000
928,0,2,70,67.0,1084,0,0.0,9,2,1272,5,0,0,0,0,0,0,0,0,0,0,0,0,0,0,0,145900
0,100,0,0,65.0,28,1,0.0,6,2,1316,6,0,0,0,0,0,0,0,0,0,0,0,0,0,0,0,169990
0,0,0,69,50.0,165,1,0.0,5,2,1604,6,0,0,0,0,0,0,0,0,0,0,0,0,0,0,0,193000
0,384,0,131,79.0,625,1,157.0,7,2,1686,6,0,0,0,0,0,0,0,0,0,0,0,0,0,0,0,207500
0,180,0,0,69.0,767,0,0.0,6,2,1126,5,0,0,0,0,0,0,0,0,0,0,0,0,0,0,0,175000
1140,104,1,100,93.0,0,1,340.0,10,2,1181,8,0,0,0,0,0,0,0,0,0,0,0,0,0,0,0,285000
880,0,1,43,69.0,552,1,342.0,9,2,832,7,0,0,0,0,0,0,0,0,0,0,0,0,0,0,0,176000
0,202,0,151,69.0,0,1,0.0,7,2,1753,8,0,0,0,0,0,0,0,0,0,0,0,0,0,0,0,236500
1243,0,1,0,69.0,0,1,285.0,8,2,964,7,0,0,0,0,0,0,0,0,0,0,0,0,0,0,0,222000
0,100,0,18,73.0,16,0,0.0,7,2,1466,8,0,0,0,0,0,0,0,0,0,0,0,0,0,0,0,201000
0,0,0,0,70.0,338,0,0.0,5,1,925,5,0,0,0,0,0,0,0,0,0,0,0,0,0,0,0,117500
0,0,0,191,84.0,0,1,302.0,8,2,1905,9,0,0,0,0,0,0,0,0,0,0,0,0,0,0,0,320000
0,192,0,36,63.0,20,0,210.0,6,2,1500,7,0,0,0,0,0,0,0,0,0,0,0,0,0,0,0,190000
0,0,0,0,52.0,0,0,108.0,5,1,600,4,0,0,0,0,0,0,0,0,0,0,0,0,0,0,0,79900
0,0,0,41,67.0,833,0,0.0,5,2,1176,7,0,0,0,0,0,0,0,0,0,0,0,0,0,0,0,184900
858,0,1,48,75.0,341,1,0.0,8,2,1113,7,0,0,0,0,0,0,0,0,0,0,0,0,0,0,0,253000
571,0,1,90,73.0,464,0,0.0,7,2,1391,7,0,0,0,0,0,0,0,0,0,0,0,0,0,0,0,239799
1196,56,0,0,69.0,0,2,0.0,10,2,1032,7,0,0,0,0,0,0,0,0,0,0,0,0,0,0,0,244400
0,40,0,0,55.0,936,0,0.0,8,2,1728,6,0,0,0,0,0,0,0,0,0,0,0,0,0,0,0,150900
1038,0,1,0,69.0,772,1,298.0,8,2,992,7,0,0,0,0,0,0,0,0,0,0,0,0,0,0,0,214000
0,321,0,0,42.0,1440,0,0.0,8,2,1440,4,0,0,0,0,0,0,0,0,0,0,0,0,0,0,0,150000
0,0,0,0,100.0,0,0,0.0,8,2,1632,5,0,0,0,0,0,0,0,0,0,0,0,0,0,0,0,143000
0,0,0,118,69.0,111,1,541.0,7,1,819,6,0,0,0,0,0,0,0,0,0,0,0,0,0,0,0,137500
561,48,0,0,98.0,1088,0,0.0,7,1,1088,5,0,0,0,0,0,0,0,0,0,0,0,0,0,0,0,124900
0,86,0,0,70.0,748,1,128.0,6,1,1144,5,0,0,0,0,0,0,0,0,0,0,0,0,0,0,0,143000
0,0,0,252,85.0,1300,1,236.0,9,2,1616,8,0,0,0,0,0,0,0,0,0,0,0,0,0,0,0,270000
840,144,1,96,65.0,0,1,144.0,7,2,936,7,0,0,0,0,0,0,0,0,0,0,0,0,0,0,0,192500
0,0,1,0,78.0,982,1,0.0,5,1,1161,6,0,0,0,0,0,0,0,0,0,0,0,0,0,0,0,197500
0,194,0,0,60.0,398,0,0.0,5,1,864,5,0,0,0,0,0,0,0,0,0,0,0,0,0,0,0,129000
0,421,0,0,60.0,641,0,0.0,6,1,828,5,0,0,0,0,0,0,0,0,0,0,0,0,0,0,0,119900
0,192,0,0,60.0,660,0,0.0,5,1,768,5,0,0,0,0,0,0,0,0,0,0,0,0,0,0,0,133900
800,305,1,189,69.0,562,1,232.0,7,2,784,5,0,0,0,0,0,0,0,0,0,0,0,0,0,0,0,172000
0,0,0,0,35.0,945,0,250.0,4,2,945,6,0,0,0,0,0,0,0,0,0,0,0,0,0,0,0,127500
979,0,0,0,82.0,484,0,423.0,8,2,979,6,0,0,0,0,0,0,0,0,0,0,0,0,0,0,0,145000
0,0,0,0,70.0,417,0,0.0,6,1,1057,5,0,0,0,0,0,0,0,0,0,0,0,0,0,0,0,132000
0,0,0,39,65.0,699,0,0.0,6,2,1337,7,0,0,0,0,0,0,0,0,0,0,0,0,0,0,0,185000
0,117,0,0,50.0,696,0,0.0,4,1,858,5,0,0,0,0,0,0,0,0,0,0,0,0,0,0,0,116500
1330,550,1,282,69.0,896,1,424.0,11,2,1330,6,0,0,0,0,0,0,0,0,0,0,0,0,0,0,0,272000
1070,0,1,40,80.0,624,1,44.0,8,2,817,7,0,0,0,0,0,0,0,0,0,0,0,0,0,0,0,214900
701,0,1,72,65.0,0,1,0.0,8,2,783,6,0,0,0,0,0,0,0,0,0,0,0,0,0,0,0,178900
0,0,0,0,69.0,902,0,151.0,6,1,1098,5,0,0,0,0,0,0,0,0,0,0,0,0,0,0,0,135000
368,0,0,0,50.0,0,0,0.0,6,1,600,3,0,0,0,0,0,0,0,0,0,0,0,0,0,0,0,37900
0,0,0,0,75.0,513,0,105.0,6,1,588,6,0,0,0,0,0,0,0,0,0,0,0,0,0,0,0,140000
472,0,1,0,60.0,0,0,0.0,6,1,720,4,0,0,0,0,0,0,0,0,0,0,0,0,0,0,0,135000
862,0,0,27,36.0,567,0,106.0,6,2,764,7,0,0,0,0,0,0,0,0,0,0,0,0,0,0,0,173000
0,28,0,0,55.0,0,1,0.0,5,2,918,6,0,0,0,0,0,0,0,0,0,0,0,0,0,0,0,99500
0,0,0,120,95.0,0,0,0.0,6,2,1428,7,0,0,0,0,0,0,0,0,0,0,0,0,0,0,0,182000
883,509,0,135,60.0,0,0,0.0,8,1,728,7,0,0,0,0,0,0,0,0,0,0,0,0,0,0,0,167500
709,153,1,50,69.0,641,0,0.0,6,2,673,7,0,0,0,0,0,0,0,0,0,0,0,0,0,0,0,165000
0,0,0,0,51.0,0,0,0.0,4,1,440,4,0,0,0,0,0,0,0,0,0,0,0,0,0,0,0,85500
0,0,1,116,35.0,1106,0,0.0,4,1,1241,7,0,0,0,0,0,0,0,0,0,0,0,0,0,0,0,199900
0,0,0,0,68.0,552,0,0.0,5,1,894,4,0,0,0,0,0,0,0,0,0,0,0,0,0,0,0,110000
0,0,0,80,80.0,651,0,0.0,5,1,1121,5,0,0,0,0,0,0,0,0,0,0,0,0,0,0,0,139000
0,144,0,76,69.0,867,0,210.0,6,1,944,7,0,0,0,0,0,0,0,0,0,0,0,0,0,0,0,178400
1336,250,1,0,98.0,854,1,975.0,8,2,1225,8,0,0,0,0,0,0,0,0,0,0,0,0,0,0,0,336000
0,100,0,16,43.0,0,1,16.0,6,2,1266,7,0,0,0,0,0,0,0,0,0,0,0,0,0,0,0,159895
1141,0,1,0,69.0,0,1,0.0,9,2,1128,8,0,0,0,0,0,0,0,0,0,0,0,0,0,0,0,255900
432,0,0,0,75.0,0,0,0.0,8,2,0,5,0,0,0,0,0,0,0,0,0,0,0,0,0,0,0,126000
0,0,0,48,68.0,1040,0,0.0,5,1,1164,5,0,0,0,0,0,0,0,0,0,0,0,0,0,0,0,125000
634,394,0,0,59.0,0,0,0.0,5,1,485,6,0,0,0,0,0,0,0,0,0,0,0,0,0,0,0,117000
0,168,1,95,83.0,1646,1,450.0,8,2,1930,9,0,0,0,0,0,0,0,0,0,0,0,0,0,0,0,395192
912,0,1,224,69.0,156,1,298.0,8,2,848,6,0,0,0,0,0,0,0,0,0,0,0,0,0,0,0,195000
798,0,1,50,65.0,0,0,0.0,6,2,770,7,0,0,0,0,0,0,0,0,0,0,0,0,0,0,0,197000
985,0,1,70,82.0,1074,1,423.0,7,2,1396,8,0,0,0,0,0,0,0,0,0,0,0,0,0,0,0,348000
831,239,1,42,80.0,536,1,340.0,7,2,822,6,0,0,0,0,0,0,0,0,0,0,0,0,0,0,0,187000
750,0,1,35,68.0,0,0,0.0,6,2,750,6,0,0,0,0,0,0,0,0,0,0,0,0,0,0,0,173900
0,216,0,48,96.0,1172,1,230.0,7,2,1700,10,0,0,0,0,0,0,0,0,0,0,0,0,0,0,0,337500
456,0,1,57,51.0,384,0,0.0,5,1,747,4,0,0,0,0,0,0,0,0,0,0,0,0,0,0,0,121600
0,0,0,319,69.0,915,0,0.0,6,1,1050,5,0,0,0,0,0,0,0,0,0,0,0,0,0,0,0,136500
0,371,0,0,69.0,0,1,571.0,6,2,1442,6,0,0,0,0,0,0,0,0,0,0,0,0,0,0,0,185000
0,0,0,100,60.0,0,1,0.0,6,1,1007,3,0,0,0,0,0,0,0,0,0,0,0,0,0,0,0,91000
0,105,0,61,64.0,686,0,24.0,6,2,1187,7,0,0,0,0,0,0,0,0,0,0,0,0,0,0,0,206000
0,0,0,0,74.0,0,0,0.0,4,1,0,3,0,0,0,0,0,0,0,0,0,0,0,0,0,0,0,82000
0,0,0,20,60.0,0,0,0.0,4,1,691,5,0,0,0,0,0,0,0,0,0,0,0,0,0,0,0,86000
0,144,0,104,75.0,24,1,53.0,7,2,1574,8,0,0,0,0,0,0,0,0,0,0,0,0,0,0,0,232000
0,0,0,0,69.0,0,0,164.0,8,2,1680,5,0,0,0,0,0,0,0,0,0,0,0,0,0,0,0,136905
0,156,0,0,43.0,16,1,16.0,7,2,1346,7,0,0,0,0,0,0,0,0,0,0,0,0,0,0,0,181000
0,210,0,0,65.0,595,0,220.0,6,2,985,5,0,0,0,0,0,0,0,0,0,0,0,0,0,0,0,149900
0,0,0,0,69.0,1237,1,0.0,7,2,1657,6,0,0,0,0,0,0,0,0,0,0,0,0,0,0,0,163500
0,100,0,48,43.0,0,1,108.0,7,2,1710,7,0,0,0,0,0,0,0,0,0,0,0,0,0,0,0,240000
0,0,0,0,60.0,0,0,0.0,7,2,1008,5,0,0,0,0,0,0,0,0,0,0,0,0,0,0,0,102000
0,0,0,0,75.0,0,0,0.0,8,2,0,5,0,0,0,0,0,0,0,0,0,0,0,0,0,0,0,100000
602,96,1,0,55.0,0,2,0.0,7,1,602,6,0,0,0,0,0,0,0,0,0,0,0,0,0,0,0,165000
0,0,0,30,60.0,247,0,0.0,4,1,1022,5,0,0,0,0,0,0,0,0,0,0,0,0,0,0,0,85000
0,0,0,130,60.0,336,1,206.0,5,1,1082,6,0,0,0,0,0,0,0,0,0,0,0,0,0,0,0,119200
855,0,1,45,70.0,643,0,0.0,6,2,810,8,0,0,0,0,0,0,0,0,0,0,0,0,0,0,0,227000
0,115,0,66,73.0,690,1,196.0,6,2,1504,7,0,0,0,0,0,0,0,0,0,0,0,0,0,0,0,203000
0,63,0,0,69.0,1036,1,0.0,4,1,1220,8,0,0,0,0,0,0,0,0,0,0,0,0,0,0,0,187500
670,164,1,0,69.0,0,1,76.0,7,2,384,7,0,0,0,0,0,0,0,0,0,0,0,0,0,0,0,160000
0,142,0,20,43.0,16,1,145.0,6,2,1362,7,0,0,0,0,0,0,0,0,0,0,0,0,0,0,0,213490
0,252,1,64,60.0,1024,0,0.0,5,1,1132,4,0,0,0,0,0,0,0,0,0,0,0,0,0,0,0,176000
0,105,0,54,64.0,684,0,84.0,6,2,1199,7,0,0,0,0,0,0,0,0,0,0,0,0,0,0,0,194000
336,0,0,0,52.0,324,0,0.0,6,1,912,5,0,0,0,0,0,0,0,0,0,0,0,0,0,0,0,87000
0,156,0,20,43.0,16,1,14.0,7,2,1346,7,0,0,0,0,0,0,0,0,0,0,0,0,0,0,0,191000
0,0,0,72,69.0,1165,1,0.0,10,2,1565,8,0,0,0,0,0,0,0,0,0,0,0,0,0,0,0,287000
0,96,0,0,70.0,138,0,0.0,5,1,882,5,0,0,0,0,0,0,0,0,0,0,0,0,0,0,0,112500
0,0,0,0,73.0,697,2,324.0,6,1,1268,5,0,0,0,0,0,0,0,0,0,0,0,0,0,0,0,167500
0,192,0,44,71.0,1513,1,338.0,7,2,1638,8,0,0,0,0,0,0,0,0,0,0,0,0,0,0,0,293077
408,0,0,0,79.0,368,1,0.0,6,1,768,5,0,0,0,0,0,0,0,0,0,0,0,0,0,0,0,105000
980,0,0,0,69.0,0,0,0.0,10,2,686,5,0,0,0,0,0,0,0,0,0,0,0,0,0,0,0,160000
998,136,1,63,102.0,523,2,0.0,12,2,824,7,0,0,0,0,0,0,0,0,0,0,0,0,0,0,0,197000
1168,209,1,55,69.0,1012,1,0.0,10,2,1338,8,0,0,0,0,0,0,0,0,0,0,0,0,0,0,0,310000
0,0,0,136,69.0,986,0,295.0,6,2,1654,7,0,0,0,0,0,0,0,0,0,0,0,0,0,0,0,230000
0,0,0,0,50.0,0,1,0.0,5,1,920,5,0,0,0,0,0,0,0,0,0,0,0,0,0,0,0,119750
0,186,0,0,69.0,0,0,0.0,5,1,0,4,0,0,0,0,0,0,0,0,0,0,0,0,0,0,0,84000
0,228,0,0,89.0,1022,1,70.0,6,2,1620,9,0,0,0,0,0,0,0,0,0,0,0,0,0,0,0,315500
1208,0,1,45,69.0,0,1,396.0,7,2,1055,8,0,0,0,0,0,0,0,0,0,0,0,0,0,0,0,287000
0,0,0,0,88.0,168,1,67.0,8,2,1134,5,0,0,0,0,0,0,0,0,0,0,0,0,0,0,0,155000
832,0,1,40,69.0,400,0,252.0,7,1,800,6,0,0,0,0,0,0,0,0,0,0,0,0,0,0,0,173000
0,170,0,63,34.0,900,1,135.0,5,2,1306,6,0,0,0,0,0,0,0,0,0,0,0,0,0,0,0,196000
797,192,1,121,86.0,1085,1,99.0,10,2,1475,7,0,0,0,0,0,0,0,0,0,0,0,0,0,0,0,262280
0,474,1,120,80.0,1104,1,0.0,9,2,2524,8,0,0,0,0,0,0,0,0,0,0,0,0,0,0,0,278000
0,0,0,0,69.0,0,1,0.0,8,2,0,3,0,0,0,0,0,0,0,0,0,0,0,0,0,0,0,139600
876,214,1,108,85.0,240,1,208.0,11,3,1992,9,0,0,0,0,0,0,0,0,0,0,0,0,0,0,0,556581
0,0,0,0,57.0,686,0,0.0,5,1,990,5,0,0,0,0,0,0,0,0,0,0,0,0,0,0,0,145000
0,0,0,0,100.0,0,1,75.0,9,1,0,5,0,0,0,0,0,0,0,0,0,0,0,0,0,0,0,115000
0,0,0,0,60.0,0,0,0.0,6,1,0,4,0,0,0,0,0,0,0,0,0,0,0,0,0,0,0,84900
0,0,0,22,73.0,0,0,0.0,6,2,1302,7,0,0,0,0,0,0,0,0,0,0,0,0,0,0,0,176485
0,0,0,20,103.0,0,1,0.0,6,2,1316,7,0,0,0,0,0,0,0,0,0,0,0,0,0,0,0,200141
850,0,1,52,100.0,442,1,272.0,9,1,816,6,0,0,0,0,0,0,0,0,0,0,0,0,0,0,0,165000
0,116,0,78,68.0,383,1,145.0,7,1,1216,5,0,0,0,0,0,0,0,0,0,0,0,0,0,0,0,144500
898,199,1,60,90.0,932,1,210.0,7,2,1065,8,0,0,0,0,0,0,0,0,0,0,0,0,0,0,0,255000
0,0,0,0,104.0,644,1,160.0,7,2,1193,6,0,0,0,0,0,0,0,0,0,0,0,0,0,0,0,180000
0,192,0,36,43.0,659,1,240.0,6,2,1364,7,0,0,0,0,0,0,0,0,0,0,0,0,0,0,0,185850
871,168,1,98,69.0,595,1,0.0,7,2,973,7,0,0,0,0,0,0,0,0,0,0,0,0,0,0,0,248000
1054,0,1,102,96.0,936,1,154.0,10,2,1104,9,0,0,0,0,0,0,0,0,0,0,0,0,0,0,0,335000
895,0,1,0,69.0,297,1,480.0,7,1,854,6,0,0,0,0,0,0,0,0,0,0,0,0,0,0,0,220000
0,0,0,0,41.0,616,0,0.0,6,2,1338,8,0,0,0,0,0,0,0,0,0,0,0,0,0,0,0,213500
915,0,0,57,85.0,0,0,0.0,10,2,662,5,0,0,0,0,0,0,0,0,0,0,0,0,0,0,0,90000
0,166,0,120,50.0,397,1,0.0,5,1,1103,6,0,0,0,0,0,0,0,0,0,0,0,0,0,0,0,110500
0,0,1,58,69.0,740,1,200.0,6,1,1154,5,0,0,0,0,0,0,0,0,0,0,0,0,0,0,0,154000
954,296,1,44,80.0,1201,0,0.0,7,2,1306,7,0,0,0,0,0,0,0,0,0,0,0,0,0,0,0,328000
772,0,1,40,59.0,0,1,0.0,7,2,799,6,0,0,0,0,0,0,0,0,0,0,0,0,0,0,0,178000
813,328,1,128,80.0,674,0,360.0,7,1,780,6,0,0,0,0,0,0,0,0,0,0,0,0,0,0,0,167900
1230,728,1,20,42.0,837,1,0.0,10,2,942,6,0,0,0,0,0,0,0,0,0,0,0,0,0,0,0,151400
0,0,0,0,60.0,220,0,0.0,4,1,845,5,0,0,0,0,0,0,0,0,0,0,0,0,0,0,0,135000
0,0,0,20,72.0,586,0,120.0,6,1,1048,5,0,0,0,0,0,0,0,0,0,0,0,0,0,0,0,135000
727,0,1,0,78.0,298,0,0.0,8,1,727,6,0,0,0,0,0,0,0,0,0,0,0,0,0,0,0,154000
454,0,0,0,50.0,0,1,0.0,7,1,810,5,0,0,0,0,0,0,0,0,0,0,0,0,0,0,0,91500
728,252,1,0,75.0,535,0,140.0,6,1,690,6,0,0,0,0,0,0,0,0,0,0,0,0,0,0,0,159500
0,140,0,93,74.0,0,0,0.0,5,2,1240,7,0,0,0,0,0,0,0,0,0,0,0,0,0,0,0,194000
780,0,1,0,75.0,410,2,0.0,6,1,800,7,0,0,0,0,0,0,0,0,0,0,0,0,0,0,0,219500
370,436,0,21,60.0,626,1,0.0,7,2,796,5,0,0,0,0,0,0,0,0,0,0,0,0,0,0,0,170000
0,240,0,32,69.0,75,0,0.0,6,1,1096,5,0,0,0,0,0,0,0,0,0,0,0,0,0,0,0,138800
0,140,0,0,37.0,662,1,169.0,3,1,848,6,0,0,0,0,0,0,0,0,0,0,0,0,0,0,0,155900
0,0,0,64,65.0,495,0,0.0,5,1,990,5,0,0,0,0,0,0,0,0,0,0,0,0,0,0,0,126000
0,55,0,0,80.0,656,0,144.0,5,2,1258,6,0,0,0,0,0,0,0,0,0,0,0,0,0,0,0,145000
0,0,1,0,75.0,824,0,0.0,5,1,1040,5,0,0,0,0,0,0,0,0,0,0,0,0,0,0,0,133000
0,192,0,39,70.0,0,1,100.0,6,2,1459,7,0,0,0,0,0,0,0,0,0,0,0,0,0,0,0,192000
0,0,0,116,80.0,553,2,425.0,6,1,1251,6,0,0,0,0,0,0,0,0,0,0,0,0,0,0,0,160000
807,315,1,44,69.0,592,1,0.0,6,2,691,6,0,0,0,0,0,0,0,0,0,0,0,0,0,0,0,187500
0,120,0,0,73.0,747,0,0.0,5,1,936,6,0,0,0,0,0,0,0,0,0,0,0,0,0,0,0,147000
546,120,1,96,69.0,334,0,0.0,6,1,546,4,0,0,0,0,0,0,0,0,0,0,0,0,0,0,0,83500
871,160,1,50,85.0,0,1,0.0,9,2,1082,8,0,0,0,0,0,0,0,0,0,0,0,0,0,0,0,252000
0,0,1,84,37.0,1039,1,0.0,4,1,1247,8,0,0,0,0,0,0,0,0,0,0,0,0,0,0,0,197000
0,0,0,0,60.0,0,0,0.0,6,2,0,3,0,0,0,0,0,0,0,0,0,0,0,0,0,0,0,92900
304,342,0,0,60.0,423,1,0.0,7,2,1181,6,0,0,0,0,0,0,0,0,0,0,0,0,0,0,0,136500
0,0,1,64,71.0,661,0,166.0,6,1,864,5,0,0,0,0,0,0,0,0,0,0,0,0,0,0,0,146000
0,0,0,0,74.0,248,0,0.0,4,1,936,5,0,0,0,0,0,0,0,0,0,0,0,0,0,0,0,129000
0,0,0,22,78.0,24,1,0.0,6,2,1314,6,0,0,0,0,0,0,0,0,0,0,0,0,0,0,0,176432
582,136,1,0,60.0,0,0,0.0,7,1,684,6,0,0,0,0,0,0,0,0,0,0,0,0,0,0,0,127000
0,0,1,74,69.0,0,0,0.0,5,1,1074,8,0,0,0,0,0,0,0,0,0,0,0,0,0,0,0,170000
567,0,0,0,50.0,672,0,0.0,6,1,672,4,0,0,0,0,0,0,0,0,0,0,0,0,0,0,0,128000
0,0,0,0,82.0,704,1,206.0,7,2,1271,7,0,0,0,0,0,0,0,0,0,0,0,0,0,0,0,157000
0,0,0,0,60.0,290,0,0.0,3,1,290,2,0,0,0,0,0,0,0,0,0,0,0,0,0,0,0,60000
0,0,0,0,61.0,412,0,0.0,5,1,950,5,0,0,0,0,0,0,0,0,0,0,0,0,0,0,0,119500
0,0,0,16,70.0,588,0,45.0,6,1,1010,5,0,0,0,0,0,0,0,0,0,0,0,0,0,0,0,135000
0,0,0,0,79.0,655,1,0.0,6,1,655,6,0,0,0,0,0,0,0,0,0,0,0,0,0,0,0,159500
1122,186,1,32,98.0,1032,2,362.0,9,2,1463,8,0,0,0,0,0,0,0,0,0,0,0,0,0,0,0,325000
742,100,1,48,69.0,0,1,0.0,7,2,924,6,0,0,0,0,0,0,0,0,0,0,0,0,0,0,0,181000
0,125,0,185,107.0,1039,1,42.0,7,2,1836,8,0,0,0,0,0,0,0,0,0,0,0,0,0,0,0,280000
885,224,1,84,69.0,219,1,0.0,8,2,773,6,0,0,0,0,0,0,0,0,0,0,0,0,0,0,0,188000
866,0,1,69,80.0,403,1,660.0,8,2,803,7,0,0,0,0,0,0,0,0,0,0,0,0,0,0,0,205000
0,0,0,0,73.0,708,0,0.0,5,1,816,5,0,0,0,0,0,0,0,0,0,0,0,0,0,0,0,129900
0,0,0,18,66.0,643,0,0.0,6,1,1008,5,0,0,0,0,0,0,0,0,0,0,0,0,0,0,0,134500
0,0,0,0,90.0,415,0,0.0,4,1,833,5,0,0,0,0,0,0,0,0,0,0,0,0,0,0,0,117000
0,0,0,0,93.0,1004,1,328.0,7,2,1734,8,0,0,0,0,0,0,0,0,0,0,0,0,0,0,0,318000
640,120,1,0,69.0,353,1,0.0,7,2,408,8,0,0,0,0,0,0,0,0,0,0,0,0,0,0,0,184100
0,0,0,0,57.0,702,0,0.0,5,1,894,5,0,0,0,0,0,0,0,0,0,0,0,0,0,0,0,130000
580,280,0,34,85.0,0,0,0.0,6,1,533,5,0,0,0,0,0,0,0,0,0,0,0,0,0,0,0,140000
0,140,0,0,70.0,369,0,0.0,6,1,1040,5,0,0,0,0,0,0,0,0,0,0,0,0,0,0,0,133700
0,0,0,22,59.0,0,1,0.0,6,1,1012,6,0,0,0,0,0,0,0,0,0,0,0,0,0,0,0,118400
0,144,0,20,84.0,24,0,196.0,7,2,1552,7,0,0,0,0,0,0,0,0,0,0,0,0,0,0,0,212900
0,64,0,0,69.0,0,0,0.0,5,1,672,4,0,0,0,0,0,0,0,0,0,0,0,0,0,0,0,112000
0,0,0,200,50.0,0,0,0.0,4,1,698,5,0,0,0,0,0,0,0,0,0,0,0,0,0,0,0,118000
670,100,1,25,69.0,0,1,170.0,7,2,384,7,0,0,0,0,0,0,0,0,0,0,0,0,0,0,0,163900
0,0,0,0,60.0,0,1,0.0,5,1,1005,4,0,0,0,0,0,0,0,0,0,0,0,0,0,0,0,115000
0,143,0,20,53.0,0,1,130.0,7,2,1373,7,0,0,0,0,0,0,0,0,0,0,0,0,0,0,0,174000
1112,100,1,48,59.0,0,1,0.0,8,2,847,7,0,0,0,0,0,0,0,0,0,0,0,0,0,0,0,215000
0,49,0,0,60.0,936,0,180.0,4,1,936,5,0,0,0,0,0,0,0,0,0,0,0,0,0,0,0,140000
653,431,0,44,65.0,622,2,0.0,7,2,1122,4,0,0,0,0,0,0,0,0,0,0,0,0,0,0,0,135000
0,0,0,28,63.0,212,0,0.0,5,1,974,5,0,0,0,0,0,0,0,0,0,0,0,0,0,0,0,93500
1032,0,0,48,90.0,0,0,0.0,8,2,1008,6,0,0,0,0,0,0,0,0,0,0,0,0,0,0,0,117500
878,0,1,155,80.0,584,1,0.0,8,2,1128,8,0,0,0,0,0,0,0,0,0,0,0,0,0,0,0,239500
684,100,1,38,57.0,0,1,0.0,7,2,916,6,0,0,0,0,0,0,0,0,0,0,0,0,0,0,0,169000
0,0,0,128,60.0,0,1,0.0,5,1,960,6,0,0,0,0,0,0,0,0,0,0,0,0,0,0,0,102000
220,0,0,0,80.0,280,0,0.0,6,1,1032,6,0,0,0,0,0,0,0,0,0,0,0,0,0,0,0,119000
240,0,0,0,54.0,0,0,0.0,6,1,780,5,0,0,0,0,0,0,0,0,0,0,0,0,0,0,0,94000
0,264,0,32,69.0,1567,2,0.0,5,2,1567,6,0,0,0,0,0,0,0,0,0,0,0,0,0,0,0,196000
0,0,0,0,98.0,645,1,0.0,6,1,915,5,0,0,0,0,0,0,0,0,0,0,0,0,0,0,0,144000
0,0,0,0,60.0,852,0,0.0,4,1,952,5,0,0,0,0,0,0,0,0,0,0,0,0,0,0,0,139000
780,448,1,96,69.0,381,1,44.0,9,2,780,5,0,0,0,0,0,0,0,0,0,0,0,0,0,0,0,197500
1362,125,0,144,77.0,1150,1,340.0,11,3,1466,8,0,0,0,0,0,0,0,0,0,0,0,0,0,0,0,424870
0,0,0,24,69.0,288,0,0.0,5,1,1006,5,0,0,0,0,0,0,0,0,0,0,0,0,0,0,0,80000
252,0,0,0,60.0,348,0,0.0,5,1,672,4,0,0,0,0,0,0,0,0,0,0,0,0,0,0,0,80000
534,0,0,0,52.0,0,1,0.0,8,1,1042,5,0,0,0,0,0,0,0,0,0,0,0,0,0,0,0,149000
0,165,0,26,69.0,1258,1,85.0,5,2,1298,6,0,0,0,0,0,0,0,0,0,0,0,0,0,0,0,180000
704,0,1,0,75.0,275,1,0.0,7,1,704,7,0,0,0,0,0,0,0,0,0,0,0,0,0,0,0,174500
539,0,0,0,69.0,0,1,0.0,5,1,572,7,0,0,0,0,0,0,0,0,0,0,0,0,0,0,0,116900
650,0,0,0,50.0,624,0,0.0,7,1,650,7,0,0,0,0,0,0,0,0,0,0,0,0,0,0,0,143000
0,0,0,0,57.0,0,1,0.0,4,1,932,6,0,0,0,0,0,0,0,0,0,0,0,0,0,0,0,124000
0,0,0,0,90.0,296,1,0.0,6,1,1073,6,0,0,0,0,0,0,0,0,0,0,0,0,0,0,0,230000
0,0,0,0,69.0,538,0,0.0,5,1,816,6,0,0,0,0,0,0,0,0,0,0,0,0,0,0,0,120500
918,60,2,84,69.0,454,2,288.0,8,1,864,7,0,0,0,0,0,0,0,0,0,0,0,0,0,0,0,201800
0,0,0,21,90.0,1157,1,0.0,6,2,1437,5,0,0,0,0,0,0,0,0,0,0,0,0,0,0,0,218000
0,0,0,92,85.0,633,1,0.0,6,2,1219,5,0,0,0,0,0,0,0,0,0,0,0,0,0,0,0,179900
0,172,0,62,34.0,904,1,166.0,6,2,1314,7,0,0,0,0,0,0,0,0,0,0,0,0,0,0,0,230000
0,0,0,24,92.0,0,0,186.0,7,2,1580,8,0,0,0,0,0,0,0,0,0,0,0,0,0,0,0,235128
933,0,1,69,76.0,442,1,270.0,8,2,901,6,0,0,0,0,0,0,0,0,0,0,0,0,0,0,0,185000
0,108,0,0,69.0,728,1,72.0,7,1,1296,6,0,0,0,0,0,0,0,0,0,0,0,0,0,0,0,224000
0,120,2,0,60.0,1198,0,0.0,6,0,1198,4,0,0,0,0,0,0,0,0,0,0,0,0,0,0,0,108959
0,168,1,180,69.0,680,1,0.0,5,1,1360,5,0,0,0,0,0,0,0,0,0,0,0,0,0,0,0,194000
0,0,0,114,79.0,0,0,268.0,7,2,1502,7,0,0,0,0,0,0,0,0,0,0,0,0,0,0,0,233170
0,160,0,33,64.0,0,0,72.0,7,2,1694,8,0,0,0,0,0,0,0,0,0,0,0,0,0,0,0,245350
712,0,1,38,58.0,786,1,0.0,7,2,959,6,0,0,0,0,0,0,0,0,0,0,0,0,0,0,0,173000
0,203,0,0,76.0,522,1,0.0,6,1,1096,6,0,0,0,0,0,0,0,0,0,0,0,0,0,0,0,171000
0,0,0,0,76.0,662,1,0.0,6,1,1261,6,0,0,0,0,0,0,0,0,0,0,0,0,0,0,0,163000
625,0,1,54,35.0,0,0,0.0,5,2,625,7,0,0,0,0,0,0,0,0,0,0,0,0,0,0,0,171900
1175,0,1,0,80.0,503,1,0.0,9,2,952,6,0,0,0,0,0,0,0,0,0,0,0,0,0,0,0,239000
743,0,1,33,85.0,700,1,337.0,9,2,1683,8,0,0,0,0,0,0,0,0,0,0,0,0,0,0,0,285000
0,362,0,0,37.0,658,0,0.0,5,1,876,5,0,0,0,0,0,0,0,0,0,0,0,0,0,0,0,119500
406,0,0,0,69.0,468,0,0.0,5,1,818,6,0,0,0,0,0,0,0,0,0,0,0,0,0,0,0,115000
523,192,1,0,54.0,0,1,0.0,7,1,731,5,0,0,0,0,0,0,0,0,0,0,0,0,0,0,0,154900
0,0,0,36,77.0,0,1,0.0,5,1,0,5,0,0,0,0,0,0,0,0,0,0,0,0,0,0,0,93000
1216,0,1,0,69.0,1216,0,0.0,8,2,1216,7,0,0,0,0,0,0,0,0,0,0,0,0,0,0,0,250000
0,162,0,53,64.0,1480,1,186.0,5,2,1600,8,0,0,0,0,0,0,0,0,0,0,0,0,0,0,0,392500
0,229,0,0,60.0,821,1,0.0,5,1,1120,5,0,0,0,0,0,0,0,0,0,0,0,0,0,0,0,120000
0,0,1,263,50.0,1159,2,226.0,5,1,1572,5,0,0,0,0,0,0,0,0,0,0,0,0,0,0,0,186700
272,0,0,0,60.0,392,0,0.0,7,1,784,5,0,0,0,0,0,0,0,0,0,0,0,0,0,0,0,104900
685,0,0,74,107.0,440,0,0.0,7,2,978,3,0,0,0,0,0,0,0,0,0,0,0,0,0,0,0,95000
0,0,0,114,89.0,1456,1,0.0,5,2,1624,8,0,0,0,0,0,0,0,0,0,0,0,0,0,0,0,262000
829,144,1,68,68.0,0,0,95.0,7,2,831,7,0,0,0,0,0,0,0,0,0,0,0,0,0,0,0,195000
776,140,1,60,60.0,0,1,0.0,7,2,994,7,0,0,0,0,0,0,0,0,0,0,0,0,0,0,0,189000
0,439,0,0,69.0,1159,1,149.0,7,1,1249,4,0,0,0,0,0,0,0,0,0,0,0,0,0,0,0,168000
630,0,0,0,60.0,0,0,0.0,6,1,702,5,0,0,0,0,0,0,0,0,0,0,0,0,0,0,0,125000
0,0,0,304,69.0,883,0,425.0,5,2,1224,6,0,0,0,0,0,0,0,0,0,0,0,0,0,0,0,165000
689,379,1,36,80.0,371,0,143.0,7,1,663,6,0,0,0,0,0,0,0,0,0,0,0,0,0,0,0,158000
728,100,1,24,51.0,0,0,0.0,8,2,728,6,0,0,0,0,0,0,0,0,0,0,0,0,0,0,0,176000
984,100,1,17,58.0,0,1,0.0,9,2,879,7,0,0,0,0,0,0,0,0,0,0,0,0,0,0,0,219210
875,0,0,0,65.0,0,1,0.0,7,1,815,7,0,0,0,0,0,0,0,0,0,0,0,0,0,0,0,144000
0,356,0,0,70.0,0,0,0.0,6,2,1212,7,0,0,0,0,0,0,0,0,0,0,0,0,0,0,0,178000
0,0,1,82,75.0,547,1,51.0,6,1,1051,4,0,0,0,0,0,0,0,0,0,0,0,0,0,0,0,148000
0,0,0,0,71.0,0,0,0.0,5,1,864,4,0,0,0,0,0,0,0,0,0,0,0,0,0,0,0,116050
913,198,1,36,80.0,0,0,0.0,6,2,866,7,0,0,0,0,0,0,0,0,0,0,0,0,0,0,0,197900
464,0,0,0,50.0,0,1,0.0,5,1,884,5,0,0,0,0,0,0,0,0,0,0,0,0,0,0,0,117000
0,74,0,234,75.0,0,1,171.0,6,2,1630,7,0,0,0,0,0,0,0,0,0,0,0,0,0,0,0,213000
0,0,1,88,78.0,788,0,0.0,6,1,1056,5,0,0,0,0,0,0,0,0,0,0,0,0,0,0,0,153500
0,84,0,70,90.0,485,1,234.0,7,2,2158,7,0,0,0,0,0,0,0,0,0,0,0,0,0,0,0,271900
0,0,0,42,69.0,1056,0,0.0,5,1,1056,4,0,0,0,0,0,0,0,0,0,0,0,0,0,0,0,107000
0,192,0,23,70.0,340,0,120.0,7,2,1682,6,0,0,0,0,0,0,0,0,0,0,0,0,0,0,0,200000
0,0,0,0,70.0,504,0,0.0,6,1,931,5,0,0,0,0,0,0,0,0,0,0,0,0,0,0,0,140000
0,322,0,50,85.0,1220,1,420.0,8,2,1660,8,0,0,0,0,0,0,0,0,0,0,0,0,0,0,0,290000
790,635,1,104,70.0,0,1,0.0,8,2,1055,6,0,0,0,0,0,0,0,0,0,0,0,0,0,0,0,189000
0,0,0,113,50.0,344,0,0.0,4,1,672,4,0,0,0,0,0,0,0,0,0,0,0,0,0,0,0,113000
0,88,0,0,69.0,648,0,0.0,3,0,648,4,0,0,0,0,0,0,0,0,0,0,0,0,0,0,0,145000
0,150,0,72,69.0,784,0,0.0,6,1,925,5,0,0,0,0,0,0,0,0,0,0,0,0,0,0,0,134500
0,0,0,0,99.0,180,0,0.0,5,1,894,5,0,0,0,0,0,0,0,0,0,0,0,0,0,0,0,125000
584,0,0,0,68.0,0,0,0.0,8,2,0,6,0,0,0,0,0,0,0,0,0,0,0,0,0,0,0,112000
0,135,0,112,72.0,936,0,72.0,6,2,1300,8,0,0,0,0,0,0,0,0,0,0,0,0,0,0,0,229456
240,0,0,0,52.0,0,0,0.0,3,1,0,4,0,0,0,0,0,0,0,0,0,0,0,0,0,0,0,80500
0,0,0,0,66.0,312,0,0.0,5,1,912,5,0,0,0,0,0,0,0,0,0,0,0,0,0,0,0,115000
0,0,0,63,55.0,250,1,0.0,5,1,952,5,0,0,0,0,0,0,0,0,0,0,0,0,0,0,0,134000
678,0,0,0,78.0,196,1,320.0,7,2,1040,6,0,0,0,0,0,0,0,0,0,0,0,0,0,0,0,143000
0,0,0,30,89.0,756,0,44.0,7,2,2136,5,0,0,0,0,0,0,0,0,0,0,0,0,0,0,0,137900
702,100,1,75,60.0,724,1,0.0,8,2,788,7,0,0,0,0,0,0,0,0,0,0,0,0,0,0,0,184000
0,224,0,0,65.0,507,0,63.0,6,1,588,6,0,0,0,0,0,0,0,0,0,0,0,0,0,0,0,145000
1039,100,1,18,86.0,0,1,74.0,9,2,894,6,0,0,0,0,0,0,0,0,0,0,0,0,0,0,0,214000
0,0,0,240,72.0,595,0,300.0,5,1,912,5,0,0,0,0,0,0,0,0,0,0,0,0,0,0,0,147000
0,0,1,72,65.0,1540,1,766.0,7,1,1702,9,0,0,0,0,0,0,0,0,0,0,0,0,0,0,0,367294
0,0,0,0,70.0,666,0,0.0,7,2,1075,5,0,0,0,0,0,0,0,0,0,0,0,0,0,0,0,127000
1259,155,2,24,69.0,498,1,1.0,12,2,1361,5,0,0,0,0,0,0,0,0,0,0,0,0,0,0,0,190000
0,0,0,18,70.0,803,0,120.0,6,1,1106,5,0,0,0,0,0,0,0,0,0,0,0,0,0,0,0,132500
0,0,0,0,70.0,0,0,0.0,6,2,0,4,0,0,0,0,0,0,0,0,0,0,0,0,0,0,0,101800
0,0,0,0,69.0,1000,0,180.0,6,1,1188,5,0,0,0,0,0,0,0,0,0,0,0,0,0,0,0,142000
940,0,1,192,55.0,0,0,0.0,7,1,940,5,0,0,0,0,0,0,0,0,0,0,0,0,0,0,0,130000
892,203,1,40,96.0,0,0,0.0,9,1,747,5,0,0,0,0,0,0,0,0,0,0,0,0,0,0,0,138887
862,0,1,27,36.0,0,0,106.0,6,2,764,7,0,0,0,0,0,0,0,0,0,0,0,0,0,0,0,175500
1101,100,1,48,41.0,0,1,0.0,8,2,847,7,0,0,0,0,0,0,0,0,0,0,0,0,0,0,0,195000
0,0,1,0,63.0,0,0,0.0,6,1,1141,6,0,0,0,0,0,0,0,0,0,0,0,0,0,0,0,142500
0,120,0,33,64.0,428,1,32.0,6,2,1476,8,0,0,0,0,0,0,0,0,0,0,0,0,0,0,0,265900
884,0,1,63,65.0,550,0,252.0,8,2,884,7,0,0,0,0,0,0,0,0,0,0,0,0,0,0,0,224900
0,0,0,56,83.0,0,0,0.0,7,2,1689,7,0,0,0,0,0,0,0,0,0,0,0,0,0,0,0,248328
0,0,0,120,85.0,885,2,81.0,6,2,1053,7,0,0,0,0,0,0,0,0,0,0,0,0,0,0,0,170000
0,216,1,229,107.0,1386,1,0.0,7,2,2076,10,0,0,0,0,0,0,0,0,0,0,0,0,0,0,0,465000
725,0,0,0,69.0,0,2,0.0,7,1,792,8,0,0,0,0,0,0,0,0,0,0,0,0,0,0,0,230000
728,268,1,112,78.0,0,1,74.0,7,3,585,6,0,0,0,0,0,0,0,0,0,0,0,0,0,0,0,178000
797,0,1,45,65.0,0,0,0.0,6,2,756,7,0,0,0,0,0,0,0,0,0,0,0,0,0,0,0,186500
0,0,0,0,69.0,539,0,335.0,6,1,1012,6,0,0,0,0,0,0,0,0,0,0,0,0,0,0,0,169900
924,0,1,0,60.0,319,1,0.0,8,1,735,6,0,0,0,0,0,0,0,0,0,0,0,0,0,0,0,129500
0,0,0,80,60.0,534,0,0.0,6,1,876,5,0,0,0,0,0,0,0,0,0,0,0,0,0,0,0,119000
0,0,1,0,93.0,1065,2,0.0,8,2,2110,7,0,0,0,0,0,0,0,0,0,0,0,0,0,0,0,244000
0,148,0,36,69.0,0,1,163.0,6,2,1405,7,0,0,0,0,0,0,0,0,0,0,0,0,0,0,0,171750
0,33,0,0,62.0,510,0,0.0,5,1,864,5,0,0,0,0,0,0,0,0,0,0,0,0,0,0,0,130000
651,220,1,47,69.0,125,2,0.0,9,2,1192,7,0,0,0,0,0,0,0,0,0,0,0,0,0,0,0,294000
896,178,1,128,60.0,0,1,92.0,7,2,746,7,0,0,0,0,0,0,0,0,0,0,0,0,0,0,0,165400
408,0,0,0,52.0,425,1,0.0,6,1,884,6,0,0,0,0,0,0,0,0,0,0,0,0,0,0,0,127500
0,262,0,36,91.0,1314,1,554.0,7,2,1986,8,0,0,0,0,0,0,0,0,0,0,0,0,0,0,0,301500
0,0,0,96,56.0,0,0,0.0,4,1,864,5,0,0,0,0,0,0,0,0,0,0,0,0,0,0,0,99900
0,212,0,0,59.0,655,0,182.0,5,2,856,7,0,0,0,0,0,0,0,0,0,0,0,0,0,0,0,190000
0,180,1,0,65.0,602,0,0.0,6,1,1054,6,0,0,0,0,0,0,0,0,0,0,0,0,0,0,0,151000
783,0,1,103,69.0,0,1,0.0,7,2,841,6,0,0,0,0,0,0,0,0,0,0,0,0,0,0,0,181000
0,0,0,0,80.0,504,0,0.0,5,1,1050,5,0,0,0,0,0,0,0,0,0,0,0,0,0,0,0,128900
684,120,0,0,69.0,0,2,0.0,8,1,1104,4,0,0,0,0,0,0,0,0,0,0,0,0,0,0,0,161500
764,0,0,0,60.0,0,1,0.0,8,1,764,6,0,0,0,0,0,0,0,0,0,0,0,0,0,0,0,180500
0,144,0,68,34.0,266,0,0.0,5,2,1405,6,0,0,0,0,0,0,0,0,0,0,0,0,0,0,0,181000
739,0,1,34,35.0,450,0,218.0,6,2,691,7,0,0,0,0,0,0,0,0,0,0,0,0,0,0,0,183900
925,0,1,0,60.0,0,1,0.0,9,1,925,7,0,0,0,0,0,0,0,0,0,0,0,0,0,0,0,122000
0,144,0,76,89.0,0,1,0.0,10,2,2002,9,0,0,0,0,0,0,0,0,0,0,0,0,0,0,0,378500
1479,314,1,12,69.0,192,2,632.0,11,3,728,8,0,0,0,0,0,0,0,0,0,0,0,0,0,0,0,381000
650,0,1,0,78.0,460,0,180.0,7,1,874,5,0,0,0,0,0,0,0,0,0,0,0,0,0,0,0,144000
192,268,1,0,69.0,1258,1,0.0,4,0,1332,7,0,0,0,0,0,0,0,0,0,0,0,0,0,0,0,260000
0,0,0,0,69.0,0,1,0.0,7,2,1489,6,0,0,0,0,0,0,0,0,0,0,0,0,0,0,0,185750
0,180,0,0,69.0,560,0,114.0,5,1,935,5,0,0,0,0,0,0,0,0,0,0,0,0,0,0,0,137000
589,242,0,0,53.0,0,1,0.0,8,2,661,5,0,0,0,0,0,0,0,0,0,0,0,0,0,0,0,139000
992,0,0,0,95.0,220,0,567.0,10,2,928,5,0,0,0,0,0,0,0,0,0,0,0,0,0,0,0,137000
660,294,1,116,69.0,593,1,0.0,6,1,723,6,0,0,0,0,0,0,0,0,0,0,0,0,0,0,0,162000
0,0,1,0,69.0,528,1,359.0,7,1,1680,6,0,0,0,0,0,0,0,0,0,0,0,0,0,0,0,197900
903,0,1,211,75.0,804,1,0.0,7,2,1128,8,0,0,0,0,0,0,0,0,0,0,0,0,0,0,0,237000
430,30,0,0,60.0,0,0,0.0,6,1,698,4,0,0,0,0,0,0,0,0,0,0,0,0,0,0,0,68400
0,0,0,72,67.0,788,0,110.0,6,2,1573,7,0,0,0,0,0,0,0,0,0,0,0,0,0,0,0,227000
0,0,0,58,50.0,1053,1,54.0,6,2,1309,7,0,0,0,0,0,0,0,0,0,0,0,0,0,0,0,180000
0,0,0,0,61.0,532,0,0.0,5,2,1040,5,0,0,0,0,0,0,0,0,0,0,0,0,0,0,0,150500
912,128,2,0,94.0,0,0,0.0,8,2,912,6,0,0,0,0,0,0,0,0,0,0,0,0,0,0,0,139000
748,272,0,0,50.0,0,1,0.0,10,2,804,6,0,0,0,0,0,0,0,0,0,0,0,0,0,0,0,169000
587,45,0,0,50.0,0,1,0.0,6,1,780,6,0,0,0,0,0,0,0,0,0,0,0,0,0,0,0,132500
0,0,1,26,69.0,569,2,451.0,6,1,1328,6,0,0,0,0,0,0,0,0,0,0,0,0,0,0,0,143000
0,168,0,198,69.0,812,0,621.0,7,2,1624,5,0,0,0,0,0,0,0,0,0,0,0,0,0,0,0,190000
0,212,0,59,40.0,1158,1,0.0,5,2,1501,8,0,0,0,0,0,0,0,0,0,0,0,0,0,0,0,278000
850,177,1,74,86.0,0,1,788.0,8,2,1085,8,0,0,0,0,0,0,0,0,0,0,0,0,0,0,0,281000
0,227,0,0,69.0,1014,1,86.0,6,1,1152,5,0,0,0,0,0,0,0,0,0,0,0,0,0,0,0,180500
994,0,0,287,60.0,0,0,0.0,11,2,994,5,0,0,0,0,0,0,0,0,0,0,0,0,0,0,0,107500
832,0,1,28,78.0,194,1,0.0,8,2,832,7,0,0,0,0,0,0,0,0,0,0,0,0,0,0,0,162900
0,0,0,0,60.0,167,0,0.0,5,1,864,5,0,0,0,0,0,0,0,0,0,0,0,0,0,0,0,115000
0,356,1,0,70.0,1016,0,168.0,5,1,1052,5,0,0,0,0,0,0,0,0,0,0,0,0,0,0,0,138500
0,192,0,20,80.0,776,0,148.0,6,2,1120,5,0,0,0,0,0,0,0,0,0,0,0,0,0,0,0,155000
0,0,0,44,35.0,547,0,82.0,5,2,547,6,0,0,0,0,0,0,0,0,0,0,0,0,0,0,0,140000
0,218,1,0,75.0,340,0,0.0,6,1,1246,5,0,0,0,0,0,0,0,0,0,0,0,0,0,0,0,154000
978,0,1,0,69.0,694,1,344.0,9,2,978,7,0,0,0,0,0,0,0,0,0,0,0,0,0,0,0,225000
741,0,0,0,69.0,547,2,0.0,7,1,771,6,0,0,0,0,0,0,0,0,0,0,0,0,0,0,0,177500
1323,309,1,78,92.0,740,1,391.0,8,2,1165,8,0,0,0,0,0,0,0,0,0,0,0,0,0,0,0,290000
0,208,0,59,73.0,0,0,228.0,7,2,1616,7,0,0,0,0,0,0,0,0,0,0,0,0,0,0,0,232000
732,0,0,40,32.0,0,0,117.0,7,2,976,7,0,0,0,0,0,0,0,0,0,0,0,0,0,0,0,130000
0,132,0,35,48.0,0,1,94.0,6,2,1368,7,0,0,0,0,0,0,0,0,0,0,0,0,0,0,0,202500
0,0,0,64,60.0,746,0,0.0,5,1,990,5,0,0,0,0,0,0,0,0,0,0,0,0,0,0,0,138000
0,0,0,36,100.0,144,0,0.0,6,1,924,5,0,0,0,0,0,0,0,0,0,0,0,0,0,0,0,147000
0,112,0,51,69.0,1200,0,88.0,6,2,1278,6,0,0,0,0,0,0,0,0,0,0,0,0,0,0,0,179200
0,0,0,207,100.0,1406,2,0.0,7,2,1902,7,0,0,0,0,0,0,0,0,0,0,0,0,0,0,0,335000
0,264,0,98,68.0,925,0,80.0,6,2,1274,7,0,0,0,0,0,0,0,0,0,0,0,0,0,0,0,203000
1357,500,1,0,69.0,482,1,336.0,9,2,1453,8,0,0,0,0,0,0,0,0,0,0,0,0,0,0,0,302000
0,0,0,36,60.0,732,1,0.0,5,1,948,4,0,0,0,0,0,0,0,0,0,0,0,0,0,0,0,119000
1020,280,1,0,85.0,500,2,0.0,9,2,952,6,0,0,0,0,0,0,0,0,0,0,0,0,0,0,0,206900
0,172,0,42,61.0,0,1,270.0,8,2,1622,8,0,0,0,0,0,0,0,0,0,0,0,0,0,0,0,295493
0,0,0,241,47.0,0,1,0.0,5,2,1352,7,0,0,0,0,0,0,0,0,0,0,0,0,0,0,0,208900
0,198,0,150,69.0,0,1,178.0,7,2,1753,8,0,0,0,0,0,0,0,0,0,0,0,0,0,0,0,275000
0,0,0,0,75.0,492,0,132.0,5,1,864,4,0,0,0,0,0,0,0,0,0,0,0,0,0,0,0,111000
0,114,1,0,70.0,189,2,0.0,6,1,1478,6,0,0,0,0,0,0,0,0,0,0,0,0,0,0,0,156500
0,0,0,0,69.0,0,0,0.0,4,1,0,3,0,0,0,0,0,0,0,0,0,0,0,0,0,0,0,72500
862,240,1,39,107.0,674,1,0.0,8,2,750,7,0,0,0,0,0,0,0,0,0,0,0,0,0,0,0,190000
0,164,0,0,50.0,280,0,0.0,5,1,420,4,0,0,0,0,0,0,0,0,0,0,0,0,0,0,0,82500
0,0,0,49,75.0,0,1,428.0,7,2,1795,8,0,0,0,0,0,0,0,0,0,0,0,0,0,0,0,147000
0,0,0,0,40.0,0,0,0.0,5,1,796,4,0,0,0,0,0,0,0,0,0,0,0,0,0,0,0,55000
0,0,0,0,70.0,544,0,0.0,6,1,544,3,0,0,0,0,0,0,0,0,0,0,0,0,0,0,0,79000
0,0,0,0,60.0,641,1,0.0,5,1,816,5,0,0,0,0,0,0,0,0,0,0,0,0,0,0,0,130500
1208,0,0,547,60.0,493,2,0.0,8,2,1510,6,0,0,0,0,0,0,0,0,0,0,0,0,0,0,0,256000
677,0,1,28,63.0,0,1,0.0,8,2,935,7,0,0,0,0,0,0,0,0,0,0,0,0,0,0,0,176500
0,144,0,45,85.0,0,1,410.0,7,2,1588,8,0,0,0,0,0,0,0,0,0,0,0,0,0,0,0,227000
0,0,0,0,55.0,483,0,0.0,6,1,911,5,0,0,0,0,0,0,0,0,0,0,0,0,0,0,0,132500
0,0,0,0,67.0,690,1,0.0,3,1,816,4,0,0,0,0,0,0,0,0,0,0,0,0,0,0,0,100000
557,0,1,65,60.0,0,0,0.0,6,1,803,5,0,0,0,0,0,0,0,0,0,0,0,0,0,0,0,125500
0,0,0,16,80.0,686,1,360.0,6,2,1350,6,0,0,0,0,0,0,0,0,0,0,0,0,0,0,0,167900
0,0,0,211,87.0,0,0,564.0,8,2,1656,5,0,0,0,0,0,0,0,0,0,0,0,0,0,0,0,135000
941,146,1,91,95.0,700,0,0.0,8,2,916,7,0,0,0,0,0,0,0,0,0,0,0,0,0,0,0,200000
0,0,0,0,70.0,0,0,0.0,5,1,858,4,0,0,0,0,0,0,0,0,0,0,0,0,0,0,0,123000
0,0,0,78,66.0,814,0,0.0,6,1,1114,6,0,0,0,0,0,0,0,0,0,0,0,0,0,0,0,155000
885,192,1,87,69.0,0,1,149.0,7,2,1284,8,0,0,0,0,0,0,0,0,0,0,0,0,0,0,0,228500
741,0,1,0,57.0,0,1,0.0,9,1,896,6,0,0,0,0,0,0,0,0,0,0,0,0,0,0,0,177000
728,0,1,0,85.0,0,1,0.0,8,2,728,7,0,0,0,0,0,0,0,0,0,0,0,0,0,0,0,155835
0,0,0,0,50.0,250,0,0.0,5,1,960,4,0,0,0,0,0,0,0,0,0,0,0,0,0,0,0,108500
0,0,0,80,69.0,297,1,0.0,9,2,1568,7,0,0,0,0,0,0,0,0,0,0,0,0,0,0,0,262500
0,0,0,0,93.0,80,1,100.0,7,2,1732,8,0,0,0,0,0,0,0,0,0,0,0,0,0,0,0,283463
0,402,0,25,69.0,1443,1,0.0,5,2,1482,7,0,0,0,0,0,0,0,0,0,0,0,0,0,0,0,215000
1215,0,0,54,50.0,259,0,0.0,8,2,684,8,0,0,0,0,0,0,0,0,0,0,0,0,0,0,0,122000
1296,0,2,0,91.0,500,0,368.0,12,2,1248,5,0,0,0,0,0,0,0,0,0,0,0,0,0,0,0,200000
858,0,1,84,70.0,319,1,318.0,8,1,858,6,0,0,0,0,0,0,0,0,0,0,0,0,0,0,0,171000
390,210,0,0,50.0,0,0,0.0,4,1,698,6,0,0,0,0,0,0,0,0,0,0,0,0,0,0,0,134900
1185,283,1,86,56.0,816,1,579.0,9,2,2033,8,0,0,0,0,0,0,0,0,0,0,0,0,0,0,0,410000
873,0,1,184,69.0,735,1,0.0,7,2,992,7,0,0,0,0,0,0,0,0,0,0,0,0,0,0,0,235000
698,0,0,98,102.0,0,1,143.0,8,3,570,7,0,0,0,0,0,0,0,0,0,0,0,0,0,0,0,170000
0,0,0,0,69.0,340,0,65.0,5,1,864,5,0,0,0,0,0,0,0,0,0,0,0,0,0,0,0,110000
0,0,1,0,69.0,734,1,0.0,6,1,1078,5,0,0,0,0,0,0,0,0,0,0,0,0,0,0,0,149900
804,0,1,32,69.0,378,0,216.0,5,2,756,6,0,0,0,0,0,0,0,0,0,0,0,0,0,0,0,177500
1611,183,1,0,51.0,0,0,0.0,8,3,612,5,0,0,0,0,0,0,0,0,0,0,0,0,0,0,0,189000
457,55,0,0,69.0,0,1,0.0,7,2,715,4,0,0,0,0,0,0,0,0,0,0,0,0,0,0,0,104900
796,0,1,36,73.0,0,1,0.0,6,2,616,6,0,0,0,0,0,0,0,0,0,0,0,0,0,0,0,156932
860,0,1,96,69.0,533,0,0.0,7,2,814,7,0,0,0,0,0,0,0,0,0,0,0,0,0,0,0,216000
908,0,1,88,68.0,633,0,158.0,7,2,873,7,0,0,0,0,0,0,0,0,0,0,0,0,0,0,0,193000
550,104,0,26,41.0,548,1,0.0,6,2,757,5,0,0,0,0,0,0,0,0,0,0,0,0,0,0,0,127000
0,140,0,0,69.0,685,0,170.0,4,1,848,6,0,0,0,0,0,0,0,0,0,0,0,0,0,0,0,144000
0,0,0,262,48.0,370,1,171.0,8,2,1657,8,0,0,0,0,0,0,0,0,0,0,0,0,0,0,0,232000
534,0,0,0,90.0,315,0,0.0,6,1,840,4,0,0,0,0,0,0,0,0,0,0,0,0,0,0,0,105000
0,0,0,28,80.0,831,1,0.0,8,1,992,6,0,0,0,0,0,0,0,0,0,0,0,0,0,0,0,165500
989,253,1,170,75.0,975,1,0.0,8,2,1108,7,0,0,0,0,0,0,0,0,0,0,0,0,0,0,0,274300
0,314,1,140,69.0,1282,2,705.0,8,2,2633,10,0,0,0,0,0,0,0,0,0,0,0,0,0,0,0,466500
932,154,1,210,85.0,0,1,0.0,9,2,1026,7,0,0,0,0,0,0,0,0,0,0,0,0,0,0,0,250000
0,100,0,36,89.0,0,1,80.0,7,2,1571,8,0,0,0,0,0,0,0,0,0,0,0,0,0,0,0,239000
0,0,0,141,52.0,384,0,0.0,4,1,768,6,0,0,0,0,0,0,0,0,0,0,0,0,0,0,0,91000
620,0,0,68,60.0,408,0,0.0,6,2,984,5,0,0,0,0,0,0,0,0,0,0,0,0,0,0,0,117000
640,100,1,0,73.0,0,0,0.0,7,2,384,5,0,0,0,0,0,0,0,0,0,0,0,0,0,0,0,167500
0,0,0,0,45.0,203,0,0.0,5,1,864,3,0,0,0,0,0,0,0,0,0,0,0,0,0,0,0,58500
0,0,1,42,69.0,865,2,0.0,7,2,1205,6,0,0,0,0,0,0,0,0,0,0,0,0,0,0,0,237500
764,36,1,0,60.0,0,0,0.0,8,1,596,7,0,0,0,0,0,0,0,0,0,0,0,0,0,0,0,157000
0,0,0,0,69.0,0,0,0.0,7,2,816,5,0,0,0,0,0,0,0,0,0,0,0,0,0,0,0,112000
560,0,0,0,60.0,204,0,0.0,6,1,560,6,0,0,0,0,0,0,0,0,0,0,0,0,0,0,0,105000
358,0,0,96,40.0,735,0,0.0,7,1,796,4,0,0,0,0,0,0,0,0,0,0,0,0,0,0,0,125500
1392,0,1,112,80.0,790,2,184.0,12,3,1392,7,0,0,0,0,0,0,0,0,0,0,0,0,0,0,0,250000
862,88,0,15,60.0,168,1,0.0,10,2,714,6,0,0,0,0,0,0,0,0,0,0,0,0,0,0,0,136000
0,201,0,39,42.0,1320,2,160.0,7,2,1746,9,0,0,0,0,0,0,0,0,0,0,0,0,0,0,0,377500
349,0,0,0,60.0,375,1,0.0,6,1,735,6,0,0,0,0,0,0,0,0,0,0,0,0,0,0,0,131000
0,219,0,36,70.0,1400,0,244.0,6,2,1525,7,0,0,0,0,0,0,0,0,0,0,0,0,0,0,0,235000
0,0,0,152,65.0,0,0,0.0,8,2,1584,5,0,0,0,0,0,0,0,0,0,0,0,0,0,0,0,124000
0,175,0,144,68.0,769,1,0.0,6,1,864,5,0,0,0,0,0,0,0,0,0,0,0,0,0,0,0,123000
691,0,0,25,60.0,0,1,0.0,7,2,482,6,0,0,0,0,0,0,0,0,0,0,0,0,0,0,0,163000
0,161,0,20,53.0,1070,1,45.0,6,2,1356,7,0,0,0,0,0,0,0,0,0,0,0,0,0,0,0,246578
1349,144,1,39,88.0,0,1,245.0,9,2,1094,8,0,0,0,0,0,0,0,0,0,0,0,0,0,0,0,281213
0,0,0,0,69.0,353,2,0.0,7,1,747,5,0,0,0,0,0,0,0,0,0,0,0,0,0,0,0,160000
574,24,1,0,51.0,0,0,0.0,8,1,939,5,0,0,0,0,0,0,0,0,0,0,0,0,0,0,0,137500
768,0,1,0,60.0,180,0,0.0,7,1,1208,5,0,0,0,0,0,0,0,0,0,0,0,0,0,0,0,138000
448,147,1,16,51.0,264,1,0.0,7,2,976,6,0,0,0,0,0,0,0,0,0,0,0,0,0,0,0,137450
208,0,0,0,50.0,0,1,0.0,5,1,862,6,0,0,0,0,0,0,0,0,0,0,0,0,0,0,0,120000
729,100,1,75,62.0,759,1,0.0,8,2,839,6,0,0,0,0,0,0,0,0,0,0,0,0,0,0,0,193000
0,168,0,55,64.0,0,1,0.0,6,2,1286,7,0,0,0,0,0,0,0,0,0,0,0,0,0,0,0,193879
0,168,0,160,49.0,929,0,84.0,6,2,1485,8,0,0,0,0,0,0,0,0,0,0,0,0,0,0,0,282922
520,216,0,0,60.0,0,0,0.0,6,1,672,3,0,0,0,0,0,0,0,0,0,0,0,0,0,0,0,105000
0,128,0,53,44.0,1373,1,174.0,5,2,1594,8,0,0,0,0,0,0,0,0,0,0,0,0,0,0,0,275000
0,58,0,0,70.0,656,0,0.0,5,1,768,5,0,0,0,0,0,0,0,0,0,0,0,0,0,0,0,133000
0,0,0,0,69.0,625,0,0.0,5,1,833,5,0,0,0,0,0,0,0,0,0,0,0,0,0,0,0,112000
622,0,0,0,60.0,0,0,0.0,6,1,622,4,0,0,0,0,0,0,0,0,0,0,0,0,0,0,0,125500
857,364,1,63,46.0,0,1,123.0,7,2,791,7,0,0,0,0,0,0,0,0,0,0,0,0,0,0,0,215000
896,0,1,45,79.0,666,0,0.0,6,2,944,7,0,0,0,0,0,0,0,0,0,0,0,0,0,0,0,230000
556,0,1,0,80.0,120,0,0.0,6,1,856,6,0,0,0,0,0,0,0,0,0,0,0,0,0,0,0,140000
0,0,0,0,60.0,0,0,0.0,6,2,0,4,0,0,0,0,0,0,0,0,0,0,0,0,0,0,0,90000
0,165,0,44,88.0,976,1,366.0,7,2,1844,8,0,0,0,0,0,0,0,0,0,0,0,0,0,0,0,257000
795,0,1,0,64.0,0,1,0.0,8,1,833,6,0,0,0,0,0,0,0,0,0,0,0,0,0,0,0,207000
0,143,0,20,51.0,988,1,130.0,7,2,1386,7,0,0,0,0,0,0,0,0,0,0,0,0,0,0,0,175900
1044,0,0,0,60.0,0,0,0.0,11,2,777,4,0,0,0,0,0,0,0,0,0,0,0,0,0,0,0,122500
1140,0,1,126,69.0,781,1,731.0,7,2,1284,8,0,0,0,0,0,0,0,0,0,0,0,0,0,0,0,340000
0,0,1,88,71.0,25,0,0.0,6,1,1144,5,0,0,0,0,0,0,0,0,0,0,0,0,0,0,0,124000
0,0,0,73,69.0,1110,1,312.0,7,2,1844,6,0,0,0,0,0,0,0,0,0,0,0,0,0,0,0,223000
708,0,1,169,90.0,404,1,420.0,7,2,708,6,0,0,0,0,0,0,0,0,0,0,0,0,0,0,0,179900
0,0,0,55,53.0,360,1,0.0,4,2,1069,6,0,0,0,0,0,0,0,0,0,0,0,0,0,0,0,127500
0,140,0,0,37.0,686,0,170.0,3,1,848,6,0,0,0,0,0,0,0,0,0,0,0,0,0,0,0,136500
626,586,0,236,69.0,0,1,0.0,8,2,697,6,0,0,0,0,0,0,0,0,0,0,0,0,0,0,0,274970
0,316,0,28,69.0,457,1,0.0,6,1,1024,5,0,0,0,0,0,0,0,0,0,0,0,0,0,0,0,144000
0,0,0,39,80.0,0,0,243.0,7,1,1252,6,0,0,0,0,0,0,0,0,0,0,0,0,0,0,0,142000
904,171,1,132,81.0,1000,2,448.0,5,2,1223,7,0,0,0,0,0,0,0,0,0,0,0,0,0,0,0,271000
510,0,1,0,60.0,580,1,0.0,6,1,913,5,0,0,0,0,0,0,0,0,0,0,0,0,0,0,0,140000
0,0,0,0,60.0,510,2,294.0,4,1,788,5,0,0,0,0,0,0,0,0,0,0,0,0,0,0,0,119000
0,0,0,0,69.0,678,1,310.0,7,2,1440,6,0,0,0,0,0,0,0,0,0,0,0,0,0,0,0,182900
1104,100,1,40,60.0,0,1,0.0,7,2,732,5,0,0,0,0,0,0,0,0,0,0,0,0,0,0,0,192140
0,0,0,60,69.0,958,0,0.0,5,2,958,6,0,0,0,0,0,0,0,0,0,0,0,0,0,0,0,143750
0,0,0,0,60.0,0,0,0.0,5,2,656,4,0,0,0,0,0,0,0,0,0,0,0,0,0,0,0,64500
830,0,1,0,93.0,0,1,318.0,8,2,936,6,0,0,0,0,0,0,0,0,0,0,0,0,0,0,0,186500
0,295,0,41,80.0,936,1,0.0,5,2,1126,5,0,0,0,0,0,0,0,0,0,0,0,0,0,0,0,160000
0,0,1,36,80.0,0,1,237.0,7,1,1319,6,0,0,0,0,0,0,0,0,0,0,0,0,0,0,0,174000
0,0,0,0,60.0,616,0,0.0,5,1,864,4,0,0,0,0,0,0,0,0,0,0,0,0,0,0,0,120500
0,0,0,66,96.0,1336,1,426.0,7,2,1932,8,0,0,0,0,0,0,0,0,0,0,0,0,0,0,0,394617
0,0,0,158,90.0,600,0,0.0,6,1,912,6,0,0,0,0,0,0,0,0,0,0,0,0,0,0,0,149700
685,0,1,88,80.0,315,1,96.0,6,2,539,7,0,0,0,0,0,0,0,0,0,0,0,0,0,0,0,197000
748,431,0,0,79.0,0,1,0.0,11,2,588,6,0,0,0,0,0,0,0,0,0,0,0,0,0,0,0,191000
0,149,0,0,69.0,697,1,147.0,3,1,848,6,0,0,0,0,0,0,0,0,0,0,0,0,0,0,0,149300
981,168,1,52,85.0,765,1,160.0,10,2,1017,10,0,0,0,0,0,0,0,0,0,0,0,0,0,0,0,310000
0,0,0,98,69.0,0,1,0.0,4,1,952,6,0,0,0,0,0,0,0,0,0,0,0,0,0,0,0,121000
0,192,0,60,63.0,0,0,106.0,7,2,1422,7,0,0,0,0,0,0,0,0,0,0,0,0,0,0,0,179600
0,0,0,0,70.0,187,0,0.0,6,1,814,6,0,0,0,0,0,0,0,0,0,0,0,0,0,0,0,129000
0,261,0,39,69.0,593,0,189.0,6,1,1188,5,0,0,0,0,0,0,0,0,0,0,0,0,0,0,0,157900
870,0,1,65,80.0,1079,1,438.0,8,2,1220,8,0,0,0,0,0,0,0,0,0,0,0,0,0,0,0,240000
550,168,1,24,70.0,0,0,0.0,6,1,560,4,0,0,0,0,0,0,0,0,0,0,0,0,0,0,0,112000
896,32,2,45,60.0,0,0,0.0,8,2,896,5,0,0,0,0,0,0,0,0,0,0,0,0,0,0,0,136000
0,0,0,36,78.0,0,1,194.0,7,2,1573,8,0,0,0,0,0,0,0,0,0,0,0,0,0,0,0,287090
0,0,0,28,35.0,547,0,80.0,5,1,547,5,0,0,0,0,0,0,0,0,0,0,0,0,0,0,0,145000
0,36,0,56,90.0,0,0,0.0,6,1,1140,5,0,0,0,0,0,0,0,0,0,0,0,0,0,0,0,84500
0,0,0,113,62.0,410,0,0.0,6,2,1221,7,0,0,0,0,0,0,0,0,0,0,0,0,0,0,0,185000
694,0,1,40,62.0,0,1,0.0,7,2,953,6,0,0,0,0,0,0,0,0,0,0,0,0,0,0,0,175000
0,349,0,0,85.0,790,2,119.0,7,2,1542,6,0,0,0,0,0,0,0,0,0,0,0,0,0,0,0,210000
1152,0,0,60,66.0,275,2,0.0,9,2,1152,7,0,0,0,0,0,0,0,0,0,0,0,0,0,0,0,266500
0,366,0,0,68.0,49,0,0.0,5,1,1078,5,0,0,0,0,0,0,0,0,0,0,0,0,0,0,0,142125
0,736,1,68,75.0,830,0,0.0,6,1,1256,5,0,0,0,0,0,0,0,0,0,0,0,0,0,0,0,147500
