LotFrontage,OverallQual,MasVnrArea,BsmtFinSF1,TotalBsmtSF,2ndFlrSF,FullBath,HalfBath,TotRmsAbvGrd,Fireplaces,WoodDeckSF,OpenPorchSF
65.0,7,196.0,706,856,854,2,1,8,0,0,61
80.0,6,0.0,978,1262,0,2,0,6,1,298,0
68.0,7,162.0,486,920,866,2,1,6,1,0,42
60.0,7,0.0,216,756,756,1,0,7,1,0,35
84.0,8,350.0,655,1145,1053,2,1,9,1,192,84
85.0,5,0.0,732,796,566,1,1,5,0,40,30
75.0,8,186.0,1369,1686,0,2,0,7,1,255,57
69.0,7,240.0,859,1107,983,2,1,7,2,235,204
51.0,7,0.0,0,952,752,2,0,8,2,90,0
50.0,5,0.0,851,991,0,1,0,5,2,0,4
70.0,5,0.0,906,1040,0,1,0,5,0,0,0
85.0,9,286.0,998,1175,1142,3,0,11,2,147,21
69.0,5,0.0,737,912,0,1,0,4,0,140,0
91.0,7,306.0,0,1494,0,2,0,7,1,160,33
69.0,6,212.0,733,1253,0,1,1,5,1,0,213
51.0,7,0.0,0,832,0,1,0,5,0,48,112
69.0,6,180.0,578,1004,0,1,0,5,1,0,0
72.0,4,0.0,0,0,0,2,0,6,0,0,0
66.0,5,0.0,646,1114,0,1,1,6,0,0,102
70.0,5,0.0,504,1029,0,1,0,6,0,0,0
101.0,8,380.0,0,1158,1218,3,1,9,1,240,154
57.0,7,0.0,0,637,0,1,0,6,1,0,0
75.0,8,281.0,0,1777,0,2,0,7,1,171,159
44.0,5,0.0,840,1040,0,1,0,6,1,100,110
69.0,5,0.0,188,1060,0,1,0,6,1,406,90
60.0,5,0.0,234,900,0,1,0,5,0,222,32
98.0,8,200.0,1218,1704,0,2,0,7,1,0,50
47.0,5,0.0,1277,1484,0,1,0,6,2,288,258
60.0,4,0.0,0,520,0,1,0,4,0,49,0
50.0,4,0.0,0,649,668,1,0,6,0,0,54
69.0,5,0.0,0,1228,0,1,1,6,0,0,65
85.0,8,0.0,0,1234,0,2,0,7,0,0,30
70.0,5,0.0,1018,1398,0,1,1,6,1,0,38
60.0,9,246.0,1153,1561,0,2,0,6,1,203,47
74.0,5,650.0,1213,1297,0,1,0,5,1,0,0
68.0,5,0.0,731,1057,0,1,0,5,0,0,52
65.0,4,0.0,0,0,0,2,0,6,0,0,0
84.0,6,101.0,643,1088,0,2,0,6,1,0,138
69.0,5,0.0,747,840,0,1,0,5,0,240,0
69.0,5,0.0,280,938,0,1,0,5,0,145,0
70.0,5,0.0,179,1150,0,1,0,6,0,0,0
61.0,9,412.0,456,1752,0,2,0,6,1,196,82
48.0,7,0.0,1351,1434,631,1,1,6,1,168,43
84.0,8,0.0,24,1656,0,2,0,7,0,0,146
33.0,4,0.0,0,736,716,2,0,8,0,0,0
66.0,5,0.0,763,955,0,1,0,6,0,0,0
69.0,6,0.0,182,794,676,2,0,6,0,0,75
52.0,6,0.0,0,816,0,1,0,6,1,112,0
68.0,9,0.0,1810,1842,0,0,1,5,1,857,72
60.0,5,0.0,384,384,0,1,0,6,1,0,50
100.0,6,272.0,490,1425,0,2,0,7,1,0,0
89.0,7,0.0,0,860,860,2,1,7,0,0,70
66.0,10,1031.0,0,1410,1519,3,1,10,1,192,0
60.0,5,0.0,632,780,0,1,0,4,0,196,0
63.0,6,0.0,941,1158,0,1,1,5,0,0,50
60.0,5,0.0,0,530,530,1,0,6,0,0,0
44.0,8,178.0,24,1370,0,2,0,6,1,120,49
50.0,7,0.0,0,576,808,2,0,9,0,12,11
69.0,7,573.0,739,1057,977,2,1,8,0,576,36
76.0,8,344.0,0,1143,1330,2,1,9,1,192,151
69.0,7,287.0,912,1947,0,2,0,7,1,301,0
72.0,7,167.0,1013,1453,0,2,0,7,0,144,29
47.0,4,0.0,0,747,0,1,0,4,0,0,0
81.0,7,0.0,603,1304,983,2,0,7,1,0,21
95.0,7,1115.0,1880,2223,0,2,0,8,2,300,0
69.0,4,0.0,565,845,0,1,0,4,0,0,0
74.0,7,40.0,0,832,833,2,1,7,1,0,94
85.0,5,104.0,320,1086,0,1,0,6,0,0,0
60.0,3,0.0,0,840,765,2,0,8,0,0,0
69.0,4,0.0,228,952,0,1,0,4,0,0,0
50.0,5,0.0,336,672,213,1,0,6,0,0,0
72.0,4,0.0,0,1768,0,2,0,8,0,0,0
60.0,5,0.0,0,440,548,1,1,5,0,74,0
100.0,6,576.0,448,896,960,2,1,8,1,0,72
32.0,6,443.0,1201,1237,0,2,0,5,0,0,199
78.0,8,468.0,33,1563,0,2,0,6,1,144,99
80.0,5,66.0,0,1065,0,1,1,6,0,74,0
69.0,7,22.0,0,384,670,2,1,7,1,120,72
40.0,6,76.0,0,612,612,2,1,4,0,0,234
105.0,3,0.0,0,1013,0,1,0,6,0,0,0
60.0,4,0.0,588,990,0,1,0,5,0,0,0
60.0,4,0.0,0,0,0,1,0,4,0,0,29
85.0,5,203.0,600,1235,0,1,0,6,0,0,0
80.0,5,0.0,713,876,0,1,0,5,0,0,0
60.0,6,0.0,1046,1214,1031,2,0,9,1,0,0
69.0,6,0.0,648,824,881,2,1,7,0,0,162
69.0,6,68.0,310,680,790,2,1,6,1,232,63
78.0,7,183.0,1162,1588,0,2,0,6,0,158,29
73.0,4,48.0,520,960,0,1,0,6,0,120,0
85.0,5,0.0,108,458,0,1,0,5,0,0,0
77.0,4,0.0,569,950,0,1,1,6,0,352,0
69.0,6,28.0,1200,1610,0,2,0,6,2,168,68
77.0,6,336.0,0,741,755,2,1,7,1,192,46
64.0,5,0.0,0,0,0,2,0,8,0,0,0
94.0,7,0.0,0,1226,0,2,0,6,0,0,36
69.0,7,600.0,224,1040,592,1,1,7,2,0,0
75.0,8,768.0,0,1053,939,2,1,9,1,140,45
60.0,4,0.0,0,641,0,1,0,6,0,0,0
50.0,5,0.0,104,789,0,1,0,5,0,0,0
85.0,5,0.0,0,793,520,2,0,7,0,0,0
105.0,6,480.0,705,1844,0,2,0,7,1,0,122
75.0,6,0.0,444,994,639,2,0,7,0,182,0
69.0,7,0.0,250,384,656,2,1,7,1,180,0
77.0,7,220.0,984,1264,1414,2,1,10,1,120,184
69.0,6,184.0,35,1809,0,2,0,7,2,166,120
61.0,6,0.0,774,1028,884,2,1,9,1,224,0
34.0,6,1129.0,419,729,729,2,1,5,1,0,32
69.0,5,116.0,170,1092,0,1,0,6,1,0,20
74.0,5,0.0,0,1125,0,1,1,5,0,80,64
90.0,7,0.0,1470,1673,1523,3,0,11,2,367,0
65.0,6,0.0,0,728,728,2,1,8,1,0,24
69.0,6,0.0,938,938,0,1,0,4,2,0,130
50.0,4,0.0,0,732,351,1,0,4,0,0,0
75.0,6,135.0,570,1080,0,1,0,5,0,0,0
55.0,6,0.0,300,1199,0,2,0,5,0,0,63
48.0,6,0.0,0,1362,0,2,0,7,1,192,0
60.0,6,0.0,490,520,0,1,0,5,0,53,0
69.0,6,0.0,120,1078,0,2,0,5,1,0,205
55.0,5,0.0,116,672,0,1,0,5,1,0,0
69.0,6,266.0,512,660,688,1,1,6,1,188,108
69.0,5,85.0,567,1008,0,1,1,6,0,0,80
88.0,7,309.0,445,924,941,2,1,8,2,105,66
69.0,6,40.0,695,992,1032,2,1,7,1,24,48
75.0,5,0.0,405,1063,0,1,0,7,0,0,0
69.0,8,136.0,1005,1267,0,2,0,6,0,192,25
78.0,5,0.0,570,1461,0,2,1,7,1,0,96
80.0,7,288.0,0,1304,0,2,0,7,1,98,0
69.0,5,196.0,695,1214,0,2,0,5,1,0,111
82.0,7,70.0,0,1907,0,3,0,9,0,0,0
73.0,8,320.0,668,1004,848,2,1,7,2,224,106
65.0,6,0.0,821,928,836,2,1,7,0,276,99
70.0,4,0.0,432,864,0,1,0,5,1,0,0
78.0,7,0.0,1300,1734,0,2,0,7,0,160,24
71.0,5,0.0,507,910,475,2,0,6,0,0,0
78.0,7,183.0,679,1490,0,2,0,6,0,144,29
70.0,5,336.0,1332,1728,0,2,0,10,0,0,0
51.0,5,0.0,209,715,0,1,0,5,0,48,0
69.0,7,180.0,0,884,1151,2,1,8,1,144,48
63.0,7,120.0,680,1080,0,1,0,6,0,0,0
69.0,5,0.0,0,896,448,1,0,7,0,200,114
107.0,8,436.0,1400,1710,0,2,0,6,1,0,102
69.0,6,252.0,416,825,896,2,1,8,1,0,66
69.0,6,0.0,429,1602,0,1,0,4,1,409,0
84.0,6,0.0,0,1200,0,1,0,7,0,0,0
60.0,6,0.0,0,572,524,1,0,5,0,0,8
60.0,5,0.0,0,0,0,1,0,5,0,0,0
92.0,8,84.0,0,774,1194,2,1,8,1,0,75
100.0,7,0.0,222,991,956,2,1,8,1,0,136
69.0,6,0.0,660,1232,0,2,0,6,0,0,0
95.0,7,226.0,1201,1541,0,2,0,7,1,0,70
55.0,4,0.0,0,882,0,1,0,4,0,0,0
40.0,6,0.0,370,1149,467,2,0,5,0,0,0
62.0,5,0.0,351,644,547,2,0,6,0,140,0
69.0,5,0.0,379,1617,0,1,0,7,3,476,0
86.0,8,300.0,1288,1582,551,1,1,8,1,178,120
62.0,7,0.0,0,840,880,2,1,7,1,100,48
69.0,8,653.0,0,1686,0,2,1,6,1,574,64
69.0,5,0.0,360,720,0,1,1,7,0,237,0
44.0,7,0.0,495,1064,703,2,0,5,1,441,35
80.0,6,491.0,288,1362,0,1,1,6,1,0,20
47.0,6,132.0,1398,1606,0,2,0,7,1,192,0
84.0,6,0.0,477,1202,0,2,0,7,1,0,29
97.0,6,268.0,831,1151,896,2,1,8,1,0,228
69.0,5,0.0,57,1052,668,2,0,8,1,0,0
63.0,9,748.0,1904,2216,0,2,0,9,1,0,60
60.0,5,0.0,0,968,0,1,0,5,0,0,0
69.0,6,456.0,436,756,756,2,1,5,1,0,0
54.0,7,0.0,352,793,901,1,1,9,1,0,0
60.0,5,98.0,0,0,0,1,0,7,1,116,0
63.0,7,0.0,0,1362,720,2,1,6,0,280,238
92.0,5,0.0,0,504,316,1,0,5,0,104,0
90.0,10,0.0,0,1107,1518,2,1,12,2,0,260
69.0,7,0.0,611,1188,0,2,0,6,0,168,27
60.0,5,0.0,0,660,704,2,1,8,0,0,0
64.0,5,275.0,1086,1086,0,0,2,6,2,120,0
41.0,8,0.0,1153,1593,0,1,1,5,1,0,120
70.0,8,0.0,297,853,1178,2,1,10,2,0,74
69.0,7,138.0,626,725,754,1,1,7,0,0,32
68.0,7,0.0,560,1431,0,2,0,6,0,0,35
60.0,5,0.0,390,864,0,1,0,5,0,0,0
79.0,7,205.0,1126,1726,0,2,0,8,1,171,138
92.0,6,0.0,0,755,929,1,0,8,0,0,198
76.0,8,262.0,1088,1713,0,2,0,7,1,0,26
80.0,4,0.0,0,1121,0,2,0,5,0,132,64
75.0,6,0.0,641,1196,0,2,0,6,2,238,83
50.0,6,0.0,617,617,445,2,0,6,0,0,0
69.0,6,205.0,662,848,0,1,0,3,1,149,0
50.0,5,0.0,312,720,564,1,1,5,0,0,35
99.0,7,0.0,0,1424,0,2,0,5,0,0,34
40.0,5,0.0,0,1140,0,1,1,8,1,0,30
69.0,4,0.0,419,1100,0,1,0,6,1,355,0
69.0,7,128.0,1065,1157,882,2,1,7,1,60,55
75.0,6,260.0,787,1092,0,1,0,6,0,0,0
67.0,5,0.0,468,864,0,1,0,5,0,0,0
83.0,6,0.0,36,1212,0,2,0,6,0,100,22
72.0,7,0.0,822,900,920,2,1,7,1,168,108
43.0,5,0.0,716,990,0,1,0,5,0,224,0
69.0,6,153.0,378,689,703,1,1,6,0,0,36
72.0,5,64.0,360,1070,0,1,0,6,1,0,0
65.0,7,266.0,946,1436,0,2,0,8,0,139,98
57.0,4,0.0,0,686,518,1,0,8,0,0,172
69.0,7,312.0,341,798,817,1,1,8,2,0,119
43.0,7,16.0,16,1248,0,2,0,5,0,108,0
73.0,7,0.0,0,1498,0,2,0,5,0,351,33
69.0,6,0.0,0,1010,1257,2,1,8,1,120,46
85.0,6,0.0,550,713,741,2,1,6,1,209,208
70.0,4,0.0,524,864,0,1,0,4,0,216,0
103.0,10,922.0,56,2392,0,2,0,8,1,248,105
82.0,7,290.0,565,1203,1306,2,1,9,1,224,114
70.0,5,0.0,842,912,0,1,0,5,1,0,0
43.0,7,16.0,16,1373,0,2,0,7,1,143,20
73.0,6,220.0,0,1194,0,1,0,6,0,0,0
75.0,5,0.0,182,894,0,1,0,5,0,365,0
69.0,6,0.0,625,860,1100,2,1,8,2,288,48
65.0,7,98.0,24,1414,0,2,0,6,0,132,105
69.0,7,0.0,402,996,730,2,1,7,0,370,70
93.0,8,254.0,0,1694,0,2,0,7,0,168,228
52.0,6,0.0,94,735,689,1,1,7,1,0,140
75.0,8,36.0,1078,1566,0,2,0,7,0,144,168
40.0,5,0.0,329,686,0,1,0,4,0,58,42
63.0,5,0.0,0,540,551,1,0,6,0,0,0
75.0,6,0.0,0,626,591,1,1,6,1,0,28
69.0,7,0.0,695,948,888,2,1,8,2,0,130
80.0,7,102.0,929,1845,0,2,0,6,1,197,39
69.0,6,0.0,0,1020,1020,2,0,9,0,0,60
75.0,6,0.0,0,1367,0,1,0,5,1,0,30
72.0,7,101.0,0,840,828,2,1,8,0,144,68
69.0,6,472.0,697,1444,700,2,0,7,2,0,98
55.0,3,0.0,0,728,0,1,0,6,0,263,0
44.0,8,481.0,1573,1573,0,2,0,5,1,123,0
65.0,6,0.0,0,798,842,2,1,6,0,138,45
85.0,6,108.0,270,1302,0,2,0,7,0,333,0
70.0,5,0.0,922,1314,0,1,0,5,0,250,0
66.0,7,302.0,0,975,1286,2,1,8,1,192,0
64.0,6,0.0,503,864,864,2,1,7,0,216,56
68.0,7,180.0,1334,1604,0,2,1,8,1,123,110
80.0,7,172.0,361,963,829,2,1,7,1,0,96
70.0,5,0.0,0,0,0,1,0,4,0,0,45
69.0,8,270.0,0,1482,1092,2,1,10,1,0,148
88.0,6,46.0,506,506,0,1,0,6,1,292,12
50.0,5,0.0,234,926,0,1,0,6,0,0,0
78.0,6,210.0,588,1422,0,2,0,7,1,276,0
70.0,6,0.0,714,802,709,2,1,8,1,95,75
60.0,5,0.0,378,720,720,2,1,8,1,262,24
71.0,5,0.0,403,740,0,1,0,4,1,0,25
69.0,6,174.0,751,1143,0,1,1,6,1,370,30
84.0,8,0.0,0,1095,844,2,1,8,1,192,51
73.0,7,0.0,226,1385,0,1,0,5,2,81,0
92.0,8,348.0,524,1152,1106,2,1,9,1,132,57
80.0,6,183.0,620,1240,0,2,0,6,1,289,0
76.0,5,0.0,546,816,0,1,0,5,0,168,0
55.0,7,0.0,0,952,596,2,1,5,0,74,0
107.0,9,315.0,0,2121,0,2,1,8,1,124,98
83.0,7,299.0,392,1160,866,2,1,8,1,288,117
82.0,7,340.0,421,807,807,2,1,7,1,0,84
60.0,6,68.0,905,1262,0,2,0,5,0,0,120
34.0,7,166.0,904,1314,0,2,0,6,1,172,62
74.0,8,72.0,0,1468,0,2,0,6,1,210,150
50.0,6,0.0,430,1575,0,2,0,5,0,0,0
35.0,7,0.0,0,625,625,2,1,5,0,0,54
77.0,6,0.0,600,912,649,1,1,7,1,0,0
69.0,4,0.0,614,858,0,1,0,5,0,0,0
69.0,5,31.0,450,882,0,1,0,5,0,0,0
60.0,6,0.0,0,698,698,1,0,7,0,0,0
55.0,5,0.0,210,780,780,2,0,9,0,0,184
60.0,5,0.0,292,768,568,1,1,8,1,0,0
69.0,7,34.0,795,795,795,2,1,9,1,0,250
80.0,6,238.0,1285,1416,0,1,0,7,2,110,0
37.0,6,0.0,819,1003,0,1,0,6,0,120,0
75.0,5,0.0,420,910,648,1,1,6,0,289,0
66.0,7,1600.0,649,975,975,2,1,7,1,0,10
90.0,6,365.0,384,702,702,1,2,7,1,224,0
80.0,6,0.0,0,1092,0,1,0,6,1,0,36
90.0,5,56.0,841,1165,0,1,0,5,2,0,0
66.0,8,0.0,281,1028,1242,2,1,9,1,208,50
70.0,5,0.0,894,894,0,1,0,5,0,256,0
87.0,7,0.0,0,1470,1818,3,0,10,1,302,0
80.0,8,246.0,1464,2000,0,2,0,8,0,168,0
69.0,6,0.0,0,319,371,1,0,6,0,0,144
69.0,4,0.0,262,861,0,1,0,4,0,158,0
90.0,9,0.0,1274,1896,0,2,0,8,3,208,175
69.0,6,112.0,518,697,804,2,1,6,1,190,63
50.0,6,0.0,680,972,0,1,0,5,1,0,0
65.0,5,0.0,507,793,325,1,0,5,1,0,0
60.0,7,0.0,16,728,809,1,1,6,1,0,0
71.0,7,0.0,425,716,716,2,1,6,1,100,51
94.0,7,278.0,692,845,1200,2,1,10,1,288,195
75.0,8,0.0,0,1088,871,2,1,8,1,208,46
90.0,7,256.0,987,1347,1274,2,1,9,1,340,60
69.0,7,225.0,1036,1372,0,2,0,6,2,233,48
99.0,8,388.0,970,1136,1332,2,1,10,1,184,154
86.0,7,172.0,28,1502,1177,2,1,8,1,201,96
49.0,3,0.0,256,1162,0,1,0,6,0,142,98
96.0,7,300.0,0,710,1080,2,1,11,1,240,0
50.0,5,0.0,116,720,0,1,0,5,0,0,0
32.0,8,0.0,1619,1719,0,1,1,6,2,122,30
80.0,6,175.0,565,1383,0,1,1,7,0,0,45
69.0,6,0.0,0,844,689,2,0,10,0,0,60
60.0,5,0.0,0,596,596,1,0,6,0,0,0
69.0,5,84.0,40,1728,0,2,0,10,0,155,0
70.0,5,0.0,846,1056,0,1,0,6,0,0,0
85.0,8,296.0,1124,3206,0,2,0,7,1,0,0
59.0,7,146.0,720,1358,0,2,0,6,1,192,30
59.0,6,0.0,828,943,695,2,1,7,2,100,38
69.0,5,0.0,1249,1499,167,2,0,7,2,670,0
86.0,9,200.0,1249,1922,0,2,0,8,1,178,51
70.0,7,113.0,810,1536,0,2,0,7,0,192,74
91.0,7,0.0,213,1208,0,2,0,8,0,108,45
66.0,6,176.0,585,1215,0,1,0,6,0,0,0
85.0,8,0.0,0,967,915,2,1,9,0,135,0
60.0,4,0.0,0,721,0,1,0,4,0,250,0
69.0,3,340.0,0,0,0,2,0,6,0,0,0
63.0,9,616.0,28,1684,0,2,0,6,1,495,72
36.0,5,0.0,129,536,576,1,1,4,0,182,0
65.0,6,0.0,0,972,605,1,0,6,1,0,0
69.0,6,0.0,498,958,0,1,0,5,0,0,0
69.0,6,30.0,1270,1478,0,2,0,6,2,0,40
36.0,7,106.0,573,764,862,2,1,6,0,0,27
56.0,9,870.0,1410,1848,880,2,1,10,2,0,0
68.0,9,362.0,0,1869,0,2,0,6,1,210,54
69.0,7,0.0,1082,1453,0,1,1,6,1,0,80
60.0,5,0.0,236,616,495,1,0,5,0,48,0
60.0,6,0.0,0,624,0,1,0,5,0,106,0
60.0,6,0.0,388,940,403,1,0,6,2,0,0
105.0,6,0.0,334,1200,0,2,0,6,0,0,26
69.0,6,106.0,560,1158,0,2,0,6,0,120,26
44.0,5,0.0,874,1142,0,1,1,6,1,536,90
92.0,5,120.0,300,1062,0,1,0,6,0,168,0
78.0,8,530.0,956,1086,838,2,1,7,1,208,75
69.0,6,0.0,773,888,0,1,0,5,1,0,0
69.0,5,0.0,399,883,517,1,0,8,0,0,0
64.0,7,500.0,0,0,1427,3,0,7,1,0,0
69.0,6,120.0,712,796,784,2,1,6,1,306,111
59.0,5,0.0,456,672,672,1,0,6,0,0,128
69.0,6,247.0,609,1394,0,1,1,6,2,0,76
101.0,6,305.0,371,1099,0,1,0,6,1,64,110
78.0,5,200.0,540,1268,0,1,0,7,1,0,98
69.0,5,0.0,72,1063,0,1,0,7,1,364,17
69.0,6,0.0,0,953,711,2,1,7,1,100,40
80.0,4,0.0,0,0,468,2,0,7,1,0,59
50.0,6,0.0,623,744,0,1,0,4,0,353,0
79.0,5,0.0,428,608,0,1,0,5,0,66,0
65.0,7,0.0,0,847,1081,2,1,8,1,100,48
69.0,1,0.0,350,683,0,0,1,4,0,0,0
57.0,5,0.0,298,870,0,1,0,5,0,0,0
102.0,8,0.0,0,1580,886,3,0,8,1,159,214
88.0,9,350.0,1445,1856,0,1,1,8,1,113,0
60.0,6,16.0,0,982,793,2,1,7,1,100,63
50.0,5,0.0,218,1026,665,2,0,6,1,0,0
60.0,7,0.0,0,1293,0,2,0,5,1,216,121
79.0,7,0.0,0,939,858,2,1,8,0,144,53
60.0,6,0.0,0,784,0,1,0,5,0,0,0
69.0,6,0.0,985,1580,874,2,1,9,2,216,231
43.0,8,16.0,24,1256,0,2,0,6,1,146,20
58.0,5,0.0,0,658,526,1,0,8,0,0,151
72.0,6,255.0,631,1041,0,1,0,6,1,296,0
93.0,7,125.0,0,1468,0,2,0,6,0,120,25
96.0,10,272.0,1280,1682,590,2,1,9,1,196,134
50.0,5,0.0,241,861,406,1,0,7,0,0,130
71.0,6,0.0,690,804,1157,2,1,7,1,125,192
69.0,5,0.0,0,0,0,1,0,5,0,0,0
69.0,4,0.0,266,788,0,1,0,4,2,0,0
60.0,5,0.0,0,735,299,1,0,5,0,0,39
68.0,5,0.0,739,1144,0,1,0,6,0,44,0
60.0,5,0.0,777,894,0,1,0,6,0,215,0
69.0,5,288.0,540,864,936,2,0,8,1,0,168
60.0,5,0.0,0,961,0,1,0,6,0,0,0
65.0,7,100.0,812,1092,438,2,0,7,0,0,168
38.0,8,0.0,786,1260,0,1,1,4,2,120,30
65.0,7,0.0,24,1310,0,2,0,6,1,0,0
60.0,5,0.0,0,672,0,1,0,4,0,168,0
93.0,8,650.0,0,1141,1098,2,1,10,1,144,123
69.0,6,0.0,0,806,766,2,1,7,1,0,40
69.0,4,0.0,1116,1281,0,2,0,8,1,120,78
51.0,6,0.0,0,1064,0,1,0,6,0,0,0
63.0,6,0.0,0,840,840,2,0,8,0,0,0
85.0,8,100.0,789,1034,1028,2,1,8,1,0,102
68.0,5,0.0,0,1276,0,1,0,5,0,0,0
100.0,5,0.0,1056,1056,0,1,0,5,0,264,0
69.0,7,432.0,578,1470,0,2,1,7,1,0,144
56.0,5,0.0,0,1008,0,1,0,5,1,0,0
59.0,7,0.0,50,1080,1017,2,1,9,1,196,187
73.0,7,0.0,24,1340,0,2,0,6,0,100,30
74.0,6,203.0,209,672,728,1,1,6,1,0,0
86.0,6,0.0,1128,1370,1254,2,1,10,1,0,0
60.0,5,0.0,312,756,378,1,1,7,0,0,0
65.0,5,0.0,775,1056,0,1,0,6,1,0,85
78.0,7,200.0,1309,1344,0,2,0,8,0,0,0
69.0,6,126.0,1246,1602,0,2,0,8,1,240,0
100.0,5,0.0,0,988,0,1,0,4,0,0,0
80.0,8,473.0,986,1470,1160,2,1,8,1,0,66
72.0,6,74.0,616,1196,0,1,0,6,1,0,44
60.0,7,0.0,0,651,682,1,1,6,2,0,0
69.0,7,145.0,1518,1518,0,2,0,5,1,80,0
77.0,4,0.0,288,907,0,1,0,5,0,0,0
64.0,7,108.0,664,1208,0,2,0,6,0,105,54
60.0,6,0.0,0,901,110,1,0,7,0,0,98
100.0,6,0.0,0,926,678,2,1,7,1,0,36
43.0,7,0.0,385,799,834,2,1,6,1,158,61
40.0,6,0.0,0,648,384,1,0,6,0,0,0
50.0,6,0.0,0,884,0,1,0,4,0,0,0
40.0,5,0.0,365,440,0,1,0,4,1,0,0
67.0,6,0.0,0,684,512,1,0,7,0,0,46
105.0,10,200.0,1767,3094,0,2,0,10,2,0,72
92.0,4,270.0,133,1440,0,2,0,8,0,0,0
52.0,5,0.0,0,1078,445,2,0,8,1,0,0
53.0,7,72.0,0,1258,0,2,0,6,1,144,16
70.0,7,0.0,642,915,975,2,1,8,1,144,133
73.0,6,0.0,0,1436,0,1,0,7,1,0,0
69.0,7,0.0,0,930,930,2,1,10,1,89,0
50.0,6,0.0,0,780,596,2,0,7,1,0,0
50.0,3,0.0,331,649,504,1,1,6,0,0,176
70.0,6,0.0,0,813,0,1,0,5,0,0,113
62.0,7,0.0,655,1533,0,2,0,5,2,200,54
69.0,6,42.0,742,872,868,2,1,7,0,144,122
75.0,8,0.0,0,768,804,2,1,6,0,0,30
63.0,5,0.0,1606,1728,0,2,0,8,0,0,0
80.0,7,320.0,916,1242,0,1,1,6,1,0,0
34.0,5,0.0,0,624,720,1,0,7,0,0,0
69.0,4,0.0,1116,1364,0,1,0,6,2,224,137
69.0,8,0.0,0,588,833,1,0,7,1,192,63
69.0,5,161.0,185,709,224,1,0,5,1,0,0
75.0,8,110.0,544,832,1103,2,1,8,0,0,150
60.0,7,0.0,350,560,560,1,0,6,0,256,0
60.0,5,0.0,553,864,0,1,0,5,1,0,0
74.0,6,0.0,326,715,811,1,1,6,1,0,0
60.0,5,136.0,616,1040,0,2,0,5,0,0,0
69.0,7,18.0,0,1375,0,2,0,6,1,144,20
85.0,7,0.0,778,1277,0,1,0,5,1,0,0
79.0,5,224.0,386,728,756,1,1,7,2,168,0
98.0,8,248.0,0,1626,0,2,0,7,1,0,44
76.0,6,120.0,426,832,878,2,1,7,0,144,70
69.0,8,0.0,368,1488,0,1,1,4,0,0,54
92.0,7,0.0,0,808,808,2,1,8,1,0,0
35.0,6,80.0,459,547,0,1,0,5,0,0,28
41.0,8,0.0,1196,1494,0,2,0,6,0,96,48
80.0,5,0.0,630,970,0,1,0,5,0,0,24
75.0,6,215.0,994,1478,0,2,0,7,1,140,39
105.0,9,772.0,0,2153,574,2,1,9,1,414,84
79.0,8,336.0,1288,1705,0,2,0,7,1,208,44
50.0,4,435.0,168,907,0,1,0,7,0,0,72
98.0,9,378.0,1261,1833,0,2,0,8,1,519,112
72.0,9,562.0,1567,1792,0,2,0,6,1,206,49
50.0,7,0.0,299,910,910,1,1,7,1,0,0
32.0,6,116.0,897,1216,0,2,0,5,0,0,125
69.0,5,0.0,588,999,0,1,0,6,0,0,132
80.0,5,0.0,607,1113,0,1,0,5,1,0,80
79.0,5,168.0,836,1073,0,1,1,6,0,0,0
70.0,5,0.0,998,1484,0,2,0,7,1,224,0
60.0,5,0.0,664,954,648,2,0,10,1,142,0
69.0,5,0.0,0,264,688,1,1,4,1,141,24
79.0,6,0.0,403,806,620,1,0,5,2,0,0
105.0,6,0.0,0,728,728,2,1,8,0,0,0
70.0,5,0.0,374,1269,0,1,1,6,1,0,0
50.0,5,0.0,0,190,0,1,0,4,0,144,20
60.0,4,0.0,495,720,0,1,0,4,0,0,523
69.0,8,0.0,1231,3200,0,3,0,10,1,264,75
60.0,7,0.0,329,1026,687,2,0,8,0,0,100
65.0,5,89.0,450,864,0,1,0,5,0,64,0
70.0,5,0.0,111,912,0,1,0,5,0,12,285
75.0,7,0.0,400,866,902,2,1,7,0,0,108
70.0,5,0.0,698,1214,0,1,0,6,0,0,0
100.0,7,0.0,1247,1501,0,2,0,6,2,0,54
60.0,5,360.0,0,960,1000,2,0,10,0,0,0
80.0,8,125.0,380,777,846,2,1,8,1,182,81
75.0,6,0.0,27,1218,0,2,0,4,0,0,102
60.0,7,0.0,141,689,689,2,0,7,1,0,0
80.0,5,132.0,991,1041,0,1,0,6,0,224,88
75.0,5,70.0,650,1008,0,1,0,6,2,324,42
40.0,7,94.0,0,1368,0,2,0,6,1,132,35
70.0,5,0.0,521,864,0,1,0,5,0,0,0
71.0,6,0.0,336,1084,0,1,1,5,0,120,0
55.0,5,0.0,0,768,0,1,0,5,0,0,0
94.0,10,305.0,1436,2006,0,2,1,9,1,156,54
69.0,6,333.0,0,689,741,2,1,7,1,0,104
79.0,7,921.0,0,1264,1067,2,1,7,1,220,0
69.0,6,0.0,706,794,914,2,1,7,0,0,36
53.0,7,0.0,0,1276,804,1,1,9,2,0,0
60.0,4,0.0,0,0,600,2,0,7,0,220,114
90.0,6,0.0,777,1244,0,1,1,6,2,0,40
50.0,6,0.0,399,1004,660,2,0,7,2,0,24
95.0,7,594.0,719,1379,1015,2,1,8,1,239,60
62.0,7,0.0,0,1257,0,2,0,6,1,38,144
70.0,5,0.0,377,928,0,1,0,4,0,261,0
67.0,9,268.0,1330,1452,1237,2,1,11,1,126,66
58.0,4,0.0,348,528,0,1,0,5,0,0,0
69.0,6,0.0,1219,2035,0,3,0,9,2,0,0
85.0,6,219.0,783,1461,0,2,0,5,1,224,0
60.0,6,0.0,0,611,611,2,0,6,0,0,0
60.0,5,0.0,0,0,0,1,0,5,1,0,0
50.0,1,0.0,0,0,0,1,0,2,0,0,0
74.0,8,0.0,0,707,707,2,1,6,1,100,35
70.0,5,0.0,969,1117,527,1,0,5,0,85,0
57.0,7,0.0,0,880,844,2,1,8,0,120,155
69.0,4,0.0,600,864,0,1,0,5,0,216,0
69.0,5,188.0,673,1051,0,1,1,7,1,466,0
69.0,8,479.0,1358,1581,0,2,0,6,1,180,0
85.0,9,584.0,1260,1838,0,2,0,8,1,270,68
69.0,8,72.0,0,969,1288,2,1,8,1,0,56
78.0,7,0.0,144,1650,0,2,0,7,1,78,73
34.0,7,182.0,584,723,0,1,0,4,0,120,40
58.0,7,0.0,554,654,832,2,1,7,1,100,24
69.0,7,178.0,1002,1204,806,2,1,9,0,0,0
70.0,6,0.0,300,1065,720,1,1,6,1,0,38
54.0,5,0.0,619,768,0,1,0,5,0,104,0
49.0,5,0.0,180,825,0,1,0,4,0,140,50
75.0,7,0.0,0,912,1182,2,1,8,1,182,182
53.0,6,0.0,559,1069,0,2,0,4,0,0,55
50.0,5,0.0,308,928,0,1,0,5,0,0,0
87.0,8,250.0,0,1709,0,2,0,7,1,169,39
67.0,4,0.0,0,0,0,2,0,5,0,0,96
85.0,7,292.0,866,998,1040,2,1,8,1,320,62
58.0,5,0.0,0,993,0,1,0,5,1,0,0
69.0,5,0.0,895,1092,0,1,0,6,1,268,0
60.0,4,0.0,637,637,439,1,1,7,0,0,47
57.0,7,0.0,604,729,717,2,1,6,1,264,22
69.0,7,18.0,0,1374,0,2,0,7,1,143,20
69.0,5,180.0,1302,1392,0,1,1,5,1,0,0
77.0,5,0.0,1071,1389,0,1,0,6,1,240,38
63.0,5,0.0,290,996,0,1,0,6,1,144,0
66.0,6,0.0,0,1163,511,2,0,8,1,72,36
69.0,7,0.0,728,1095,1129,2,1,9,1,0,40
66.0,6,0.0,0,806,806,1,1,6,0,0,66
77.0,9,245.0,0,1122,1370,2,1,11,1,144,39
70.0,7,168.0,2,1517,0,2,0,7,0,0,0
79.0,8,0.0,1441,1496,636,1,1,5,1,349,40
69.0,5,0.0,943,943,0,1,0,4,2,42,0
74.0,5,108.0,231,1728,0,2,0,10,0,0,0
60.0,6,207.0,414,864,0,1,0,4,0,168,0
83.0,7,0.0,0,846,846,2,1,6,0,208,114
76.0,7,0.0,0,384,656,2,1,8,1,100,0
70.0,5,82.0,349,372,533,1,0,5,0,35,0
80.0,5,0.0,442,832,384,1,0,6,0,158,0
52.0,7,0.0,0,861,600,2,0,6,1,0,50
96.0,5,97.0,328,1164,0,1,0,6,2,160,68
34.0,7,0.0,0,689,689,2,0,5,0,0,102
81.0,5,335.0,0,1050,745,2,0,7,0,0,0
69.0,6,85.0,594,1144,0,1,0,7,2,216,110
98.0,8,306.0,0,2042,0,2,1,8,1,0,90
81.0,6,104.0,816,816,0,1,0,5,0,0,32
75.0,10,0.0,0,1237,1254,3,1,9,1,105,502
51.0,4,0.0,0,884,584,1,0,6,0,0,0
88.0,8,208.0,1460,1868,0,2,0,7,2,326,66
55.0,6,0.0,210,816,0,1,0,5,0,0,0
74.0,5,0.0,672,840,0,1,0,4,0,0,0
65.0,5,0.0,1324,1437,0,1,0,5,2,0,48
50.0,5,0.0,0,742,0,1,0,4,0,0,0
64.0,7,0.0,490,770,812,2,1,6,0,0,45
97.0,10,420.0,1338,1722,568,2,1,10,1,382,274
60.0,5,0.0,816,816,0,1,0,4,0,0,0
69.0,6,170.0,685,848,0,1,0,4,0,140,0
88.0,5,0.0,0,924,0,1,0,5,0,0,0
69.0,8,238.0,1422,1814,0,2,0,7,1,180,75
60.0,6,0.0,0,684,684,1,0,7,0,0,158
53.0,7,72.0,0,1258,0,0,2,7,1,120,16
80.0,5,459.0,1283,1430,0,2,0,7,1,0,0
74.0,8,280.0,546,1058,846,2,1,8,1,179,60
50.0,6,0.0,0,780,595,1,1,6,1,0,162
80.0,8,0.0,789,908,988,2,1,8,1,120,150
88.0,7,99.0,922,1494,0,2,0,6,1,192,36
85.0,7,176.0,454,768,800,2,1,7,3,0,42
82.0,5,0.0,732,1040,0,1,0,6,0,168,0
78.0,5,0.0,603,896,896,3,0,8,0,103,0
78.0,8,0.0,428,965,1254,2,1,10,2,0,0
61.0,4,192.0,903,1029,0,1,0,5,0,64,0
69.0,9,204.0,904,1440,677,2,1,8,2,253,142
69.0,6,233.0,605,1032,0,2,0,6,1,0,0
69.0,8,108.0,990,1299,573,2,1,7,1,160,122
70.0,5,0.0,206,1120,0,1,0,6,0,0,30
80.0,6,156.0,763,936,0,1,0,6,0,120,0
69.0,6,0.0,457,783,702,2,1,7,1,100,75
59.0,6,0.0,0,832,0,1,0,4,0,0,0
90.0,9,452.0,48,1822,0,2,0,9,1,0,108
85.0,8,226.0,871,1482,780,2,1,10,2,168,0
45.0,3,0.0,41,864,0,1,0,5,0,0,0
90.0,6,0.0,956,1522,1066,2,1,9,1,38,243
71.0,5,153.0,560,980,0,1,0,6,0,192,0
69.0,6,513.0,420,756,756,2,1,4,1,0,32
80.0,6,288.0,247,732,778,1,2,8,1,148,0
87.0,6,261.0,0,1116,0,1,1,5,0,0,0
69.0,5,0.0,0,978,0,1,0,6,1,0,0
80.0,6,164.0,674,1156,0,1,0,7,2,0,0
70.0,5,192.0,650,1040,1040,1,2,9,2,335,0
82.0,6,259.0,624,1248,0,1,1,6,0,176,0
50.0,5,0.0,0,636,661,1,0,8,0,0,0
34.0,8,108.0,24,1554,0,2,0,6,1,156,73
85.0,7,209.0,822,1386,0,2,0,6,1,192,0
80.0,5,0.0,480,1056,0,1,0,6,0,390,0
64.0,6,0.0,1056,1056,0,0,0,4,0,264,56
60.0,6,0.0,256,1440,1440,2,0,14,0,0,110
51.0,2,0.0,0,264,0,1,0,4,1,0,0
50.0,5,0.0,0,811,576,2,0,7,0,0,0
67.0,5,0.0,0,796,0,1,0,4,0,328,0
53.0,8,0.0,1154,1520,0,2,0,7,1,312,0
62.0,8,472.0,1218,1518,0,1,1,6,1,185,140
69.0,7,0.0,738,1057,872,2,1,7,1,0,235
75.0,8,0.0,1410,1952,704,2,1,9,3,269,111
80.0,5,263.0,493,780,840,2,1,7,0,208,0
85.0,9,162.0,1121,1766,0,2,1,7,1,195,130
69.0,6,0.0,282,981,0,1,1,5,0,0,312
60.0,5,0.0,0,0,0,1,0,7,0,0,27
85.0,6,216.0,500,1094,0,1,0,5,2,0,0
70.0,6,351.0,0,756,788,1,1,7,1,0,124
65.0,7,0.0,0,813,843,2,1,7,0,0,0
60.0,4,0.0,0,755,755,1,0,7,1,120,0
70.0,7,0.0,0,880,807,2,1,7,1,0,120
60.0,6,0.0,0,756,713,1,0,7,0,57,0
91.0,8,660.0,1696,2109,0,2,1,7,1,236,46
72.0,5,54.0,806,1053,0,1,1,5,0,0,0
60.0,7,0.0,0,776,651,1,1,6,1,0,0
78.0,6,0.0,0,912,546,1,0,6,1,192,0
75.0,5,0.0,637,1486,0,1,0,7,0,0,0
69.0,7,233.0,0,793,793,2,1,7,1,0,113
52.0,8,528.0,1361,1629,762,2,1,8,1,517,76
90.0,4,0.0,920,1138,0,2,0,6,0,0,0
49.0,8,0.0,1721,2077,0,1,1,8,1,192,267
106.0,8,40.0,0,1406,482,2,1,7,1,188,124
69.0,6,113.0,187,1021,915,2,1,7,1,0,265
65.0,6,258.0,1138,1408,0,2,0,7,1,224,42
69.0,5,0.0,988,1188,0,1,1,6,1,304,0
80.0,4,0.0,0,700,0,1,0,5,1,0,0
64.0,6,0.0,193,738,738,2,1,7,0,100,35
54.0,6,0.0,551,672,672,2,0,6,0,147,0
69.0,6,0.0,767,1208,0,1,1,6,1,198,42
80.0,6,0.0,892,1136,0,1,0,5,1,426,0
60.0,4,0.0,0,1095,679,2,0,8,0,0,0
52.0,5,0.0,0,768,0,1,0,5,0,316,0
80.0,8,464.0,0,2046,0,2,1,7,1,322,82
69.0,5,57.0,827,988,0,1,0,5,0,0,0
50.0,6,0.0,543,923,0,2,0,5,1,80,0
55.0,5,0.0,182,793,672,1,0,6,0,0,0
69.0,6,0.0,1003,1291,0,1,0,6,1,307,0
90.0,9,215.0,1059,1626,0,2,0,7,1,257,45
58.0,7,30.0,0,1195,644,2,1,7,0,0,81
69.0,7,0.0,828,1190,900,2,0,6,1,219,0
84.0,7,0.0,0,874,887,3,0,7,0,144,105
69.0,7,0.0,239,551,551,2,1,4,0,0,60
60.0,8,0.0,945,1419,0,2,0,7,1,140,0
61.0,6,256.0,20,1362,0,2,0,6,1,192,28
69.0,6,147.0,697,848,0,1,0,3,1,149,0
104.0,10,1170.0,1455,2444,1872,3,1,10,2,382,50
42.0,7,293.0,965,1210,1281,2,1,9,2,320,27
60.0,5,0.0,0,1073,0,1,0,4,0,0,0
51.0,5,0.0,0,927,472,1,1,5,0,112,0
54.0,6,72.0,980,1112,0,2,0,5,1,125,0
50.0,5,0.0,616,616,0,1,0,4,0,0,0
57.0,5,0.0,210,980,0,1,0,6,0,0,0
65.0,5,0.0,553,894,0,1,0,5,1,416,144
59.0,7,0.0,16,1391,0,2,0,5,0,156,158
85.0,8,630.0,1274,1800,0,2,0,7,1,270,78
80.0,7,168.0,0,1164,0,1,1,6,0,0,0
82.0,8,466.0,0,1234,1312,2,1,10,1,324,100
76.0,5,0.0,0,360,780,2,0,8,1,344,0
70.0,7,109.0,712,1473,0,2,0,7,0,0,35
70.0,4,0.0,0,0,720,2,0,7,0,0,0
69.0,7,351.0,1219,1643,0,2,0,5,2,380,48
48.0,8,176.0,863,1324,0,2,0,6,1,192,38
65.0,7,0.0,0,728,728,2,1,8,1,100,24
69.0,5,41.0,0,876,0,1,0,6,0,0,0
56.0,3,0.0,0,270,0,1,0,5,0,0,0
66.0,4,0.0,0,859,319,1,0,7,0,68,0
40.0,8,0.0,767,1228,0,2,0,5,1,168,120
60.0,4,160.0,789,960,0,1,0,6,0,0,288
69.0,6,289.0,533,725,754,2,1,6,0,0,44
78.0,6,174.0,0,1064,0,2,0,7,1,0,0
60.0,7,0.0,0,718,978,1,1,8,0,0,48
80.0,5,0.0,1084,1176,0,1,1,5,1,224,0
96.0,7,651.0,1173,1311,1093,2,1,9,1,250,154
69.0,5,0.0,523,971,0,1,1,5,1,0,0
69.0,8,0.0,1148,1742,0,2,0,5,1,114,28
69.0,6,169.0,662,848,0,1,0,3,0,160,0
70.0,4,0.0,191,864,0,1,0,5,0,0,0
60.0,4,0.0,0,941,473,2,0,7,0,0,0
86.0,9,340.0,1234,1698,0,2,0,8,1,327,64
60.0,4,0.0,375,864,0,1,0,5,0,96,0
69.0,6,260.0,808,880,0,2,0,5,1,292,44
64.0,7,82.0,724,1232,0,2,0,6,0,132,0
85.0,5,95.0,0,1584,0,2,0,9,0,0,25
52.0,4,0.0,152,780,0,1,0,5,0,0,23
39.0,8,0.0,1180,1595,0,2,0,5,1,237,152
73.0,7,442.0,786,868,0,2,0,6,1,160,22
75.0,7,202.0,252,1153,878,2,1,8,1,192,84
80.0,5,0.0,594,864,0,1,0,6,1,165,0
69.0,5,0.0,0,948,0,1,0,6,0,147,0
60.0,7,0.0,390,880,888,1,1,6,2,0,341
60.0,3,0.0,0,0,0,2,0,6,0,0,0
72.0,8,0.0,0,893,900,2,1,8,1,0,116
60.0,5,0.0,1200,1200,0,3,0,5,0,120,0
65.0,7,0.0,0,864,864,2,1,7,0,187,56
60.0,5,0.0,0,264,664,2,0,7,0,270,0
65.0,6,0.0,832,912,0,1,0,5,0,168,0
65.0,7,108.0,0,1349,0,2,0,6,0,120,55
70.0,5,0.0,444,520,0,2,0,6,1,302,0
41.0,8,0.0,733,1337,0,2,0,5,1,96,0
69.0,8,289.0,575,1142,1540,3,1,11,2,0,204
69.0,7,0.0,300,952,1276,2,1,8,1,224,54
65.0,7,0.0,0,1240,1320,1,1,8,1,181,0
59.0,7,338.0,919,1720,0,2,0,7,1,240,56
50.0,4,0.0,0,0,441,2,0,9,0,92,0
55.0,4,0.0,0,576,348,1,0,7,0,0,160
69.0,7,0.0,0,660,660,2,1,6,0,0,48
79.0,6,0.0,1200,1479,0,2,0,6,0,168,27
80.0,8,178.0,0,1030,1060,2,1,8,1,192,52
61.0,6,0.0,439,1026,0,1,0,5,0,171,48
34.0,6,894.0,381,729,729,2,1,6,0,0,24
68.0,8,0.0,20,866,902,2,1,7,0,144,105
69.0,6,328.0,438,672,714,2,1,6,1,335,0
65.0,8,513.0,56,1318,1203,2,1,9,1,222,98
70.0,6,0.0,612,864,0,1,0,5,0,0,0
60.0,5,0.0,405,1145,0,1,0,5,0,0,0
72.0,7,0.0,24,756,783,2,1,7,0,169,45
82.0,8,673.0,1163,1252,1097,2,1,8,1,0,128
75.0,9,284.0,0,1498,0,2,0,6,1,0,174
80.0,7,42.0,394,980,734,2,1,7,1,228,66
75.0,6,0.0,660,983,767,2,0,7,0,245,0
70.0,7,0.0,24,1860,0,2,0,8,1,120,33
47.0,8,603.0,1416,1650,1589,3,1,12,1,503,36
69.0,5,0.0,685,858,0,1,0,5,0,120,0
67.0,4,0.0,836,836,0,1,0,6,0,0,0
94.0,6,0.0,422,1029,0,1,0,6,1,144,0
70.0,5,1.0,456,912,0,1,0,5,0,0,0
32.0,6,320.0,866,1204,0,2,0,5,0,0,247
86.0,7,240.0,20,1614,0,2,0,7,0,144,59
100.0,5,0.0,762,864,0,1,0,5,1,241,0
60.0,5,320.0,0,0,0,2,0,10,2,0,0
78.0,6,90.0,975,975,0,1,0,4,0,0,0
63.0,7,38.0,0,1237,0,2,0,6,1,220,21
65.0,6,0.0,387,761,793,2,1,7,0,0,124
67.0,7,0.0,0,1413,0,2,0,6,0,0,33
69.0,5,104.0,1097,1097,0,1,0,4,1,303,30
35.0,6,0.0,0,742,742,2,0,9,1,0,291
69.0,6,0.0,251,1372,0,2,0,7,1,0,0
60.0,5,0.0,686,686,686,2,0,7,0,0,0
76.0,7,0.0,656,956,1128,2,1,8,0,0,45
50.0,4,0.0,0,901,0,1,0,4,0,0,0
69.0,6,157.0,568,832,1111,2,1,9,0,133,168
43.0,7,11.0,16,1145,0,2,0,5,1,100,16
69.0,6,0.0,539,1029,0,1,0,5,2,120,0
92.0,7,0.0,862,1117,886,2,1,8,1,180,130
76.0,8,140.0,0,1496,0,2,0,7,0,168,130
69.0,7,0.0,0,712,809,2,1,7,1,143,46
70.0,6,130.0,0,650,676,2,1,7,1,0,50
71.0,6,148.0,0,660,0,1,1,7,1,138,0
57.0,5,0.0,570,773,0,1,0,4,0,0,0
104.0,9,860.0,0,1926,1174,3,1,11,2,144,78
60.0,5,252.0,569,731,787,1,1,7,2,0,0
79.0,6,0.0,462,616,1072,2,1,8,0,403,114
40.0,4,0.0,197,1196,0,1,0,5,0,0,0
63.0,7,0.0,648,728,728,2,1,7,1,36,18
107.0,9,424.0,0,1734,1088,3,1,12,1,52,170
75.0,5,0.0,812,936,0,1,0,5,0,0,0
91.0,7,256.0,0,1417,0,2,0,6,0,0,60
75.0,5,0.0,400,980,0,2,0,6,0,68,0
85.0,5,1047.0,516,1024,0,1,0,6,1,0,0
90.0,5,0.0,0,849,1063,2,0,11,0,40,156
78.0,6,99.0,663,1040,0,1,1,5,1,265,0
69.0,6,169.0,662,848,0,1,0,4,1,140,0
66.0,5,0.0,0,540,0,1,0,4,0,0,0
75.0,6,243.0,608,1442,0,1,1,7,0,0,0
45.0,5,0.0,0,686,564,1,1,7,0,207,0
48.0,7,442.0,0,1649,0,2,0,6,0,0,34
69.0,5,0.0,486,1008,0,1,0,4,1,0,0
69.0,8,148.0,1218,1568,0,2,0,7,2,150,59
80.0,6,80.0,504,1010,0,1,0,6,0,0,0
44.0,7,128.0,733,1358,0,2,0,6,1,192,35
72.0,7,0.0,0,798,842,2,1,6,0,0,45
60.0,4,0.0,0,936,0,1,0,4,0,0,32
69.0,7,0.0,0,847,886,2,1,7,1,100,48
60.0,6,0.0,0,778,545,2,0,7,1,335,0
81.0,8,0.0,0,1489,0,2,0,7,1,0,140
50.0,5,0.0,784,784,0,1,0,5,0,0,0
65.0,7,0.0,20,1454,0,2,0,6,1,290,39
69.0,5,0.0,249,1013,966,2,1,7,0,486,0
80.0,6,387.0,1040,1392,0,1,1,6,2,0,0
44.0,7,223.0,483,941,888,2,1,7,1,192,39
100.0,6,180.0,196,1516,0,1,1,6,0,0,0
75.0,5,136.0,572,1144,0,1,0,6,0,0,0
60.0,4,0.0,442,1067,0,2,0,4,0,290,0
90.0,5,0.0,338,1559,0,1,0,5,0,0,116
75.0,5,0.0,0,1099,0,1,1,6,0,278,0
70.0,5,0.0,352,768,432,1,0,6,0,0,0
69.0,6,0.0,156,672,672,2,0,7,0,0,0
60.0,5,0.0,0,650,581,2,0,8,1,70,78
82.0,6,183.0,312,1127,0,1,1,6,0,0,129
80.0,5,0.0,0,1800,0,2,0,10,0,0,0
100.0,5,0.0,0,876,540,1,1,7,1,418,0
69.0,5,0.0,1390,1390,0,2,0,6,2,0,0
75.0,7,137.0,513,740,769,2,1,7,1,234,72
36.0,5,0.0,460,864,0,1,0,5,1,0,0
75.0,6,0.0,0,907,1051,3,0,10,1,486,40
80.0,6,360.0,0,528,761,2,1,7,1,113,100
36.0,6,170.0,659,848,0,1,0,3,0,140,0
69.0,8,40.0,0,1273,0,2,0,7,1,143,20
53.0,7,0.0,364,918,728,2,0,7,2,0,0
69.0,6,115.0,564,1127,0,1,1,7,1,180,0
102.0,5,0.0,306,1763,0,1,1,6,1,0,418
69.0,5,0.0,659,1040,0,1,1,6,0,0,104
69.0,6,0.0,505,940,0,1,0,5,0,0,0
65.0,6,0.0,0,702,779,2,1,6,1,0,36
80.0,7,189.0,0,1090,0,2,0,6,1,0,0
69.0,6,220.0,619,1054,1142,2,1,9,1,0,65
55.0,7,0.0,0,912,514,1,1,7,1,0,240
75.0,5,0.0,841,1039,0,1,1,6,0,0,0
81.0,6,0.0,338,1040,0,2,0,6,0,0,0
70.0,5,0.0,1148,1148,0,1,0,6,0,0,0
72.0,7,0.0,0,1372,0,2,0,6,0,0,140
69.0,5,76.0,828,1002,0,1,0,5,0,0,0
67.0,8,274.0,0,1638,0,2,0,6,1,192,80
85.0,4,0.0,932,1040,0,1,1,5,0,168,0
69.0,5,0.0,0,0,720,2,0,7,1,120,144
80.0,7,246.0,750,1050,887,2,1,8,1,156,90
60.0,5,0.0,0,894,0,1,0,5,0,0,0
70.0,6,116.0,505,804,878,2,1,7,0,0,77
74.0,5,0.0,0,105,0,1,0,5,0,196,0
60.0,5,0.0,375,832,0,1,0,6,1,0,28
52.0,5,0.0,0,676,455,1,1,5,0,26,0
75.0,8,0.0,64,1184,1426,2,1,11,1,208,364
94.0,4,0.0,633,1064,0,1,0,5,0,0,0
74.0,9,216.0,1170,1462,762,2,1,10,1,184,0
88.0,5,0.0,899,1109,0,1,0,6,0,192,0
69.0,5,90.0,646,864,0,1,0,6,0,0,0
60.0,5,0.0,980,1090,0,1,1,5,0,0,49
44.0,7,117.0,902,1156,530,2,1,7,1,168,36
69.0,6,0.0,0,808,785,2,1,7,1,342,40
60.0,4,0.0,0,795,795,1,0,10,0,0,188
65.0,5,60.0,432,892,0,1,0,5,0,0,0
50.0,9,60.0,1238,1698,0,2,0,5,1,97,65
70.0,5,122.0,528,1626,0,2,0,8,0,272,54
59.0,5,0.0,0,816,521,1,1,8,0,121,0
95.0,8,0.0,351,2217,0,2,0,8,1,81,207
60.0,5,0.0,0,672,252,1,0,6,1,0,0
70.0,6,92.0,226,918,765,2,1,7,1,243,0
70.0,6,0.0,663,1059,0,1,0,6,0,192,0
69.0,5,0.0,1064,1383,0,1,0,6,1,511,116
64.0,5,0.0,0,0,0,2,0,8,0,0,0
71.0,6,415.0,400,780,813,1,1,8,1,0,50
50.0,4,0.0,285,951,0,1,0,6,0,0,28
64.0,5,0.0,0,0,1120,2,0,12,0,154,0
100.0,9,760.0,2188,2330,0,2,1,11,2,0,67
65.0,5,0.0,465,912,0,1,0,6,1,0,0
69.0,4,0.0,322,858,0,1,0,4,0,0,0
64.0,5,0.0,860,992,0,1,0,5,0,0,0
63.0,7,0.0,0,783,702,2,1,8,1,0,75
50.0,7,27.0,0,1670,0,2,0,7,1,144,60
69.0,5,75.0,599,876,0,1,0,6,0,0,0
80.0,5,110.0,354,1056,0,1,0,6,0,0,0
86.0,7,0.0,223,1017,1037,1,1,6,1,0,0
69.0,5,0.0,301,864,0,1,0,5,0,164,0
80.0,5,361.0,443,1105,1169,2,0,12,0,0,0
69.0,5,0.0,196,1268,0,1,1,5,0,173,0
51.0,5,0.0,489,768,0,1,0,6,0,0,0
82.0,5,0.0,284,1001,1001,2,0,8,0,0,0
50.0,2,0.0,50,480,0,0,0,4,0,0,0
69.0,4,0.0,1059,1134,0,1,0,6,0,0,0
103.0,7,0.0,48,1104,1215,2,1,8,1,72,192
87.0,6,0.0,528,1184,0,1,0,6,1,0,51
70.0,6,105.0,814,928,785,2,1,7,0,300,87
67.0,5,0.0,1084,1272,928,2,2,9,0,0,70
65.0,6,0.0,28,1316,0,2,0,6,1,100,0
50.0,6,0.0,165,1604,0,2,0,5,1,0,69
79.0,6,157.0,625,1686,0,2,0,7,1,384,131
69.0,5,0.0,767,1126,0,2,0,6,0,180,0
93.0,8,340.0,0,1181,1140,2,1,10,1,104,100
69.0,7,342.0,552,832,880,2,1,9,1,0,43
69.0,8,0.0,0,1753,0,2,0,7,1,202,151
69.0,7,285.0,0,964,1243,2,1,8,1,0,0
73.0,8,0.0,16,1466,0,2,0,7,0,100,18
70.0,5,0.0,338,925,0,1,0,5,0,0,0
84.0,9,302.0,0,1905,0,2,0,8,1,0,191
63.0,7,210.0,20,1500,0,2,0,6,0,192,36
52.0,4,108.0,0,600,0,1,0,5,0,0,0
67.0,7,0.0,833,1176,0,2,0,5,0,0,41
75.0,7,0.0,341,1113,858,2,1,8,1,0,48
73.0,7,0.0,464,1391,571,2,1,7,0,0,90
69.0,7,0.0,0,1032,1196,2,0,10,2,56,0
55.0,6,0.0,936,1728,0,2,0,8,0,40,0
69.0,7,298.0,772,992,1038,2,1,8,1,0,0
42.0,4,0.0,1440,1440,0,2,0,8,0,321,0
100.0,5,0.0,0,1632,0,2,0,8,0,0,0
69.0,6,541.0,111,819,0,1,0,7,1,0,118
98.0,5,0.0,1088,1088,561,1,0,7,0,48,0
70.0,5,128.0,748,1144,0,1,0,6,1,86,0
85.0,8,236.0,1300,1616,0,2,0,9,1,0,252
65.0,7,144.0,0,936,840,2,1,7,1,144,96
78.0,6,0.0,982,1161,0,1,1,5,1,0,0
60.0,5,0.0,398,864,0,1,0,5,0,194,0
60.0,5,0.0,641,828,0,1,0,6,0,421,0
60.0,5,0.0,660,768,0,1,0,5,0,192,0
69.0,5,232.0,562,784,800,2,1,7,1,305,189
35.0,6,250.0,945,945,0,2,0,4,0,0,0
82.0,6,423.0,484,979,979,2,0,8,0,0,0
70.0,5,0.0,417,1057,0,1,0,6,0,0,0
65.0,7,0.0,699,1337,0,2,0,6,0,0,39
50.0,5,0.0,696,858,0,1,0,4,0,117,0
69.0,6,424.0,896,1330,1330,2,1,11,1,550,282
80.0,7,44.0,624,817,1070,2,1,8,1,0,40
65.0,6,0.0,0,783,701,2,1,8,1,0,72
69.0,5,151.0,902,1098,0,1,0,6,0,0,0
50.0,3,0.0,0,600,368,1,0,6,0,0,0
75.0,6,105.0,513,588,0,1,0,6,0,0,0
60.0,4,0.0,0,720,472,1,1,6,0,0,0
36.0,7,106.0,567,764,862,2,0,6,0,0,27
55.0,6,0.0,0,918,0,2,0,5,1,28,0
95.0,7,0.0,0,1428,0,2,0,6,0,0,120
60.0,7,0.0,0,728,883,1,0,8,0,509,135
69.0,7,0.0,641,673,709,2,1,6,0,153,50
51.0,4,0.0,0,440,0,1,0,4,0,0,0
35.0,7,0.0,1106,1241,0,1,1,4,0,0,116
68.0,4,0.0,552,894,0,1,0,5,0,0,0
80.0,5,0.0,651,1121,0,1,0,5,0,0,80
69.0,7,210.0,867,944,0,1,0,6,0,144,76
98.0,8,975.0,854,1225,1336,2,1,8,1,250,0
43.0,7,16.0,0,1266,0,2,0,6,1,100,16
69.0,8,0.0,0,1128,1141,2,1,9,1,0,0
75.0,5,0.0,0,0,432,2,0,8,0,0,0
68.0,5,0.0,1040,1164,0,1,0,5,0,0,48
59.0,6,0.0,0,485,634,1,0,5,0,394,0
83.0,9,450.0,1646,1930,0,2,1,8,1,168,95
69.0,6,298.0,156,848,912,2,1,8,1,0,224
65.0,7,0.0,0,770,798,2,1,6,0,0,50
82.0,8,423.0,1074,1396,985,2,1,7,1,0,70
80.0,6,340.0,536,822,831,2,1,7,1,239,42
68.0,6,0.0,0,750,750,2,1,6,0,0,35
96.0,10,230.0,1172,1700,0,2,0,7,1,216,48
51.0,4,0.0,384,747,456,1,1,5,0,0,57
69.0,5,0.0,915,1050,0,1,0,6,0,0,319
69.0,6,571.0,0,1442,0,2,0,6,1,371,0
60.0,3,0.0,0,1007,0,1,0,6,1,0,100
64.0,7,24.0,686,1187,0,2,0,6,0,105,61
74.0,3,0.0,0,0,0,1,0,4,0,0,0
60.0,5,0.0,0,691,0,1,0,4,0,0,20
75.0,8,53.0,24,1574,0,2,0,7,1,144,104
69.0,5,164.0,0,1680,0,2,0,8,0,0,0
43.0,7,16.0,16,1346,0,2,0,7,1,156,0
65.0,5,220.0,595,985,0,2,0,6,0,210,0
69.0,6,0.0,1237,1657,0,2,0,7,1,0,0
43.0,7,108.0,0,1710,0,2,0,7,1,100,48
60.0,5,0.0,0,1008,0,2,0,7,0,0,0
75.0,5,0.0,0,0,0,2,0,8,0,0,0
55.0,6,0.0,0,602,602,1,1,7,2,96,0
60.0,5,0.0,247,1022,0,1,0,4,0,0,30
60.0,6,206.0,336,1082,0,1,0,5,1,0,130
70.0,8,0.0,643,810,855,2,1,6,0,0,45
73.0,7,196.0,690,1504,0,2,0,6,1,115,66
69.0,8,0.0,1036,1220,0,1,0,4,1,63,0
69.0,7,76.0,0,384,670,2,1,7,1,164,0
43.0,7,145.0,16,1362,0,2,0,6,1,142,20
60.0,4,0.0,1024,1132,0,1,1,5,0,252,64
64.0,7,84.0,684,1199,0,2,0,6,0,105,54
52.0,5,0.0,324,912,336,1,0,6,0,0,0
43.0,7,14.0,16,1346,0,2,0,7,1,156,20
69.0,8,0.0,1165,1565,0,2,0,10,1,0,72
70.0,5,0.0,138,882,0,1,0,5,0,96,0
73.0,5,324.0,697,1268,0,1,0,6,2,0,0
71.0,8,338.0,1513,1638,0,2,0,7,1,192,44
79.0,5,0.0,368,768,408,1,0,6,1,0,0
69.0,5,0.0,0,686,980,2,0,10,0,0,0
102.0,7,0.0,523,824,998,2,1,12,2,136,63
69.0,8,0.0,1012,1338,1168,2,1,10,1,209,55
69.0,7,295.0,986,1654,0,2,0,6,0,0,136
50.0,5,0.0,0,920,0,1,0,5,1,0,0
69.0,4,0.0,0,0,0,1,0,5,0,186,0
89.0,9,70.0,1022,1620,0,2,0,6,1,228,0
69.0,8,396.0,0,1055,1208,2,1,7,1,0,45
88.0,5,67.0,168,1134,0,2,0,8,1,0,0
69.0,6,252.0,400,800,832,1,1,7,0,0,40
34.0,6,135.0,900,1306,0,2,0,5,1,170,63
86.0,7,99.0,1085,1475,797,2,1,10,1,192,121
80.0,8,0.0,1104,2524,0,2,1,9,1,474,120
69.0,3,0.0,0,0,0,2,0,8,1,0,0
85.0,9,208.0,240,1992,876,3,1,11,1,214,108
57.0,5,0.0,686,990,0,1,0,5,0,0,0
100.0,5,75.0,0,0,0,1,0,9,1,0,0
60.0,4,0.0,0,0,0,1,0,6,0,0,0
73.0,7,0.0,0,1302,0,2,0,6,0,0,22
103.0,7,0.0,0,1316,0,2,0,6,1,0,20
100.0,6,272.0,442,816,850,1,1,9,1,0,52
68.0,5,145.0,383,1216,0,1,0,7,1,116,78
90.0,8,210.0,932,1065,898,2,1,7,1,199,60
104.0,6,160.0,644,1193,0,2,0,7,1,0,0
43.0,7,240.0,659,1364,0,2,0,6,1,192,36
69.0,7,0.0,595,973,871,2,1,7,1,168,98
96.0,9,154.0,936,1104,1054,2,1,10,1,0,102
69.0,6,480.0,297,854,895,1,1,7,1,0,0
41.0,8,0.0,616,1338,0,2,0,6,0,0,0
85.0,5,0.0,0,662,915,2,0,10,0,0,57
50.0,6,0.0,397,1103,0,1,0,5,1,166,120
69.0,5,200.0,740,1154,0,1,1,6,1,0,58
80.0,7,0.0,1201,1306,954,2,1,7,0,296,44
59.0,6,0.0,0,799,772,2,1,7,1,0,40
80.0,6,360.0,674,780,813,1,1,7,0,328,128
42.0,6,0.0,837,942,1230,2,1,10,1,728,20
60.0,5,0.0,220,845,0,1,0,4,0,0,0
72.0,5,120.0,586,1048,0,1,0,6,0,0,20
78.0,6,0.0,298,727,727,1,1,8,0,0,0
50.0,5,0.0,0,810,454,1,0,7,1,0,0
75.0,6,140.0,535,690,728,1,1,6,0,252,0
74.0,7,0.0,0,1240,0,2,0,5,0,140,93
75.0,7,0.0,410,800,780,1,1,6,2,0,0
60.0,5,0.0,626,796,370,2,0,7,1,436,21
69.0,5,0.0,75,1096,0,1,0,6,0,240,32
37.0,6,169.0,662,848,0,1,0,3,1,140,0
65.0,5,0.0,495,990,0,1,0,5,0,0,64
80.0,6,144.0,656,1258,0,2,0,5,0,55,0
75.0,5,0.0,824,1040,0,1,1,5,0,0,0
70.0,7,100.0,0,1459,0,2,0,6,1,192,39
80.0,6,425.0,553,1251,0,1,0,6,2,0,116
69.0,6,0.0,592,691,807,2,1,6,1,315,44
73.0,6,0.0,747,936,0,1,0,5,0,120,0
69.0,4,0.0,334,546,546,1,1,6,0,120,96
85.0,8,0.0,0,1082,871,2,1,9,1,160,50
37.0,8,0.0,1039,1247,0,1,1,4,1,0,84
60.0,3,0.0,0,0,0,2,0,6,0,0,0
60.0,6,0.0,423,1181,304,2,0,7,1,342,0
71.0,5,166.0,661,864,0,1,1,6,0,0,64
74.0,5,0.0,248,936,0,1,0,4,0,0,0
78.0,6,0.0,24,1314,0,2,0,6,1,0,22
60.0,6,0.0,0,684,582,1,1,7,0,136,0
69.0,8,0.0,0,1074,0,1,1,5,0,0,74
50.0,4,0.0,672,672,567,1,0,6,0,0,0
82.0,7,206.0,704,1271,0,2,0,7,1,0,0
60.0,2,0.0,290,290,0,1,0,3,0,0,0
61.0,5,0.0,412,950,0,1,0,5,0,0,0
70.0,5,45.0,588,1010,0,1,0,6,0,0,16
79.0,6,0.0,655,655,0,1,0,6,1,0,0
98.0,8,362.0,1032,1463,1122,2,1,9,2,186,32
69.0,6,0.0,0,924,742,2,1,7,1,100,48
107.0,8,42.0,1039,1836,0,2,0,7,1,125,185
69.0,6,0.0,219,773,885,2,1,8,1,224,84
80.0,7,660.0,403,803,866,2,1,8,1,0,69
73.0,5,0.0,708,816,0,1,0,5,0,0,0
66.0,5,0.0,643,1008,0,1,0,6,0,0,18
90.0,5,0.0,415,833,0,1,0,4,0,0,0
93.0,8,328.0,1004,1734,0,2,0,7,1,0,0
69.0,8,0.0,353,408,640,2,1,7,1,120,0
57.0,5,0.0,702,894,0,1,0,5,0,0,0
85.0,5,0.0,0,533,580,1,0,6,0,280,34
70.0,5,0.0,369,1040,0,1,0,6,0,140,0
59.0,6,0.0,0,1012,0,1,0,6,1,0,22
84.0,7,196.0,24,1552,0,2,0,7,0,144,20
69.0,4,0.0,0,672,0,1,0,5,0,64,0
50.0,5,0.0,0,698,0,1,0,4,0,0,200
69.0,7,170.0,0,384,670,2,1,7,1,100,25
60.0,4,0.0,0,1005,0,1,0,5,1,0,0
53.0,7,130.0,0,1373,0,2,0,7,1,143,20
59.0,7,0.0,0,847,1112,2,1,8,1,100,48
60.0,5,180.0,936,936,0,1,0,4,0,49,0
65.0,4,0.0,622,1122,653,2,0,7,2,431,44
63.0,5,0.0,212,974,0,1,0,5,0,0,28
90.0,6,0.0,0,1008,1032,2,0,8,0,0,48
80.0,8,0.0,584,1128,878,2,1,8,1,0,155
57.0,6,0.0,0,916,684,2,1,7,1,100,38
60.0,6,0.0,0,960,0,1,0,5,1,0,128
80.0,6,0.0,280,1032,220,1,0,6,0,0,0
54.0,5,0.0,0,780,240,1,0,6,0,0,0
69.0,6,0.0,1567,1567,0,2,0,5,2,264,32
98.0,5,0.0,645,915,0,1,0,6,1,0,0
60.0,5,0.0,852,952,0,1,0,4,0,0,0
69.0,5,44.0,381,780,780,2,1,9,1,448,96
77.0,8,340.0,1150,1466,1362,3,0,11,1,125,144
69.0,5,0.0,288,1006,0,1,0,5,0,0,24
60.0,4,0.0,348,672,252,1,0,5,0,0,0
52.0,5,0.0,0,1042,534,1,0,8,1,0,0
69.0,6,85.0,1258,1298,0,2,0,5,1,165,26
75.0,7,0.0,275,704,704,1,1,7,1,0,0
69.0,7,0.0,0,572,539,1,0,5,1,0,0
50.0,7,0.0,624,650,650,1,0,7,0,0,0
57.0,6,0.0,0,932,0,1,0,4,1,0,0
90.0,6,0.0,296,1073,0,1,0,6,1,0,0
69.0,6,0.0,538,816,0,1,0,5,0,0,0
69.0,7,288.0,454,864,918,1,2,8,2,60,84
90.0,5,0.0,1157,1437,0,2,0,6,1,0,21
85.0,5,0.0,633,1219,0,2,0,6,1,0,92
34.0,7,166.0,904,1314,0,2,0,6,1,172,62
92.0,8,186.0,0,1580,0,2,0,7,0,0,24
76.0,6,270.0,442,901,933,2,1,8,1,0,69
69.0,6,72.0,728,1296,0,1,0,7,1,108,0
60.0,4,0.0,1198,1198,0,0,2,6,0,120,0
69.0,5,0.0,680,1360,0,1,1,5,1,168,180
79.0,7,268.0,0,1502,0,2,0,7,0,0,114
64.0,8,72.0,0,1694,0,2,0,7,0,160,33
58.0,6,0.0,786,959,712,2,1,7,1,0,38
76.0,6,0.0,522,1096,0,1,0,6,1,203,0
76.0,6,0.0,662,1261,0,1,0,6,1,0,0
35.0,7,0.0,0,625,625,2,1,5,0,0,54
80.0,6,0.0,503,952,1175,2,1,9,1,0,0
85.0,8,337.0,700,1683,743,2,1,9,1,0,33
37.0,5,0.0,658,876,0,1,0,5,0,362,0
69.0,6,0.0,468,818,406,1,0,5,0,0,0
54.0,5,0.0,0,731,523,1,1,7,1,192,0
77.0,5,0.0,0,0,0,1,0,5,1,0,36
69.0,7,0.0,1216,1216,1216,2,1,8,0,0,0
64.0,8,186.0,1480,1600,0,2,0,5,1,162,53
60.0,5,0.0,821,1120,0,1,0,5,1,229,0
50.0,5,226.0,1159,1572,0,1,1,5,2,0,263
60.0,5,0.0,392,784,272,1,0,7,0,0,0
107.0,3,0.0,440,978,685,2,0,7,0,0,74
89.0,8,0.0,1456,1624,0,2,0,5,1,0,114
68.0,7,95.0,0,831,829,2,1,7,0,144,68
60.0,7,0.0,0,994,776,2,1,7,1,140,60
69.0,4,149.0,1159,1249,0,1,0,7,1,439,0
60.0,5,0.0,0,702,630,1,0,6,0,0,0
69.0,6,425.0,883,1224,0,2,0,5,0,0,304
80.0,6,143.0,371,663,689,1,1,7,0,379,36
51.0,6,0.0,0,728,728,2,1,8,0,100,24
58.0,7,0.0,0,879,984,2,1,9,1,100,17
65.0,7,0.0,0,815,875,1,0,7,1,0,0
70.0,7,0.0,0,1212,0,2,0,6,0,356,0
75.0,4,51.0,547,1051,0,1,1,6,1,0,82
71.0,4,0.0,0,864,0,1,0,5,0,0,0
80.0,7,0.0,0,866,913,2,1,6,0,198,36
50.0,5,0.0,0,884,464,1,0,5,1,0,0
75.0,7,171.0,0,1630,0,2,0,6,1,74,234
78.0,5,0.0,788,1056,0,1,1,6,0,0,88
90.0,7,234.0,485,2158,0,2,0,7,1,84,70
69.0,4,0.0,1056,1056,0,1,0,5,0,0,42
70.0,6,120.0,340,1682,0,2,0,7,0,192,23
70.0,5,0.0,504,931,0,1,0,6,0,0,0
85.0,8,420.0,1220,1660,0,2,0,8,1,322,50
70.0,6,0.0,0,1055,790,2,1,8,1,635,104
50.0,4,0.0,344,672,0,1,0,4,0,0,113
69.0,4,0.0,648,648,0,0,0,3,0,88,0
69.0,5,0.0,784,925,0,1,0,6,0,150,72
99.0,5,0.0,180,894,0,1,0,5,0,0,0
68.0,6,0.0,0,0,584,2,0,8,0,0,0
72.0,8,72.0,936,1300,0,2,0,6,0,135,112
52.0,4,0.0,0,0,240,1,0,3,0,0,0
66.0,5,0.0,312,912,0,1,0,5,0,0,0
55.0,5,0.0,250,952,0,1,0,5,1,0,63
78.0,6,320.0,196,1040,678,2,0,7,1,0,0
89.0,5,44.0,756,2136,0,2,0,7,0,0,30
60.0,7,0.0,724,788,702,2,1,8,1,100,75
65.0,6,63.0,507,588,0,1,0,6,0,224,0
86.0,6,74.0,0,894,1039,2,1,9,1,100,18
72.0,5,300.0,595,912,0,1,0,5,0,0,240
65.0,9,766.0,1540,1702,0,1,1,7,1,0,72
70.0,5,0.0,666,1075,0,2,0,7,0,0,0
69.0,5,1.0,498,1361,1259,2,2,12,1,155,24
70.0,5,120.0,803,1106,0,1,0,6,0,0,18
70.0,4,0.0,0,0,0,2,0,6,0,0,0
69.0,5,180.0,1000,1188,0,1,0,6,0,0,0
55.0,5,0.0,0,940,940,1,1,7,0,0,192
96.0,5,0.0,0,747,892,1,1,9,0,203,40
36.0,7,106.0,0,764,862,2,1,6,0,0,27
41.0,7,0.0,0,847,1101,2,1,8,1,100,48
63.0,6,0.0,0,1141,0,1,1,6,0,0,0
64.0,8,32.0,428,1476,0,2,0,6,1,120,33
65.0,7,252.0,550,884,884,2,1,8,0,0,63
83.0,7,0.0,0,1689,0,2,0,7,0,0,56
85.0,7,81.0,885,1053,0,2,0,6,2,0,120
107.0,10,0.0,1386,2076,0,2,1,7,1,216,229
69.0,8,0.0,0,792,725,1,0,7,2,0,0
78.0,6,74.0,0,585,728,3,1,7,1,268,112
65.0,7,0.0,0,756,797,2,1,6,0,0,45
69.0,6,335.0,539,1012,0,1,0,6,0,0,0
60.0,6,0.0,319,735,924,1,1,8,1,0,0
60.0,5,0.0,534,876,0,1,0,6,0,0,80
93.0,7,0.0,1065,2110,0,2,1,8,2,0,0
69.0,7,163.0,0,1405,0,2,0,6,1,148,36
62.0,5,0.0,510,864,0,1,0,5,0,33,0
69.0,7,0.0,125,1192,651,2,1,9,2,220,47
60.0,7,92.0,0,746,896,2,1,7,1,178,128
52.0,6,0.0,425,884,408,1,0,6,1,0,0
91.0,8,554.0,1314,1986,0,2,0,7,1,262,36
56.0,5,0.0,0,864,0,1,0,4,0,0,96
59.0,7,182.0,655,856,0,2,0,5,0,212,0
65.0,6,0.0,602,1054,0,1,1,6,0,180,0
69.0,6,0.0,0,841,783,2,1,7,1,0,103
80.0,5,0.0,504,1050,0,1,0,5,0,0,0
69.0,4,0.0,0,1104,684,1,0,8,2,120,0
60.0,6,0.0,0,764,764,1,0,8,1,0,0
34.0,6,0.0,266,1405,0,2,0,5,0,144,68
35.0,7,218.0,450,691,739,2,1,6,0,0,34
60.0,7,0.0,0,925,925,1,1,9,1,0,0
89.0,9,0.0,0,2002,0,2,0,10,1,144,76
69.0,8,632.0,192,728,1479,3,1,11,2,314,12
78.0,5,180.0,460,874,650,1,1,7,0,0,0
69.0,7,0.0,1258,1332,192,0,1,4,1,268,0
69.0,6,0.0,0,1489,0,2,0,7,1,0,0
69.0,5,114.0,560,935,0,1,0,5,0,180,0
53.0,5,0.0,0,661,589,2,0,8,1,242,0
95.0,5,567.0,220,928,992,2,0,10,0,0,0
69.0,6,0.0,593,723,660,1,1,6,1,294,116
69.0,6,359.0,528,1680,0,1,1,7,1,0,0
75.0,8,0.0,804,1128,903,2,1,7,1,0,211
60.0,4,0.0,0,698,430,1,0,6,0,30,0
67.0,7,110.0,788,1573,0,2,0,6,0,0,72
50.0,7,54.0,1053,1309,0,2,0,6,1,0,58
61.0,5,0.0,532,1040,0,2,0,5,0,0,0
94.0,6,0.0,0,912,912,2,2,8,0,128,0
50.0,6,0.0,0,804,748,2,0,10,1,272,0
50.0,6,0.0,0,780,587,1,0,6,1,45,0
69.0,6,451.0,569,1328,0,1,1,6,2,0,26
69.0,5,621.0,812,1624,0,2,0,7,0,168,198
40.0,8,0.0,1158,1501,0,2,0,5,1,212,59
86.0,8,788.0,0,1085,850,2,1,8,1,177,74
69.0,5,86.0,1014,1152,0,1,0,6,1,227,0
60.0,5,0.0,0,994,994,2,0,11,0,0,287
78.0,7,0.0,194,832,832,2,1,8,1,0,28
60.0,5,0.0,167,864,0,1,0,5,0,0,0
70.0,5,168.0,1016,1052,0,1,1,5,0,356,0
80.0,5,148.0,776,1120,0,2,0,6,0,192,20
35.0,6,82.0,547,547,0,2,0,5,0,0,44
75.0,5,0.0,340,1246,0,1,1,6,0,218,0
69.0,7,344.0,694,978,978,2,1,9,1,0,0
69.0,6,0.0,547,771,741,1,0,7,2,0,0
92.0,8,391.0,740,1165,1323,2,1,8,1,309,78
73.0,7,228.0,0,1616,0,2,0,7,0,208,59
32.0,7,117.0,0,976,732,2,0,7,0,0,40
48.0,7,94.0,0,1368,0,2,0,6,1,132,35
60.0,5,0.0,746,990,0,1,0,5,0,0,64
100.0,5,0.0,144,924,0,1,0,6,0,0,36
69.0,6,88.0,1200,1278,0,2,0,6,0,112,51
100.0,7,0.0,1406,1902,0,2,0,7,2,0,207
68.0,7,80.0,925,1274,0,2,0,6,0,264,98
69.0,8,336.0,482,1453,1357,2,1,9,1,500,0
60.0,4,0.0,732,948,0,1,0,5,1,0,36
85.0,6,0.0,500,952,1020,2,1,9,2,280,0
61.0,8,270.0,0,1622,0,2,0,8,1,172,42
47.0,7,0.0,0,1352,0,2,0,5,1,0,241
69.0,8,178.0,0,1753,0,2,0,7,1,198,150
75.0,4,132.0,492,864,0,1,0,5,0,0,0
70.0,6,0.0,189,1478,0,1,1,6,2,114,0
69.0,3,0.0,0,0,0,1,0,4,0,0,0
107.0,7,0.0,674,750,862,2,1,8,1,240,39
50.0,4,0.0,280,420,0,1,0,5,0,164,0
75.0,8,428.0,0,1795,0,2,0,7,1,0,49
40.0,4,0.0,0,796,0,1,0,5,0,0,0
70.0,3,0.0,544,544,0,1,0,6,0,0,0
60.0,5,0.0,641,816,0,1,0,5,1,0,0
60.0,6,0.0,493,1510,1208,2,0,8,2,0,547
63.0,7,0.0,0,935,677,2,1,8,1,0,28
85.0,8,410.0,0,1588,0,2,0,7,1,144,45
55.0,5,0.0,483,911,0,1,0,6,0,0,0
67.0,4,0.0,690,816,0,1,0,3,1,0,0
60.0,5,0.0,0,803,557,1,1,6,0,0,65
80.0,6,360.0,686,1350,0,2,0,6,1,0,16
87.0,5,564.0,0,1656,0,2,0,8,0,0,211
95.0,7,0.0,700,916,941,2,1,8,0,146,91
70.0,4,0.0,0,858,0,1,0,5,0,0,0
66.0,6,0.0,814,1114,0,1,0,6,0,0,78
69.0,8,149.0,0,1284,885,2,1,7,1,192,87
57.0,6,0.0,0,896,741,1,1,9,1,0,0
85.0,7,0.0,0,728,728,2,1,8,1,0,0
50.0,4,0.0,250,960,0,1,0,5,0,0,0
69.0,7,0.0,297,1568,0,2,0,9,1,0,80
93.0,8,100.0,80,1732,0,2,0,7,1,0,0
69.0,7,0.0,1443,1482,0,2,0,5,1,402,25
50.0,8,0.0,259,684,1215,2,0,8,0,0,54
91.0,5,368.0,500,1248,1296,2,2,12,0,0,0
70.0,6,318.0,319,858,858,1,1,8,1,0,84
50.0,6,0.0,0,698,390,1,0,4,0,210,0
56.0,8,579.0,816,2033,1185,2,1,9,1,283,86
69.0,7,0.0,735,992,873,2,1,7,1,0,184
102.0,7,143.0,0,570,698,3,0,8,1,0,98
69.0,5,65.0,340,864,0,1,0,5,0,0,0
69.0,5,0.0,734,1078,0,1,1,6,1,0,0
69.0,6,216.0,378,756,804,2,1,5,0,0,32
51.0,5,0.0,0,612,1611,3,1,8,0,183,0
69.0,4,0.0,0,715,457,2,0,7,1,55,0
73.0,6,0.0,0,616,796,2,1,6,1,0,36
69.0,7,0.0,533,814,860,2,1,7,0,0,96
68.0,7,158.0,633,873,908,2,1,7,0,0,88
41.0,5,0.0,548,757,550,2,0,6,1,104,26
69.0,6,170.0,685,848,0,1,0,4,0,140,0
48.0,8,171.0,370,1657,0,2,0,8,1,0,262
90.0,4,0.0,315,840,534,1,0,6,0,0,0
80.0,6,0.0,831,992,0,1,0,8,1,0,28
75.0,7,0.0,975,1108,989,2,1,8,1,253,170
69.0,10,705.0,1282,2633,0,2,1,8,2,314,140
85.0,7,0.0,0,1026,932,2,1,9,1,154,210
89.0,8,80.0,0,1571,0,2,0,7,1,100,36
52.0,6,0.0,384,768,0,1,0,4,0,0,141
60.0,5,0.0,408,984,620,2,0,6,0,0,68
73.0,5,0.0,0,384,640,2,1,7,0,100,0
45.0,3,0.0,203,864,0,1,0,5,0,0,0
69.0,6,0.0,865,1205,0,2,1,7,2,0,42
60.0,7,0.0,0,596,764,1,1,8,0,36,0
69.0,5,0.0,0,816,0,2,0,7,0,0,0
60.0,6,0.0,204,560,560,1,0,6,0,0,0
40.0,4,0.0,735,796,358,1,0,7,0,0,96
80.0,7,184.0,790,1392,1392,3,1,12,2,0,112
60.0,6,0.0,168,714,862,2,0,10,1,88,15
42.0,9,160.0,1320,1746,0,2,0,7,2,201,39
60.0,6,0.0,375,735,349,1,0,6,1,0,0
70.0,7,244.0,1400,1525,0,2,0,6,0,219,36
65.0,5,0.0,0,1584,0,2,0,8,0,0,152
68.0,5,0.0,769,864,0,1,0,6,1,175,144
60.0,6,0.0,0,482,691,2,0,7,1,0,25
53.0,7,45.0,1070,1356,0,2,0,6,1,161,20
88.0,8,245.0,0,1094,1349,2,1,9,1,144,39
69.0,5,0.0,353,747,0,1,0,7,2,0,0
51.0,5,0.0,0,939,574,1,1,8,0,24,0
60.0,5,0.0,180,1208,768,1,1,7,0,0,0
51.0,6,0.0,264,976,448,2,1,7,1,147,16
50.0,6,0.0,0,862,208,1,0,5,1,0,0
62.0,6,0.0,759,839,729,2,1,8,1,100,75
64.0,7,0.0,0,1286,0,2,0,6,1,168,55
49.0,8,84.0,929,1485,0,2,0,6,0,168,160
60.0,3,0.0,0,672,520,1,0,6,0,216,0
44.0,8,174.0,1373,1594,0,2,0,5,1,128,53
70.0,5,0.0,656,768,0,1,0,5,0,58,0
69.0,5,0.0,625,833,0,1,0,5,0,0,0
60.0,4,0.0,0,622,622,1,0,6,0,0,0
46.0,7,123.0,0,791,857,2,1,7,1,364,63
79.0,7,0.0,666,944,896,2,1,6,0,0,45
80.0,6,0.0,120,856,556,1,1,6,0,0,0
60.0,4,0.0,0,0,0,2,0,6,0,0,0
88.0,8,366.0,976,1844,0,2,0,7,1,165,44
64.0,6,0.0,0,833,795,1,1,8,1,0,0
51.0,7,130.0,988,1386,0,2,0,7,1,143,20
60.0,4,0.0,0,777,1044,2,0,11,0,0,0
69.0,8,731.0,781,1284,1140,2,1,7,1,0,126
71.0,5,0.0,25,1144,0,1,1,6,0,0,88
69.0,6,312.0,1110,1844,0,2,0,7,1,0,73
90.0,6,420.0,404,708,708,2,1,7,1,0,169
53.0,6,0.0,360,1069,0,2,0,4,1,0,55
37.0,6,170.0,686,848,0,1,0,3,0,140,0
69.0,6,0.0,0,697,626,2,0,8,1,586,236
69.0,5,0.0,457,1024,0,1,0,6,1,316,28
80.0,6,243.0,0,1252,0,1,0,7,0,0,39
81.0,7,448.0,1000,1223,904,2,1,5,2,171,132
60.0,5,0.0,580,913,510,1,1,6,1,0,0
60.0,5,294.0,510,788,0,1,0,4,2,0,0
69.0,6,310.0,678,1440,0,2,0,7,1,0,0
60.0,5,0.0,0,732,1104,2,1,7,1,100,40
69.0,6,0.0,958,958,0,2,0,5,0,0,60
60.0,4,0.0,0,656,0,2,0,5,0,0,0
93.0,6,318.0,0,936,830,2,1,8,1,0,0
80.0,5,0.0,936,1126,0,2,0,5,1,295,41
80.0,6,237.0,0,1319,0,1,1,7,1,0,36
60.0,4,0.0,616,864,0,1,0,5,0,0,0
96.0,8,426.0,1336,1932,0,2,0,7,1,0,66
90.0,6,0.0,600,912,0,1,0,6,0,0,158
80.0,7,96.0,315,539,685,2,1,6,1,0,88
79.0,6,0.0,0,588,748,2,0,11,1,431,0
69.0,6,147.0,697,848,0,1,0,3,1,149,0
85.0,10,160.0,765,1017,981,2,1,10,1,168,52
69.0,6,0.0,0,952,0,1,0,4,1,0,98
63.0,7,106.0,0,1422,0,2,0,7,0,192,60
70.0,6,0.0,187,814,0,1,0,6,0,0,0
69.0,5,189.0,593,1188,0,1,0,6,0,261,39
80.0,8,438.0,1079,1220,870,2,1,8,1,0,65
70.0,4,0.0,0,560,550,1,1,6,0,168,24
60.0,5,0.0,0,896,896,2,2,8,0,32,45
78.0,8,194.0,0,1573,0,2,0,7,1,0,36
35.0,5,80.0,547,547,0,1,0,5,0,0,28
90.0,5,0.0,0,1140,0,1,0,6,0,36,56
62.0,7,0.0,410,1221,0,2,0,6,0,0,113
62.0,6,0.0,0,953,694,2,1,7,1,0,40
85.0,6,119.0,790,1542,0,2,0,7,2,349,0
66.0,7,0.0,275,1152,1152,2,0,9,2,0,60
68.0,5,0.0,49,1078,0,1,0,5,0,366,0
75.0,5,0.0,830,1256,0,1,1,6,0,736,68
