ID,Location,Property Type,Bedrooms,Bathrooms,Square Footage,Year Built,Lot Size (sqft),Garage Spaces,Proximity to City Center (miles),Crime Rate (per 1000 people),School Rating (out of 10),Public Transport Score (out of 10),Nearby Amenities Score (out of 10),Price (USD)
311,Boston,Duplex,4,3,3437,1958,5856,0,23.7,10.27,,2,5,191899
391,Austin,Condo,,2,2367,1963,6844,2,13.45,22.56,6,,10,656305
7,Austin,Duplex,1,1,3673,1998,7343,,27.16,33.08,7,10,7,1881530
185,Los Angeles,Apartment,3,2,4902,1958,9610,,2.68,35.63,2,6,5,1707386
79,Miami,Condo,1,3,3952,1972,6373,1,19.15,23.99,2,,4,1680649
408,Los Angeles,House,5,3,4942,1971,5207,0,22.07,3.22,,9,8,656751
77,Miami,Duplex,2,,3278,,6716,,11.17,31.31,10,3,,1902206
488,Austin,Townhouse,4,,1188,1982,8015,0,26.12,26.1,7,2,3,1828095
118,Chicago,Apartment,2,,3715,1980,4735,0,16.99,41.86,1,6,1,1099457
138,Seattle,House,5,,3931,1969,5649,,2.59,7.14,5,10,4,869972
11,,Duplex,1,2,2668,1955,4829,2,24.78,41.26,1,5,9,857640
195,Los Angeles,House,,3,2017,2002,4867,1,27.8,22.65,8,8,5,1726849
76,Boston,Condo,5,1,902,1991,8788,2,14.72,19.2,10,10,10,1252531
440,Miami,,4,,1059,1980,6184,2,13.67,39.88,7,10,10,403698
480,New York,Duplex,5,3,3218,1951,2227,2,9.55,13.24,8,1,,1663733
141,Houston,House,,3,1074,1960,1339,0,25.6,34.87,10,1,5,830593
3,,Condo,5,2,3347,2000,2088,,10.13,26.91,5,8,8,1209064
156,Seattle,Duplex,2,1,1773,1977,5491,2,11,9.24,9,6,1,1038166
377,Seattle,House,4,3,2927,1986,9015,,22.74,15.42,7,3,10,194232
132,Chicago,House,1,1,4277,1970,7795,2,24.36,25.58,5,5,10,410465
378,Los Angeles,House,1,3,4652,2008,3383,1,26.21,6.63,10,8,,1130727
281,Denver,Condo,5,1,4353,1985,1909,0,26.02,35.42,9,10,,358473
292,Houston,Apartment,,1,4596,1972,1784,,4.76,3.23,3,7,3,922503
282,Chicago,House,5,3,4918,1997,5339,2,27.5,31.15,7,,2,823428
334,Houston,Townhouse,,,1160,1974,4729,,9.9,3.03,3,10,8,1437848
288,Chicago,Condo,4,1,4109,1952,7312,,19.32,35.7,4,9,5,359043
251,Austin,House,5,,3388,1966,5927,0,24.64,44.81,10,5,5,1748412
465,Austin,Townhouse,5,1,1547,1973,8479,,0.93,28.72,5,8,10,829104
437,Chicago,Condo,2,1,4936,1981,6241,2,7.33,28.5,2,2,3,1610789
125,Austin,Apartment,4,,4855,1965,8615,,14.73,4.26,,4,4,1522616
491,Chicago,House,3,2,2629,1995,8160,0,16.96,34.97,5,3,10,1492626
56,Chicago,Condo,,2,4201,1977,6393,1,26.93,1.84,2,9,2,880818
375,Boston,Apartment,4,1,565,1987,1114,,29.59,14.38,5,2,7,1037750
339,Los Angeles,Duplex,5,,2045,1969,2707,0,15.89,15.49,8,8,,1099229
31,,Duplex,,1,4705,2008,8417,2,15.71,22.38,1,8,1,1048652
74,Seattle,Apartment,2,3,1455,1956,1986,0,8.43,43.55,5,2,4,1473923
333,New York,Townhouse,5,3,1129,1990,3659,2,7.34,15.4,5,3,10,311577
69,Austin,Duplex,,,851,1993,7815,1,12.73,36.92,5,10,9,287102
10,,Condo,4,3,2208,2010,6062,2,23.01,39.06,9,8,2,75738
80,Boston,Apartment,3,,1454,1972,5789,,4.33,22.71,8,6,2,946067
102,Seattle,Duplex,1,1,1438,2021,7747,0,23.06,3.07,6,5,7,1500529
105,Seattle,Townhouse,5,1,873,2015,4739,2,16.7,47.49,2,1,,79708
278,Boston,Duplex,3,,3687,1974,7590,,6.58,29.91,5,2,4,409697
133,Seattle,House,5,,1128,1978,5795,1,20.48,48.83,8,4,,1082832
439,Chicago,Duplex,1,2,4606,1956,6646,0,1.76,21.75,3,4,7,1102256
326,Chicago,Condo,5,3,644,1963,9016,0,24.93,37.72,4,7,9,1054730
73,Boston,,2,1,2476,2013,9258,2,15.77,28.9,3,1,3,139241
229,Chicago,House,2,3,1499,1952,9565,0,21.91,37.08,1,1,10,1989511
358,Denver,Apartment,1,2,1689,1991,5493,1,16.47,27.51,6,8,8,1316083
78,Los Angeles,Condo,2,,1886,1999,4197,2,28.5,32.02,9,4,2,634325
492,Los Angeles,Apartment,2,3,4475,2006,2883,0,17.75,32.76,5,8,9,1092629
91,Boston,Apartment,4,2,1893,1976,3043,0,4.1,46.33,4,4,1,900011
433,Seattle,,4,3,760,1951,1186,2,29.46,11.93,3,9,,554654
85,Denver,Townhouse,2,2,2881,2006,1777,2,29.19,25.7,10,5,7,572819
219,San Francisco,House,,3,4327,2005,8063,,23.28,6.73,9,3,9,1509191
211,,Apartment,1,1,2907,1985,3465,2,0.56,47.08,10,7,6,708138
125,Austin,Apartment,4,,4855,1965,8615,,14.73,4.26,,4,4,1522616
181,New York,Townhouse,4,2,1707,1951,5032,1,6.1,49.35,1,2,9,444484
463,Austin,Townhouse,,,3029,1951,2555,,20.49,18.56,5,4,7,1794498
350,Los Angeles,Duplex,2,1,2076,2016,6866,2,11.85,22.35,3,8,8,361010
337,New York,Condo,,,2965,1985,2139,1,24.95,33.02,3,8,6,1326268
235,Houston,House,,,953,2008,3241,2,22.41,37.34,7,8,3,1448557
319,Chicago,Duplex,2,1,3130,2005,2626,0,27.77,11.33,1,,5,1930344
381,San Francisco,Townhouse,1,2,3316,2012,6441,2,22.73,23.66,4,1,9,1119411
71,Austin,Apartment,5,3,4387,1980,1039,2,1.11,7.78,5,10,,739924
399,Miami,Apartment,2,2,1131,2014,2226,2,23.41,6.73,10,1,7,1444027
149,Miami,Duplex,4,1,2154,1955,5911,1,6.15,20.4,,9,8,1494358
85,Denver,Townhouse,2,2,2881,2006,1777,2,29.19,25.7,10,5,7,572819
64,San Francisco,Condo,5,,3419,2007,1932,2,7,21.33,8,7,6,655555
362,Austin,,5,,2413,1965,4824,1,26.51,10.73,1,1,6,432187
90,Boston,Duplex,,3,4508,1955,8155,,24.2,6.39,2,9,5,1812689
246,Los Angeles,Duplex,5,2,4899,1967,7582,0,16.63,28.38,6,7,2,107938
178,Denver,Duplex,1,3,4564,2020,6805,,16.66,45.01,3,2,10,1112015
34,Seattle,House,2,2,2553,1969,4673,2,9.06,37.65,6,5,5,1661904
77,Miami,Duplex,2,,3278,,6716,,11.17,31.31,10,3,,1902206
83,Denver,Apartment,3,2,4310,1968,3478,,21.4,23.6,1,8,3,783374
1,Seattle,,2,,4836,1988,9914,2,17.12,37.66,2,10,2,508818
12,Boston,Townhouse,3,2,4737,1975,9830,2,26.72,23.61,2,2,,681338
248,Austin,Apartment,,2,4067,1993,1005,1,21.18,39.5,1,4,8,1971457
23,Los Angeles,Condo,4,,2769,1987,1458,1,14.07,41.39,2,9,5,355062
254,New York,House,,2,4347,2005,4272,1,1.37,29.09,9,1,2,187798
427,Los Angeles,House,4,3,3316,1990,3013,0,1.74,12.09,2,6,9,1609048
226,Houston,,,2,2136,1951,7562,,16.49,44.6,4,8,4,349849
317,New York,Townhouse,4,1,2924,1993,5930,0,24.27,28.85,1,1,4,87859
159,Denver,Condo,,,4452,1998,6001,,20.49,47.18,4,,3,1337016
453,Miami,,,,4724,1969,4964,2,11.51,44.99,6,5,1,1264412
19,Miami,Duplex,5,,1133,1969,7369,0,19.26,23.74,1,7,5,1780840
183,Houston,Apartment,,,1417,1952,1988,,6.53,5.83,5,7,6,735610
336,Seattle,Condo,4,2,3351,2005,4161,2,2.79,30.27,5,10,1,1890819
16,Boston,House,,,926,2003,6924,,9.22,37.64,10,,1,85708
387,Austin,Apartment,1,2,4710,1969,3766,0,28.38,38.12,4,8,6,667396
40,Seattle,House,2,2,520,2000,5595,,2.31,46.74,7,9,6,800773
486,New York,Townhouse,1,,2452,1983,5944,,18.19,11.98,4,5,6,1722340
47,Los Angeles,Townhouse,4,,3455,1961,7998,1,26.54,16.59,7,,6,1429086
94,New York,Condo,,,4213,1953,5576,2,10.67,32.57,8,9,1,96232
168,,,3,,3031,2011,7245,2,23.67,11.16,2,10,1,332259
210,Boston,Apartment,5,3,1826,1974,5007,,7.86,38.49,6,7,2,860934
371,Denver,,5,2,4754,2014,1363,2,8.39,1.25,4,1,9,345900
378,Los Angeles,House,1,3,4652,2008,3383,1,26.21,6.63,10,8,,1130727
290,Houston,,1,1,604,1983,9035,0,15.23,34.05,5,1,9,1264342
469,Houston,,,2,1035,1953,6564,,20.04,38.33,2,,2,773806
413,Chicago,House,3,,784,1999,7143,2,6.5,43.78,7,7,,1445811
303,Chicago,,4,1,943,1984,3351,0,6.7,49.82,9,9,3,634569
432,New York,Duplex,,2,4905,1955,8937,1,16.59,43.31,5,3,8,905952
154,Seattle,Condo,,3,2424,1961,4111,0,18.36,39.68,7,6,9,734499
221,New York,House,5,,987,1968,2430,1,11.52,7.04,3,6,3,326392
70,Los Angeles,Duplex,1,1,1401,2017,2761,1,22.74,34.13,2,10,4,1867617
363,Seattle,Apartment,1,2,2971,2018,4535,1,4.08,9.08,4,7,9,89147
484,Chicago,Townhouse,,3,3700,2010,6584,1,17.86,46.48,2,4,9,859252
174,Boston,Apartment,4,,3239,1973,4051,0,0.84,18.33,3,10,3,1260582
353,Los Angeles,,4,3,2848,1972,8928,1,22.35,7.97,2,9,2,208271
232,Chicago,Apartment,5,2,4211,1978,4258,1,6.83,20.74,9,2,7,821964
212,New York,,3,,4172,2002,3281,1,5.64,1.78,4,,7,923271
193,New York,House,1,2,1513,1984,6888,1,18.06,9.54,3,6,7,557172
447,Austin,,3,3,4572,1960,2496,,1.84,26.66,8,9,3,448844
325,San Francisco,,1,1,3772,2018,4834,1,26.24,16.58,9,1,6,418892
223,,Duplex,3,,4180,2019,8460,2,19.01,21.39,9,5,3,1014328
155,Denver,Townhouse,5,2,1118,1950,6669,2,7.79,21.39,4,10,8,714686
423,New York,Apartment,1,2,4224,1957,5896,1,19.61,4.71,6,2,7,910379
177,Boston,Townhouse,,1,624,1964,4759,0,3.54,9.34,5,9,10,1261271
361,Seattle,House,,,571,1997,7641,0,22.11,23.19,5,10,5,1318206
416,Austin,Townhouse,3,,2265,2022,9067,1,16.18,21.13,2,3,7,962968
205,San Francisco,,4,,1485,1952,2627,,17.13,33.55,3,,2,289653
341,Austin,Duplex,2,2,1467,1951,4210,1,26.59,30.38,3,9,5,1115718
279,Houston,,1,3,1213,2017,3308,1,24.09,1.32,8,1,5,1304328
456,Austin,Condo,1,3,2484,1982,3779,1,3.56,44.9,9,6,1,237645
365,Chicago,Condo,4,3,1206,2013,4801,0,17.67,35.8,3,6,9,1250345
87,Denver,Duplex,4,,3478,1959,1659,0,5.19,41.81,8,1,6,1976835
31,,Duplex,,1,4705,2008,8417,2,15.71,22.38,1,8,1,1048652
196,San Francisco,Duplex,2,1,4680,1960,5199,2,2.52,49.23,6,4,,1948760
407,Houston,House,5,3,735,2000,3840,,26.51,18.4,4,6,1,411651
20,Los Angeles,House,2,1,2424,1969,1947,2,11.25,13.94,7,8,7,1031651
349,Seattle,Apartment,4,1,4405,1998,5760,2,21.8,18,4,,8,1987134
57,New York,Apartment,4,,2855,1958,8879,1,24.63,45.91,9,3,5,1082468
372,Houston,Condo,2,2,3322,2022,5257,1,10.4,3.94,2,,2,128011
348,San Francisco,Townhouse,1,1,4228,1981,1881,1,12.63,27.61,10,4,,844877
479,New York,Townhouse,4,,4984,2021,3306,2,22.87,16.28,3,2,,950852
249,Chicago,Apartment,1,,3837,2003,4266,2,6.52,13.39,,8,6,73547
26,Austin,House,3,1,1214,1961,1391,0,1.91,39.4,8,5,,1050903
452,New York,,2,1,4993,2011,5726,2,25.35,34.75,2,1,,1479607
43,Seattle,Condo,5,1,1013,1986,6625,,6.42,1.28,6,1,2,974992
474,,Apartment,4,,1041,2008,9850,0,18.36,34.28,5,9,5,1179305
262,Denver,House,3,2,4898,1963,7467,0,18.11,37.83,10,2,,1999833
173,Austin,Townhouse,2,,774,1987,4740,2,27.48,18.91,6,6,7,1503074
291,New York,Townhouse,1,2,2180,,7788,0,16.28,38.38,8,2,,211296
127,Seattle,,2,,4522,1966,9332,,28.86,45.87,1,1,2,78884
343,Austin,Condo,3,3,1599,1997,1474,2,14.12,18.17,1,,9,1428053
32,Austin,House,1,1,749,1959,7361,1,14.17,33.67,4,9,2,842878
114,Chicago,Duplex,3,3,2777,1960,3393,,24.03,32.31,5,6,5,948703
230,Austin,Duplex,2,,1349,1972,3119,2,18.71,26.13,10,10,9,91138
228,Houston,Condo,5,3,4052,2003,4499,0,7,26,4,10,8,1459760
430,Boston,Apartment,,3,2188,1960,4425,,22.42,35.29,10,1,1,207698
58,Houston,Duplex,1,1,2834,2006,6074,2,7.96,35.6,10,,7,1101664
382,Chicago,,4,3,3160,2011,3489,0,6.51,43.38,8,8,1,271438
25,New York,Apartment,3,3,1051,2013,5645,,24.89,43.05,9,4,6,536120
18,San Francisco,Apartment,2,,815,2010,5627,,1.47,11.64,6,3,8,1027642
266,Houston,Apartment,4,1,3329,1964,6743,1,26.61,19.45,10,9,7,1445874
67,San Francisco,Duplex,,,1253,1965,1284,2,4.91,4.4,5,1,10,1300373
315,Miami,Apartment,,,3596,1992,1137,0,24.88,10.79,5,6,,587856
468,Miami,House,1,1,1462,1974,7686,2,11.91,29.25,,6,9,270325
95,Boston,Apartment,5,,1028,1953,1726,0,1.41,48.74,1,9,3,1296355
457,San Francisco,Condo,,3,1291,1952,8397,1,1.94,39.9,10,7,,1070331
355,New York,Duplex,3,2,1740,2009,8268,0,16.19,42.63,5,8,1,924505
24,Miami,Townhouse,5,1,1938,1953,8567,,3.3,31.87,6,10,8,919952
250,Seattle,Condo,5,1,3514,2003,7563,2,19.79,47.01,,3,2,506436
273,,Apartment,,,519,1999,5651,1,7.97,47.48,1,6,1,208760
74,Seattle,Apartment,2,3,1455,1956,1986,0,8.43,43.55,5,2,4,1473923
6,Seattle,Apartment,4,3,1416,1986,2957,1,13.19,14.64,3,1,2,1541340
117,,Condo,2,1,4313,2001,3260,0,3.38,29.64,,4,5,258605
46,Denver,Townhouse,2,1,4094,1990,1422,2,13.41,15.9,1,3,10,1434524
500,Austin,Condo,3,3,2137,1963,6275,1,19.28,48.15,9,6,3,1402669
395,Miami,Condo,2,1,4905,2006,3952,1,23.06,43.29,10,1,10,1802288
17,Chicago,Townhouse,,1,2394,1950,8357,1,18.02,8.38,8,2,3,1928624
490,Los Angeles,Townhouse,5,3,955,1999,6085,,22.5,3.16,8,8,8,423703
376,Chicago,Townhouse,,3,3560,1988,8083,0,12.73,9.68,6,,8,106115
4,Boston,House,1,,4543,2000,5577,,25.27,41.47,9,6,5,494873
489,,House,1,1,2449,1989,8757,,21.87,38.91,8,7,6,424841
449,Miami,Townhouse,4,3,3637,1994,6408,1,27.91,49.48,7,8,8,1194439
61,Houston,Townhouse,5,2,2488,1976,3989,,10.44,26.07,3,8,,1405897
111,Seattle,,4,3,4975,1958,1192,0,0.97,23.29,10,4,6,1563992
335,Miami,House,1,3,4002,1962,7206,,27.15,32.22,3,5,4,333815
275,Boston,House,2,2,1513,1990,8832,1,9.1,30.89,1,6,1,547872
30,,House,2,1,1606,1984,5740,,24.83,37.08,1,6,2,1015397
366,Los Angeles,House,1,1,2303,2022,5698,0,3.99,14.37,6,4,1,485685
186,Chicago,Townhouse,,2,2468,1969,1592,0,18.36,31.24,6,9,1,744088
27,San Francisco,,1,1,4410,2001,2786,1,21.94,22.02,2,3,7,269221
8,Chicago,Apartment,3,2,2740,2011,6778,1,25.45,41.36,10,8,1,61548
182,Austin,Apartment,1,3,3748,2013,6442,0,17.67,14.3,4,2,8,844299
478,Chicago,Duplex,1,1,2993,1995,7845,,16.48,46.92,6,9,5,333816
109,New York,Townhouse,3,2,2864,1989,6524,1,11.92,9.4,2,,1,544828
38,Miami,,3,3,3960,2016,1140,1,16.19,41.51,4,8,5,1072508
158,New York,Condo,5,3,2438,1975,2516,1,10.34,3.71,5,6,10,73003
494,Seattle,,2,1,1678,1971,4166,,13.59,34.39,3,2,6,173776
119,New York,Apartment,2,2,3437,1964,7715,,15.28,32.49,8,,,1512015
115,Boston,Townhouse,4,,3654,1950,5004,2,18.67,47.72,6,8,7,1713937
272,Houston,Condo,5,3,1503,2018,7217,1,15.65,12.62,5,10,8,262802
176,San Francisco,Townhouse,4,,1738,2006,1725,1,29.32,48.79,8,2,1,1848277
209,,House,2,,3623,1972,7400,1,16.01,28.57,3,10,3,1275744
204,Austin,Duplex,5,,4451,2006,4154,2,11.51,49.6,8,7,5,1259724
145,San Francisco,,3,2,3233,1961,6481,0,5.3,39.02,6,7,4,1846989
195,Los Angeles,House,,3,2017,2002,4867,1,27.8,22.65,8,8,5,1726849
389,New York,Apartment,5,,4382,1974,5116,0,15.12,15.64,8,2,9,1241604
401,Houston,Condo,3,,3458,1951,4734,0,25.79,47.55,9,5,7,370056
424,Austin,Townhouse,,2,2100,1995,6036,2,0.96,18.72,3,8,9,119201
498,Austin,Townhouse,2,1,898,2017,7467,,16.71,22.47,,5,3,951365
403,Houston,House,2,3,2430,1992,5151,,12.54,36.96,3,9,,515993
470,Boston,,3,2,4722,2009,8240,1,10.74,39.29,7,1,7,1360424
142,Seattle,House,3,1,1806,1995,4827,0,29.47,30.55,10,3,,1749081
385,San Francisco,Townhouse,1,3,2900,1980,2723,2,17.47,42.95,5,6,6,1240410
68,Los Angeles,House,,2,4629,2008,1263,,11.73,32.28,7,3,10,1430830
156,Seattle,Duplex,2,1,1773,1977,5491,2,11,9.24,9,6,1,1038166
169,Denver,,5,3,4327,1967,1986,2,18.23,31.9,9,9,6,592954
189,New York,House,5,3,4969,2014,4807,2,19.11,39.25,5,2,9,1270984
462,Austin,Townhouse,4,3,3445,1973,3827,0,10.83,41.89,2,2,,1564058
396,New York,Townhouse,1,2,706,1976,6928,1,20.53,41.3,6,7,4,1968795
238,Boston,Townhouse,5,,4225,1997,6159,0,2.99,42.88,4,,5,1767478
194,Los Angeles,House,2,,2298,2006,6053,0,5.58,43.89,3,2,1,714470
82,Denver,House,,1,1772,1953,3523,0,23.53,43.19,,6,2,885725
110,Seattle,Townhouse,4,3,2024,2010,9769,2,27.24,23.23,10,9,5,446455
461,Houston,Apartment,2,,736,2017,1435,0,15.87,8.65,10,9,,1355256
146,Los Angeles,Apartment,3,1,2711,1969,7375,0,6.01,7.27,6,5,4,1269210
93,Chicago,Apartment,2,,1768,2006,4515,0,25.59,3.67,6,,10,1424735
153,Austin,Duplex,1,2,2241,1977,1181,2,26.4,28.04,4,4,4,1296728
245,Denver,Duplex,1,3,1939,2012,4360,2,7.26,29.25,3,5,6,1646640
415,Seattle,Duplex,2,,4536,1960,5235,1,8.92,35.28,,8,1,1973377
395,Miami,Condo,2,1,4905,2006,3952,1,23.06,43.29,10,1,10,1802288
84,New York,Apartment,5,,3124,1969,6153,,5.58,47.06,,3,,215249
104,Denver,,5,2,500,1998,8985,2,13.34,23.19,8,4,,1909061
166,San Francisco,House,1,1,1557,2004,4310,2,3.93,1.43,3,9,10,1711907
164,Chicago,House,4,1,780,1985,7131,0,23.65,9.14,4,6,6,981252
200,New York,Duplex,2,3,3984,1968,5657,2,3.22,18.83,5,5,9,1906758
256,New York,House,2,1,4364,1981,1912,2,0.97,49.44,1,6,9,231788
75,Denver,Duplex,5,1,2570,2020,8803,1,19.04,19.58,6,10,8,1097145
324,Miami,Duplex,,1,4182,1955,4169,0,2.76,18.93,4,10,6,816886
239,Seattle,House,2,,3646,2011,4133,2,24.31,9.1,10,3,7,1848431
497,Boston,Condo,5,,1381,1965,3436,2,13.22,16.66,10,2,8,905782
120,Chicago,Condo,3,,4427,1980,5874,2,21.33,4.85,9,10,4,1990234
305,Seattle,Townhouse,2,3,1974,1972,9555,0,21.53,37.93,9,4,2,452680
313,,Apartment,5,3,1742,2002,1381,0,22.53,35.09,3,10,8,847652
267,Boston,Apartment,,,541,2017,2899,,11.81,12.37,2,5,5,161775
407,Houston,House,5,3,735,2000,3840,,26.51,18.4,4,6,1,411651
422,Miami,Duplex,2,3,3055,2003,4174,0,12.59,5.84,8,,6,1415763
493,Chicago,,1,1,4743,2005,2808,2,4.44,12.34,8,6,9,330789
306,San Francisco,,1,3,4456,1978,5915,1,0.84,11.56,8,8,1,1364045
393,San Francisco,Condo,4,1,3873,1975,4905,0,15.61,47.07,3,2,8,1781040
438,Austin,Condo,2,1,742,,9548,,28.31,13.07,7,8,7,1117978
404,Chicago,Duplex,2,3,4218,1990,8900,0,26.63,31.98,2,5,7,878456
285,Los Angeles,Duplex,3,,871,2012,3168,,23.73,35.5,8,3,4,1879002
287,San Francisco,Apartment,5,3,3040,2018,6667,1,26.27,19.41,9,4,10,869744
37,Chicago,House,5,1,1398,1974,3596,1,16.63,48.4,6,,4,432649
197,Seattle,Townhouse,2,1,1697,1962,1200,,13.2,20.39,2,8,4,1736646
140,,House,,2,2859,1987,5696,2,28.09,11.6,9,10,1,1168843
384,Austin,Apartment,5,2,4373,2012,8660,1,16.63,36.14,8,2,1,1255978
263,Chicago,House,,1,3863,2018,1928,1,18.05,31.55,7,2,5,1737744
298,Seattle,Condo,4,3,4029,2008,6618,1,6.43,7.05,9,7,6,1048411
299,Chicago,Condo,3,2,1785,2008,2935,2,17.91,31.69,8,6,6,75937
60,Boston,Condo,1,,4164,1969,2530,0,4.2,7.5,,1,10,1381378
112,Boston,Townhouse,4,2,2145,1969,3006,2,23.57,34.6,4,5,6,95688
276,Houston,,2,,4930,1983,8596,1,23.24,46.3,5,7,,407091
269,Boston,,2,3,2889,1958,8068,2,8.86,28.16,9,8,7,1856859
412,Boston,Townhouse,3,1,2867,2017,1023,2,26.29,6.19,5,1,,821270
151,Houston,Duplex,,,2702,1970,1854,0,28.08,44.7,7,6,7,650698
357,New York,Townhouse,5,,3100,2006,3453,2,9.26,49.59,6,10,6,1601291
39,Chicago,Townhouse,4,3,3884,1982,3658,,17.92,45.25,5,9,7,710353
330,New York,House,1,3,981,1996,3566,2,19.15,21.51,9,9,,1953587
199,New York,Townhouse,2,,2973,2001,2841,2,14.01,14.81,5,6,6,1565411
451,Houston,Condo,2,1,571,,2237,1,25.03,7.76,6,6,9,320560
147,Austin,Townhouse,3,2,2851,1956,2799,1,1.08,18.03,7,1,3,220823
375,Boston,Apartment,4,1,565,1987,1114,,29.59,14.38,5,2,7,1037750
148,Denver,Duplex,4,1,4067,1994,6462,,12.03,22.33,10,5,2,800592
322,New York,Duplex,5,2,1815,1998,7651,,8.02,41.92,6,6,5,645982
300,New York,Apartment,1,1,3678,2005,4806,0,12.53,14.65,1,6,4,109163
124,Miami,Duplex,2,1,1751,1963,4450,1,9.61,35.43,10,6,4,1746608
454,Seattle,,4,,3477,1978,6685,,19.14,37.51,10,7,4,910930
97,Chicago,Duplex,5,3,3457,2012,1341,2,4.69,28.18,8,9,7,798809
144,Chicago,Duplex,3,,3677,1969,1702,2,7.8,47.1,7,1,8,1556743
240,Los Angeles,Duplex,1,1,4588,1970,3069,,25.91,42.86,7,8,,1095715
332,Chicago,,,2,1748,1969,9847,1,8.51,17.28,7,1,6,1104211
98,New York,Duplex,1,1,3413,1958,2446,,6.8,37.64,9,5,2,1053940
417,Miami,House,2,3,1511,1956,3234,,15.56,28.47,2,7,9,1014265
369,Austin,House,2,3,2974,1970,7141,0,5.42,45.75,10,7,,1920457
123,New York,Duplex,2,2,2612,1958,8814,1,13.17,30.11,10,3,3,1079515
184,Seattle,Townhouse,2,,4422,2012,4743,0,15.83,41.64,3,7,3,390052
203,Miami,Condo,3,3,801,2004,1769,,21.26,27.81,3,5,6,482183
247,Seattle,Duplex,3,,1234,1996,8834,1,20.28,19.19,9,6,5,1544817
321,Chicago,,1,3,3724,2016,6003,0,16.82,42.97,3,8,1,718874
312,,Townhouse,4,,1799,1964,1339,,28.3,46.2,2,6,5,1408307
370,Seattle,,,1,4109,2005,3818,2,7.69,10.28,,2,,1810398
495,New York,Duplex,1,3,4784,1996,7351,,13.8,47.07,5,6,,1700223
418,Austin,Townhouse,,2,3330,1972,8294,2,24.71,47.19,4,8,10,679111
297,Boston,,3,3,4944,1994,5153,,18.17,38.9,1,2,10,1781764
126,Seattle,Townhouse,3,1,2545,1988,3799,,4,12.31,2,5,5,1562531
317,New York,Townhouse,4,1,2924,1993,5930,0,24.27,28.85,1,1,4,87859
224,San Francisco,Apartment,4,1,3672,1952,2818,1,11.88,26.18,2,4,1,684648
441,San Francisco,Duplex,3,1,4636,1996,6775,1,2.57,2.56,9,2,8,1978129
220,,Apartment,3,2,3729,1993,8445,0,18.94,40.19,6,8,,876546
130,Austin,Townhouse,5,2,3965,1973,7891,0,7.19,34.84,10,10,9,765600
443,Miami,House,2,3,1092,2018,8546,0,18.45,12.76,2,9,4,1738123
302,,House,,,2858,1972,4235,0,1.34,46.49,8,4,1,773558
406,Boston,Apartment,1,2,2178,1987,8536,,21.58,20.12,9,10,8,806546
398,Miami,Apartment,4,,2992,2011,2998,1,28.57,24.81,7,1,8,1838520
429,Denver,Condo,,3,2224,2018,2097,1,5.86,39.39,10,3,4,1992516
374,New York,House,3,,2084,1999,2862,1,17.37,32.73,2,7,2,963474
308,San Francisco,Condo,2,1,2344,1983,1945,,27.76,23.82,3,,1,1214394
295,Houston,Apartment,4,1,2636,1989,3415,2,15.25,33.83,10,5,,258280
458,Miami,Duplex,,2,4758,1976,2587,,17.64,8.76,10,6,9,1582336
357,New York,Townhouse,5,,3100,2006,3453,2,9.26,49.59,6,10,6,1601291
113,Miami,Condo,3,3,512,1984,2184,2,4.17,45.6,4,10,8,1362655
180,New York,Townhouse,,,4367,1953,7992,1,16.89,4.75,5,5,,1407220
323,New York,Apartment,3,1,4644,1981,7415,1,22.4,46.44,7,6,,303077
356,Boston,House,,,1624,1976,9124,,23.79,5.36,,5,10,1815400
347,Los Angeles,Apartment,4,2,4857,1989,1556,2,14.05,34.23,10,5,1,716977
451,Houston,Condo,2,1,571,,2237,1,25.03,7.76,6,6,9,320560
394,,,3,3,1515,1988,4636,,3.87,30.59,6,,4,1492668
234,Seattle,Condo,4,,1320,1979,2473,1,15.19,46.68,1,10,5,1324331
472,Los Angeles,,1,3,4686,1998,6574,2,5.18,11.01,10,9,3,396478
477,Los Angeles,Condo,,3,3535,2014,9243,0,25.65,30.48,10,2,7,340476
165,Seattle,,4,,3343,2009,7587,,22.14,6.61,2,4,5,1948224
318,Miami,Townhouse,3,,2159,2004,4455,0,0.73,32.92,8,6,9,252629
137,Miami,,4,2,3390,1994,2158,,15.29,44.34,6,9,3,1803952
198,Miami,Duplex,3,1,4372,1982,3496,0,21.03,36.04,2,6,10,1310230
259,,Duplex,2,,2446,1952,6545,,10.97,26.48,3,8,1,1654488
233,Houston,House,5,3,1866,1967,2822,2,20.12,48.54,1,7,2,353445
116,San Francisco,,1,2,628,1961,8428,2,25.38,44.2,6,5,10,225036
121,Miami,,3,1,2539,1980,9920,,16.26,37.29,1,4,8,829109
419,Miami,Apartment,5,2,3006,1989,9391,0,12.43,5.05,10,8,4,1066461
225,Chicago,House,,3,2166,1962,2129,,28.12,45.26,8,10,10,1909607
425,Austin,,1,,2907,1963,8426,2,8.79,5.52,2,3,,349188
354,Austin,House,1,,4101,2009,6346,0,25.96,16.34,6,1,9,276178
128,,Apartment,5,,4895,2003,6409,0,21.58,31.2,2,2,4,1793991
389,New York,Apartment,5,,4382,1974,5116,0,15.12,15.64,8,2,9,1241604
286,Los Angeles,,4,2,4134,1953,3171,1,12.63,46.82,5,,4,1447526
434,Miami,Townhouse,2,1,1941,1951,6408,,13.79,43.78,4,9,3,1729334
108,Los Angeles,Duplex,4,,3551,2016,1770,0,15.45,2.22,9,9,1,1895365
442,Denver,House,3,3,3224,1952,8912,1,22.01,39.32,9,4,10,1098071
342,San Francisco,Apartment,5,2,3136,1985,7537,2,10.67,25.81,3,7,6,630221
134,New York,Condo,2,,768,1992,6092,,18.94,34.49,10,9,9,1429338
383,Denver,,3,,1731,1997,7979,0,10.16,13.22,5,1,3,1285295
45,Houston,House,5,,2633,1969,9471,2,0.8,28.99,9,10,5,1393074
487,Boston,House,2,3,4349,2000,8926,,25.91,12.72,4,10,5,1486802
66,Houston,Townhouse,,1,3470,1997,3722,2,16.5,20.14,4,3,8,1467190
284,Los Angeles,Duplex,3,3,1462,2022,7627,2,1.53,26.13,7,10,10,773775
86,Seattle,House,3,,1940,1979,2491,1,13.74,47.51,8,10,3,312677
243,,Condo,2,2,4485,2006,2634,2,13.43,45.26,6,9,,1449711
187,New York,Townhouse,1,1,3292,1994,2773,1,15.75,8.64,1,3,6,590021
405,Seattle,Townhouse,5,1,3061,1954,8469,2,7.05,29.6,,8,4,1860852
160,,Townhouse,5,2,2880,1971,2355,2,2.63,4.67,6,8,5,955674
13,Miami,House,,3,3540,1962,7658,0,16.56,49.18,5,,6,1113691
36,Denver,House,,,706,2003,7700,0,12.06,35.64,10,1,9,182370
29,New York,Townhouse,4,2,3888,1980,2137,,10.9,26.2,5,5,9,757787
171,New York,House,,2,1728,1977,5614,,10.09,2.01,4,6,,1697068
143,,,2,,3691,1966,2967,,19.03,31.33,10,,6,1478925
421,Denver,House,4,1,3284,2020,4746,2,0.89,39.22,3,3,1,1117405
368,Boston,House,4,1,3063,1950,6805,0,9.67,22.99,10,,4,1936667
222,Denver,Condo,5,,1846,1965,6623,2,1.99,35.23,2,10,,1867118
96,Chicago,Apartment,3,2,4122,1956,8467,,2.03,4.42,7,6,6,501447
52,Los Angeles,House,5,,1248,,5087,0,19.4,1.67,3,,5,271420
241,Boston,Duplex,,3,2689,1972,1358,1,24.61,25.05,,1,5,1776720
397,Boston,Duplex,4,1,3164,1974,1275,,23.3,9.49,5,6,5,1981877
352,Austin,Duplex,1,,3850,1981,8165,2,13.17,14.63,7,8,6,1945108
400,Seattle,,2,3,2601,1973,7336,2,18.53,34.43,5,8,7,1543358
179,Houston,Apartment,3,1,4811,,2874,0,29.38,39.06,1,5,10,423144
42,Denver,Duplex,4,2,1393,1977,7141,,21.83,34.04,3,6,7,832118
496,Austin,,,3,4064,1970,7055,,28.78,3.29,3,,9,1398054
409,Austin,,4,2,2039,1998,9732,2,21.07,11.68,,9,7,1389461
207,Houston,Condo,,1,4939,1968,7030,2,20.33,3.2,1,,1,1287791
283,Denver,House,2,3,639,1969,5008,0,25.86,38.26,,2,,1448478
359,,,,2,4630,1989,2945,,10.68,49.26,,5,,1741285
255,Los Angeles,,4,1,1525,1993,8610,0,11,17.54,6,9,8,815819
435,San Francisco,Apartment,1,2,904,1975,3091,,15.64,39.69,5,8,1,1914482
5,Miami,Townhouse,1,2,2448,1984,1154,1,4.74,23.69,4,6,7,1591632
257,Miami,Condo,1,3,3362,1965,3010,1,2.78,2.24,9,1,1,475642
473,New York,House,,2,4223,1954,2588,,8.12,1.82,3,6,4,1475657
101,Austin,Condo,2,2,3868,1973,1525,,4.01,11,9,7,7,1869094
227,,Condo,4,3,4613,2006,3657,,28.22,41.07,2,1,9,1904229
450,Seattle,,3,2,4418,1964,3950,,11.69,29.15,2,3,9,258885
214,Boston,Condo,4,1,4532,2022,8979,,13.75,24.07,9,1,9,351406
445,Houston,,5,,3728,1980,8354,,11.55,6.67,6,7,2,679673
172,Chicago,Condo,5,3,1534,1978,9364,2,28.27,41.5,10,9,,1125877
99,,Duplex,1,2,4090,1986,7580,1,20.12,40.7,9,5,8,156310
293,New York,,4,,4515,2005,7138,0,23.63,32.68,1,5,9,1981374
216,Houston,Duplex,,3,1073,1994,6475,,6.79,28.42,1,,7,367230
62,Los Angeles,House,2,2,1160,1982,8154,,29.99,1.26,3,2,10,1611844
48,Austin,Duplex,4,,2059,2012,5248,,2.03,48.1,9,,8,1470625
33,Chicago,Condo,3,2,2929,2011,3453,,1.84,5.62,4,6,10,1628362
268,San Francisco,Apartment,,,1442,2009,7979,,15.06,14,2,7,2,935677
328,Miami,Condo,5,,1961,1968,7904,,24.38,5.29,7,7,10,765294
201,Chicago,Duplex,5,3,4548,1964,8543,2,16.82,10.35,3,1,,1770388
471,Seattle,Condo,2,1,4178,1957,8650,0,12.03,14.51,7,8,3,369247
28,Denver,Duplex,5,2,2212,1993,8373,0,23.33,10.85,9,9,10,763805
411,New York,,1,3,862,1967,4362,2,14.22,29.49,3,3,3,163767
231,Chicago,House,2,2,1887,1982,5019,,22.31,43.61,3,8,2,689206
261,Denver,,1,2,510,1995,9766,,6.85,29.86,9,10,9,484351
379,Los Angeles,Condo,4,,840,2007,4934,1,20.53,47.14,3,,10,156378
289,Denver,Condo,5,2,2191,1987,9314,0,25.09,24.31,5,2,7,128839
163,Denver,House,5,3,1542,1991,9209,0,29.47,49.28,3,4,1,239166
392,San Francisco,Condo,2,,2833,1962,5777,1,29.42,36.76,,9,9,1745939
448,Austin,,2,,632,1959,3554,,10.82,11.69,3,7,9,143245
139,Seattle,Townhouse,1,,1779,1980,5986,0,9.73,10.83,1,3,6,603350
63,San Francisco,Townhouse,4,3,810,1956,5492,0,12.47,46.98,,7,5,670252
136,Houston,Townhouse,1,2,2492,1999,5975,0,24.58,40.2,3,10,1,1893528
129,Denver,Townhouse,1,1,3873,2021,2454,0,28.6,13.07,4,6,1,446418
105,Seattle,Townhouse,5,1,873,2015,4739,2,16.7,47.49,2,1,,79708
9,Seattle,Duplex,1,2,588,2011,7143,0,12.33,4.09,3,9,3,1563007
327,Denver,Condo,2,2,3539,1980,3150,0,6.87,22.12,1,2,6,1254551
491,Chicago,House,3,2,2629,1995,8160,0,16.96,34.97,5,3,10,1492626
65,Austin,Duplex,,,1581,2020,2459,1,22.99,20.71,2,2,6,397185
301,New York,Townhouse,1,,4153,1979,8150,,14.35,42.8,7,5,6,497745
15,Boston,Duplex,,3,1385,1953,7039,1,8.03,38.91,7,2,9,993830
157,New York,Townhouse,4,,1455,2000,6822,,2.98,24.27,3,2,8,73330
41,Miami,,,2,908,2000,6660,1,11.18,40.27,9,8,10,1310810
380,Seattle,Duplex,,,3273,1958,8741,,12.65,39.43,2,10,1,1325480
485,New York,Condo,2,,3209,1981,7045,,5.97,42.4,4,2,7,1124069
426,New York,Apartment,1,3,839,1996,9604,1,6.63,29.67,5,4,1,267393
217,Los Angeles,House,3,3,3731,1952,5668,2,28.2,34.66,9,9,5,625769
410,Chicago,Apartment,,3,4442,1991,2087,,22.7,1.74,1,8,8,586118
280,Chicago,,2,2,4645,2012,7267,2,10.34,38.85,9,6,4,1992805
372,Houston,Condo,2,2,3322,2022,5257,1,10.4,3.94,2,,2,128011
455,Austin,House,,1,4860,1961,4700,0,3.31,4.75,9,6,2,1343735
338,Chicago,Condo,,2,1486,2006,9457,,10.79,10.42,7,4,9,571392
237,New York,,4,,3271,1967,7989,2,26.76,7.45,6,3,10,714005
208,Seattle,Duplex,4,3,3571,1958,7438,1,17.71,7.19,4,9,9,1933577
213,San Francisco,Apartment,1,2,3790,1969,2855,2,3.95,26.62,5,8,1,1230402
296,Boston,Apartment,2,2,3915,2002,9987,2,23.66,23.95,8,5,8,137452
482,,Apartment,5,1,4637,1969,6589,0,21.53,31.34,5,5,9,701823
252,Denver,Duplex,2,2,1460,2011,3605,,1.98,17.54,,1,10,483916
496,Austin,,,3,4064,1970,7055,,28.78,3.29,3,,9,1398054
483,Miami,,4,2,4848,1976,7918,1,11.89,17.27,10,3,5,383244
304,San Francisco,House,3,3,534,1978,2931,1,8.79,40,8,7,6,1408520
351,,,5,1,4507,2019,7962,2,14.94,39.93,4,1,6,494243
270,New York,,2,2,3044,1998,4414,2,23.71,10.78,10,,6,832118
202,Los Angeles,,,,4218,2018,8717,1,19.43,18.01,8,8,1,1839779
162,Houston,Apartment,,,1815,1970,4627,2,11.75,26.96,6,5,5,498012
44,Los Angeles,Condo,3,3,4608,1990,9786,,6.51,23.83,5,5,3,403790
218,San Francisco,,,1,3131,2008,5317,2,0.7,33.25,8,8,5,172988
402,San Francisco,Condo,,,3582,2020,1694,0,20.36,7.72,2,4,,576924
191,New York,Condo,1,1,1863,1961,8921,,20.85,16.27,5,2,7,395743
310,San Francisco,Duplex,3,2,2207,1962,8729,,15.73,45.83,1,6,4,531872
260,Seattle,Townhouse,5,1,1676,1968,2828,0,13.03,26.58,2,6,6,1909925
106,Denver,House,4,,2839,1997,2845,1,9.7,3.97,3,4,1,1732184
54,Seattle,,5,3,2426,2008,8788,,22.89,16.3,7,10,2,838427
390,Houston,,2,2,4118,2016,4419,2,28.03,6.25,7,8,,447594
2,Houston,Apartment,,1,500,1965,7048,1,13.11,12.03,3,5,,1258059
466,New York,,5,3,3028,1968,1181,2,6.61,9.95,,1,,855608
10,,Condo,4,3,2208,2010,6062,2,23.01,39.06,9,8,2,75738
50,Austin,Condo,2,,2668,1957,5756,1,9.65,42.61,4,1,7,913786
420,Seattle,Condo,2,1,2022,1984,9447,2,14.79,13.44,3,9,4,1187316
81,Austin,Townhouse,4,,2211,1965,8182,,17.02,25.21,6,9,3,810329
206,Seattle,Apartment,,,2362,1952,1385,1,13.8,10.76,1,4,9,477990
35,Houston,,2,,957,2000,2376,1,27.96,40.82,1,,2,1392034
431,Miami,House,,1,3766,1950,4654,,25.51,31.23,8,1,,327341
264,Chicago,Apartment,3,3,3521,1995,4698,,11.48,30.41,1,6,6,1544200
428,San Francisco,Townhouse,,,2995,2008,2380,,14.64,44.89,5,4,3,1300698
499,Austin,Duplex,3,3,1107,1959,6950,2,16.23,45.06,6,3,2,183500
367,Denver,Apartment,5,2,4212,1953,2969,0,6.75,17.73,7,2,3,535286
92,,House,4,1,4780,1999,8367,1,4.19,31.95,3,6,5,1514260
340,Denver,Apartment,5,1,1148,2017,4629,1,23.94,31.36,,4,6,628920
362,Austin,,5,,2413,1965,4824,1,26.51,10.73,1,1,6,432187
53,Houston,Townhouse,1,3,3926,1950,5177,,12.77,4.93,5,3,3,399316
346,Boston,Duplex,4,1,1842,2009,2959,2,9.23,23.33,6,4,6,603374
265,Chicago,Townhouse,1,1,3870,1957,2053,1,10.32,3.62,10,4,8,852008
242,New York,,5,2,1415,1978,2140,,15.63,20.92,10,2,,914784
14,Houston,Duplex,4,,604,2019,1440,1,6.53,39.55,7,3,10,594332
316,New York,House,1,1,508,2021,1357,0,13.66,3.72,10,10,5,1326541
89,New York,,,3,4889,1963,8850,,3.4,43.32,9,1,1,348253
388,San Francisco,Duplex,3,,1160,1968,2136,2,21.05,15.46,10,5,5,1248834
274,New York,Townhouse,4,1,905,1967,8938,2,29.64,47.29,,5,2,1765089
167,Boston,Duplex,5,2,4792,1951,7047,1,23.54,8.62,3,4,,1894052
329,Boston,Condo,,3,2083,1963,3833,2,23.7,14.86,1,2,9,1928797
409,Austin,,4,2,2039,1998,9732,2,21.07,11.68,,9,7,1389461
135,Houston,Duplex,3,1,3138,1980,2324,0,9.84,19.4,9,,6,71583
307,San Francisco,Apartment,1,3,2297,1955,6497,2,12.56,17.46,1,8,9,1781529
69,Austin,Duplex,,,851,1993,7815,1,12.73,36.92,5,10,9,287102
320,Houston,Apartment,3,1,1571,1969,7625,0,13.58,28.27,4,4,2,1621800
244,Denver,Duplex,1,1,3374,1979,4999,2,29.89,30.59,4,7,7,887859
55,Boston,Townhouse,3,3,4303,1996,3945,2,18.48,1.77,10,5,10,1873934
364,Austin,Duplex,3,3,3545,2018,7067,1,19.22,12.76,10,2,6,1967935
51,Miami,Townhouse,2,3,4137,1989,2966,,22.09,20.89,9,3,7,166219
481,Chicago,,1,2,2383,1978,8225,1,12.74,33.05,9,10,8,303016
175,,,,2,2788,1956,7573,2,13.78,15.82,3,2,3,646821
446,Miami,Duplex,1,1,3786,1957,7464,2,11.4,2.34,10,4,9,1856241
190,Boston,Townhouse,1,2,2532,1989,1330,,16.71,15.88,3,4,7,1532116
281,Denver,Condo,5,1,4353,1985,1909,0,26.02,35.42,9,10,,358473
464,Chicago,Condo,4,1,2459,2016,8569,0,22.88,45.73,3,6,2,585619
188,Miami,Duplex,2,3,1390,1975,1934,2,22.33,24.45,10,3,1,1796364
476,Boston,Apartment,1,,4102,1959,7554,0,23.34,21.62,6,5,3,1336049
170,Miami,Condo,,2,1507,1971,4320,1,29.72,11.77,4,10,,1435776
59,Los Angeles,Duplex,,1,805,2008,8229,,8.51,16.14,10,6,6,935258
475,Houston,Condo,1,,1344,1992,1158,,13.28,4.75,7,6,6,1496742
49,Denver,House,4,1,1765,1965,2749,2,6.14,44.69,8,4,,1478128
345,Boston,Duplex,1,2,1268,1960,2206,,0.89,17.65,2,3,2,175850
236,Denver,Duplex,4,2,2123,2008,4242,0,10.15,14.69,,7,7,1035662
253,Houston,,3,2,3488,1995,6905,,27.39,36.74,4,1,3,494502
22,San Francisco,House,,3,3643,2006,7114,2,26.45,44.53,7,5,6,279166
314,Los Angeles,House,5,1,4475,2018,9490,0,21.76,30.93,7,10,3,454426
460,Los Angeles,,5,,1632,1975,6788,1,16.67,28.31,1,6,,864106
161,Denver,House,2,,1467,1992,4628,0,6.56,22.48,9,9,5,1502283
277,San Francisco,Townhouse,,,2337,1994,5457,,13.11,39.5,3,5,3,71340
444,New York,Duplex,5,3,2325,1967,8822,1,21.35,8.07,9,3,6,1796227
192,,,2,3,627,1957,3701,,4.75,1.15,3,7,,1893440
386,Austin,,5,1,1993,1955,9181,,1.15,18.48,1,2,8,905875
294,Miami,Apartment,2,3,3135,2018,7343,,12.87,12.11,10,6,10,99155
414,Austin,House,2,,647,1959,6667,0,4.26,26.63,2,3,4,927310
492,Los Angeles,Apartment,2,3,4475,2006,2883,0,17.75,32.76,5,8,9,1092629
344,Chicago,Condo,1,2,939,1967,8683,0,12.73,45.73,5,6,2,677750
258,Miami,Duplex,1,2,3000,2018,2441,0,27.38,13.38,7,1,,1770627
309,Chicago,House,3,3,1907,2003,2438,0,3.8,38.9,6,5,,1365482
150,San Francisco,Duplex,1,1,2078,1971,5647,1,12.64,33.8,,8,4,1507912
131,Austin,Duplex,5,3,3580,2007,6807,,26.44,30.24,9,1,,445459
152,,,3,3,1889,1970,3865,,13.2,16,3,8,8,1208451
360,San Francisco,Apartment,4,2,4947,1987,3807,,12.72,47.01,8,5,3,400035
100,Miami,,4,3,2646,1956,7316,,5.14,21.28,8,7,1,1657272
373,Houston,Duplex,1,2,2234,1964,4118,,22.61,45.33,,3,9,1991757
88,Boston,,5,3,2296,2000,2347,2,5.82,18.76,6,3,1,872563
459,Houston,Townhouse,3,3,593,2007,3367,1,13.07,3.54,5,4,2,833565
331,Miami,Condo,2,2,3678,2019,2306,,11.52,15.33,5,6,3,1042651
215,Miami,Duplex,,2,1202,1986,2997,1,18.56,33.15,3,8,6,1993498
467,Boston,,,1,3463,1982,8189,,21.54,7.84,9,3,6,966991
122,Chicago,Condo,1,1,526,1959,5377,2,16.45,5.65,5,1,7,1224440
21,Boston,Condo,5,,2555,1958,9178,2,9.21,21.35,6,2,1,1826538
72,Houston,Apartment,4,1,657,1992,6826,0,8.44,29.36,,8,1,1985442
107,Boston,House,3,1,4504,1984,2477,2,14.73,34.58,1,8,8,1098938
271,Boston,Condo,4,1,2910,1951,1441,2,12.22,15.4,,2,2,563623
436,Seattle,Apartment,,,2689,1988,3129,0,29.68,37.66,10,7,10,286823
103,Austin,House,,3,1024,2014,1404,,20.3,29.41,8,2,3,546245
